time,temperature_2m_mean,temperature_2m_max,temperature_2m_min,precipitation_sum,relative_humidity_2m_max,relative_humidity_2m_mean,wind_speed_10m_max,computed_heat_index,danger_category,day,month,year,day_of_year,week_of_year,season,enso_condition,el_nino_year,hi_gap,is_danger_day
2015-01-01 08:00:00,22.1,23.7,21.4,16.9,85.0,81.0,25.0,22.59,Normal,1,1,2015,1,1,Cool Dry,Neutral,0,0.48999999999999844,0
2015-01-02 08:00:00,23.4,25.6,22.2,0.0,82.0,74.0,33.4,23.94,Normal,2,1,2015,2,1,Cool Dry,Neutral,0,0.5400000000000027,0
2015-01-03 08:00:00,23.8,26.5,22.0,0.0,89.0,78.0,26.8,24.56,Normal,3,1,2015,3,1,Cool Dry,Neutral,0,0.759999999999998,0
2015-01-04 08:00:00,24.1,27.8,21.2,0.0,95.0,81.0,18.1,25.05,Normal,4,1,2015,4,1,Cool Dry,Neutral,0,0.9499999999999993,0
2015-01-05 08:00:00,24.6,28.2,21.6,0.1,96.0,83.0,15.3,25.62,Normal,5,1,2015,5,2,Cool Dry,Neutral,0,1.0199999999999996,0
2015-01-06 08:00:00,24.8,27.9,21.9,0.0,95.0,82.0,11.1,25.82,Normal,6,1,2015,6,2,Cool Dry,Neutral,0,1.0199999999999996,0
2015-01-07 08:00:00,24.6,27.7,22.6,0.1,85.0,75.0,16.5,25.34,Normal,7,1,2015,7,2,Cool Dry,Neutral,0,0.7399999999999984,0
2015-01-08 08:00:00,24.1,26.7,22.5,0.3,84.0,75.0,28.8,24.76,Normal,8,1,2015,8,2,Cool Dry,Neutral,0,0.6600000000000001,0
2015-01-09 08:00:00,23.2,25.8,21.3,0.2,80.0,74.0,30.6,23.66,Normal,9,1,2015,9,2,Cool Dry,Neutral,0,0.46000000000000085,0
2015-01-10 08:00:00,23.1,25.5,21.3,0.0,85.0,73.0,27.8,23.68,Normal,10,1,2015,10,2,Cool Dry,Neutral,0,0.5799999999999983,0
2015-01-11 08:00:00,23.5,25.7,22.0,0.0,84.0,75.0,26.7,24.1,Normal,11,1,2015,11,2,Cool Dry,Neutral,0,0.6000000000000014,0
2015-01-12 08:00:00,23.6,26.2,22.0,0.0,87.0,76.0,26.2,24.29,Normal,12,1,2015,12,3,Cool Dry,Neutral,0,0.6899999999999977,0
2015-01-13 08:00:00,24.1,27.2,21.8,0.0,94.0,79.0,18.8,25.02,Normal,13,1,2015,13,3,Cool Dry,Neutral,0,0.9199999999999982,0
2015-01-14 08:00:00,24.2,27.5,21.3,0.2,96.0,82.0,10.7,25.18,Normal,14,1,2015,14,3,Cool Dry,Neutral,0,0.9800000000000004,0
2015-01-15 08:00:00,24.5,27.7,22.0,0.1,89.0,78.0,16.1,25.33,Normal,15,1,2015,15,3,Cool Dry,Neutral,0,0.8299999999999983,0
2015-01-16 08:00:00,24.2,27.6,21.7,0.0,82.0,75.0,21.3,24.82,Normal,16,1,2015,16,3,Cool Dry,Neutral,0,0.620000000000001,0
2015-01-17 08:00:00,23.4,26.0,21.3,1.8,79.0,70.0,21.5,23.86,Normal,17,1,2015,17,3,Cool Dry,Neutral,0,0.46000000000000085,0
2015-01-18 08:00:00,21.7,23.1,21.0,42.0,92.0,86.0,18.1,22.33,Normal,18,1,2015,18,3,Cool Dry,Neutral,0,0.629999999999999,0
2015-01-19 08:00:00,24.7,27.7,22.3,0.0,94.0,84.0,8.2,25.68,Normal,19,1,2015,19,4,Cool Dry,Neutral,0,0.9800000000000004,0
2015-01-20 08:00:00,24.9,28.2,21.9,0.0,97.0,83.0,7.0,25.98,Normal,20,1,2015,20,4,Cool Dry,Neutral,0,1.0800000000000018,0
2015-01-21 08:00:00,25.0,27.9,22.6,0.0,96.0,85.0,11.2,26.06,Normal,21,1,2015,21,4,Cool Dry,Neutral,0,1.0599999999999987,0
2015-01-22 08:00:00,24.5,27.2,22.7,0.0,88.0,80.0,12.3,25.3,Normal,22,1,2015,22,4,Cool Dry,Neutral,0,0.8000000000000007,0
2015-01-23 08:00:00,23.2,25.5,21.8,0.0,79.0,73.0,27.2,23.64,Normal,23,1,2015,23,4,Cool Dry,Neutral,0,0.4400000000000013,0
2015-01-24 08:00:00,23.4,25.2,22.4,0.0,77.0,70.0,27.0,23.81,Normal,24,1,2015,24,4,Cool Dry,Neutral,0,0.41000000000000014,0
2015-01-25 08:00:00,23.8,27.4,20.9,0.0,91.0,75.0,21.3,24.61,Normal,25,1,2015,25,4,Cool Dry,Neutral,0,0.8099999999999987,0
2015-01-26 08:00:00,23.5,27.8,19.8,0.0,95.0,79.0,18.4,24.39,Normal,26,1,2015,26,5,Cool Dry,Neutral,0,0.8900000000000006,0
2015-01-27 08:00:00,24.3,28.2,21.0,0.0,93.0,77.0,12.5,25.21,Normal,27,1,2015,27,5,Cool Dry,Neutral,0,0.9100000000000001,0
2015-01-28 08:00:00,24.7,28.5,21.5,0.0,95.0,80.0,13.4,25.71,Normal,28,1,2015,28,5,Cool Dry,Neutral,0,1.0100000000000016,0
2015-01-29 08:00:00,24.7,28.1,21.7,0.0,93.0,80.0,17.0,25.65,Normal,29,1,2015,29,5,Cool Dry,Neutral,0,0.9499999999999993,0
2015-01-30 08:00:00,24.6,27.7,22.7,0.0,84.0,75.0,16.7,25.31,Normal,30,1,2015,30,5,Cool Dry,Neutral,0,0.7099999999999973,0
2015-01-31 08:00:00,24.3,27.1,22.3,0.0,77.0,67.0,28.4,24.8,Normal,31,1,2015,31,5,Cool Dry,Neutral,0,0.5,0
2015-02-01 08:00:00,23.7,26.3,21.8,0.0,77.0,72.0,30.6,24.14,Normal,1,2,2015,32,5,Cool Dry,Neutral,0,0.4400000000000013,0
2015-02-02 08:00:00,23.5,26.3,21.5,0.0,79.0,68.0,32.7,23.97,Normal,2,2,2015,33,6,Cool Dry,Neutral,0,0.46999999999999886,0
2015-02-03 08:00:00,22.8,26.2,19.7,0.0,90.0,71.0,25.6,23.49,Normal,3,2,2015,34,6,Cool Dry,Neutral,0,0.6899999999999977,0
2015-02-04 08:00:00,23.2,26.7,20.3,0.0,93.0,76.0,18.2,24.0,Normal,4,2,2015,35,6,Cool Dry,Neutral,0,0.8000000000000007,0
2015-02-05 08:00:00,23.8,27.7,20.3,0.0,93.0,74.0,14.2,24.66,Normal,5,2,2015,36,6,Cool Dry,Neutral,0,0.8599999999999994,0
2015-02-06 08:00:00,23.6,27.2,20.3,0.0,94.0,76.0,15.3,24.47,Normal,6,2,2015,37,6,Cool Dry,Neutral,0,0.8699999999999974,0
2015-02-07 08:00:00,24.3,28.0,20.8,0.2,96.0,78.0,10.4,25.29,Normal,7,2,2015,38,6,Cool Dry,Neutral,0,0.9899999999999984,0
2015-02-08 08:00:00,24.7,28.9,21.3,0.0,92.0,76.0,9.4,25.63,Normal,8,2,2015,39,6,Cool Dry,Neutral,0,0.9299999999999997,0
2015-02-09 08:00:00,24.7,28.5,22.2,0.0,81.0,69.0,16.8,25.34,Normal,9,2,2015,40,7,Cool Dry,Neutral,0,0.6400000000000006,0
2015-02-10 08:00:00,23.9,27.5,20.8,0.0,91.0,74.0,22.4,24.72,Normal,10,2,2015,41,7,Cool Dry,Neutral,0,0.8200000000000003,0
2015-02-11 08:00:00,24.2,27.5,21.3,0.5,94.0,78.0,15.4,25.13,Normal,11,2,2015,42,7,Cool Dry,Neutral,0,0.9299999999999997,0
2015-02-12 08:00:00,25.4,28.6,23.2,0.1,86.0,75.0,9.4,26.24,Normal,12,2,2015,43,7,Cool Dry,Neutral,0,0.8399999999999999,0
2015-02-13 08:00:00,25.2,27.7,23.5,0.6,84.0,74.0,18.6,25.97,Normal,13,2,2015,44,7,Cool Dry,Neutral,0,0.7699999999999996,0
2015-02-14 08:00:00,24.5,26.6,23.4,6.0,90.0,84.0,21.8,25.36,Normal,14,2,2015,45,7,Cool Dry,Neutral,0,0.8599999999999994,0
2015-02-15 08:00:00,25.1,27.6,23.1,1.6,92.0,81.0,15.0,26.07,Normal,15,2,2015,46,7,Cool Dry,Neutral,0,0.9699999999999989,0
2015-02-16 08:00:00,25.2,28.8,22.1,0.0,93.0,79.0,14.8,26.2,Normal,16,2,2015,47,8,Cool Dry,Neutral,0,1.0,0
2015-02-17 08:00:00,25.5,29.2,23.2,0.0,87.0,73.0,15.7,26.38,Normal,17,2,2015,48,8,Cool Dry,Neutral,0,0.879999999999999,0
2015-02-18 08:00:00,25.2,28.4,22.4,0.0,88.0,72.0,20.5,26.07,Normal,18,2,2015,49,8,Cool Dry,Neutral,0,0.870000000000001,0
2015-02-19 08:00:00,24.8,27.4,23.1,0.0,82.0,74.0,21.7,25.48,Normal,19,2,2015,50,8,Cool Dry,Neutral,0,0.6799999999999997,0
2015-02-20 08:00:00,24.3,27.2,22.5,0.0,81.0,71.0,29.4,24.9,Normal,20,2,2015,51,8,Cool Dry,Neutral,0,0.5999999999999979,0
2015-02-21 08:00:00,24.5,27.6,21.9,0.0,85.0,71.0,22.4,25.23,Normal,21,2,2015,52,8,Cool Dry,Neutral,0,0.7300000000000004,0
2015-02-22 08:00:00,24.2,28.4,20.0,0.0,92.0,71.0,20.2,25.08,Normal,22,2,2015,53,8,Cool Dry,Neutral,0,0.879999999999999,0
2015-02-23 08:00:00,24.6,29.0,20.6,0.0,94.0,71.0,21.3,25.57,Normal,23,2,2015,54,9,Cool Dry,Neutral,0,0.9699999999999989,0
2015-02-24 08:00:00,25.3,29.0,21.9,0.0,95.0,75.0,16.0,26.37,Normal,24,2,2015,55,9,Cool Dry,Neutral,0,1.0700000000000003,0
2015-02-25 08:00:00,26.1,30.5,22.7,0.0,93.0,74.0,18.7,28.43,Caution,25,2,2015,56,9,Cool Dry,Neutral,0,2.3299999999999983,0
2015-02-26 08:00:00,26.4,30.2,23.3,0.0,92.0,73.0,19.2,29.21,Caution,26,2,2015,57,9,Cool Dry,Neutral,0,2.8100000000000023,0
2015-02-27 08:00:00,26.2,30.4,22.7,0.0,90.0,71.0,23.1,28.55,Caution,27,2,2015,58,9,Cool Dry,Neutral,0,2.3500000000000014,0
2015-02-28 08:00:00,25.9,30.4,22.0,0.0,94.0,73.0,25.1,27.91,Caution,28,2,2015,59,9,Cool Dry,Neutral,0,2.0100000000000016,0
2015-03-01 08:00:00,25.8,30.2,21.6,0.0,90.0,69.0,16.2,27.54,Caution,1,3,2015,60,9,Dry,Neutral,0,1.7399999999999984,0
2015-03-02 08:00:00,25.5,29.5,22.1,0.0,88.0,67.0,23.4,26.4,Normal,2,3,2015,61,10,Dry,Neutral,0,0.8999999999999986,0
2015-03-03 08:00:00,25.6,30.2,22.35,0.0,91.0,67.0,16.5,26.59,Normal,3,3,2015,62,10,Dry,Neutral,0,0.9899999999999984,0
2015-03-04 08:00:00,26.6,31.5,22.6,0.0,93.0,70.0,13.8,29.85,Caution,4,3,2015,63,10,Dry,Neutral,0,3.25,0
2015-03-05 08:00:00,26.0,29.8,22.6,0.0,92.0,73.0,20.0,28.11,Caution,5,3,2015,64,10,Dry,Neutral,0,2.1099999999999994,0
2015-03-06 08:00:00,26.6,31.2,23.6,0.0,85.0,68.0,16.8,29.24,Caution,6,3,2015,65,10,Dry,Neutral,0,2.639999999999997,0
2015-03-07 08:00:00,26.4,30.9,22.7,0.0,90.0,72.0,21.2,29.08,Caution,7,3,2015,66,10,Dry,Neutral,0,2.6799999999999997,0
2015-03-08 08:00:00,25.2,30.0,20.6,0.0,91.0,67.0,23.1,26.15,Normal,8,3,2015,67,10,Dry,Neutral,0,0.9499999999999993,0
2015-03-09 08:00:00,25.5,30.7,21.2,0.0,89.0,66.0,14.6,26.43,Normal,9,3,2015,68,11,Dry,Neutral,0,0.9299999999999997,0
2015-03-10 08:00:00,25.7,29.2,23.2,0.0,83.0,64.0,25.3,26.49,Normal,10,3,2015,69,11,Dry,Neutral,0,0.7899999999999991,0
2015-03-11 08:00:00,25.3,28.2,23.5,0.0,86.0,73.0,23.2,26.13,Normal,11,3,2015,70,11,Dry,Neutral,0,0.8299999999999983,0
2015-03-12 08:00:00,25.7,29.0,23.4,0.0,86.0,73.0,16.6,26.57,Normal,12,3,2015,71,11,Dry,Neutral,0,0.870000000000001,0
2015-03-13 08:00:00,26.0,29.5,23.1,0.0,86.0,71.0,20.0,27.89,Caution,13,3,2015,72,11,Dry,Neutral,0,1.8900000000000006,0
2015-03-14 08:00:00,26.3,30.4,23.6,0.0,85.0,71.0,21.6,28.53,Caution,14,3,2015,73,11,Dry,Neutral,0,2.2300000000000004,0
2015-03-15 08:00:00,26.2,30.5,22.5,0.0,91.0,71.0,20.2,28.6,Caution,15,3,2015,74,11,Dry,Neutral,0,2.400000000000002,0
2015-03-16 08:00:00,25.5,29.7,21.3,0.0,89.0,70.0,18.1,26.43,Normal,16,3,2015,75,12,Dry,Neutral,0,0.9299999999999997,0
2015-03-17 08:00:00,25.2,30.0,20.4,0.0,91.0,65.0,16.9,26.15,Normal,17,3,2015,76,12,Dry,Neutral,0,0.9499999999999993,0
2015-03-18 08:00:00,26.1,30.5,21.4,0.0,89.0,64.0,10.2,28.25,Caution,18,3,2015,77,12,Dry,Neutral,0,2.1499999999999986,0
2015-03-19 08:00:00,26.8,31.7,22.2,0.0,89.0,62.0,13.0,30.38,Caution,19,3,2015,78,12,Dry,Neutral,0,3.5799999999999983,0
2015-03-20 08:00:00,27.1,30.4,24.8,0.0,84.0,67.0,9.7,30.37,Caution,20,3,2015,79,12,Dry,Neutral,0,3.2699999999999996,0
2015-03-21 08:00:00,27.2,30.2,25.3,4.2,92.0,78.0,9.9,32.02,Caution,21,3,2015,80,12,Dry,Neutral,0,4.820000000000004,0
2015-03-22 08:00:00,27.1,30.0,25.0,0.2,86.0,75.0,16.6,30.65,Caution,22,3,2015,81,12,Dry,Neutral,0,3.549999999999997,0
2015-03-23 08:00:00,26.4,29.1,24.1,0.0,88.0,76.0,19.4,28.95,Caution,23,3,2015,82,13,Dry,Neutral,0,2.5500000000000007,0
2015-03-24 08:00:00,26.7,29.6,24.4,0.0,82.0,70.0,20.5,29.24,Caution,24,3,2015,83,13,Dry,Neutral,0,2.539999999999999,0
2015-03-25 08:00:00,26.6,29.7,24.4,0.0,82.0,71.0,26.4,29.02,Caution,25,3,2015,84,13,Dry,Neutral,0,2.419999999999998,0
2015-03-26 08:00:00,26.7,29.8,24.5,0.2,83.0,72.0,26.1,29.32,Caution,26,3,2015,85,13,Dry,Neutral,0,2.620000000000001,0
2015-03-27 08:00:00,26.9,30.5,24.1,0.0,85.0,70.0,26.4,29.97,Caution,27,3,2015,86,13,Dry,Neutral,0,3.0700000000000003,0
2015-03-28 08:00:00,26.9,30.9,23.7,0.0,89.0,70.0,19.9,30.65,Caution,28,3,2015,87,13,Dry,Neutral,0,3.75,0
2015-03-29 08:00:00,27.3,31.9,23.6,0.0,89.0,69.0,21.7,31.74,Caution,29,3,2015,88,13,Dry,Neutral,0,4.439999999999998,0
2015-03-30 08:00:00,27.4,31.7,24.2,0.0,86.0,68.0,24.8,31.45,Caution,30,3,2015,89,14,Dry,Neutral,0,4.050000000000001,0
2015-03-31 08:00:00,28.2,32.7,25.0,0.0,89.0,70.0,20.9,34.39,Extreme Caution,31,3,2015,90,14,Dry,Neutral,0,6.190000000000001,0
2015-04-01 08:00:00,28.0,32.5,24.8,0.0,88.0,73.0,21.7,33.55,Extreme Caution,1,4,2015,91,14,Dry,Neutral,0,5.549999999999997,0
2015-04-02 08:00:00,27.7,33.1,22.9,0.0,93.0,68.0,17.0,33.74,Extreme Caution,2,4,2015,92,14,Dry,Neutral,0,6.040000000000003,0
2015-04-03 08:00:00,27.8,32.9,23.3,0.0,87.0,64.0,16.7,32.76,Caution,3,4,2015,93,14,Dry,Neutral,0,4.959999999999997,0
2015-04-04 08:00:00,29.1,33.6,26.4,0.0,85.0,66.0,18.7,36.18,Extreme Caution,4,4,2015,94,14,Dry,Neutral,0,7.079999999999998,0
2015-04-05 08:00:00,27.6,30.2,25.3,3.3,90.0,76.0,15.1,32.8,Caution,5,4,2015,95,14,Dry,Neutral,0,5.199999999999996,0
2015-04-06 08:00:00,28.5,32.7,25.2,0.0,87.0,69.0,15.5,34.83,Extreme Caution,6,4,2015,96,15,Dry,Neutral,0,6.329999999999998,0
2015-04-07 08:00:00,27.2,31.5,23.5,0.0,87.0,67.0,22.7,31.1,Caution,7,4,2015,97,15,Dry,Neutral,0,3.900000000000002,0
2015-04-08 08:00:00,27.5,31.8,24.5,0.0,83.0,66.0,19.9,31.26,Caution,8,4,2015,98,15,Dry,Neutral,0,3.7600000000000016,0
2015-04-09 08:00:00,27.0,31.2,23.1,0.0,88.0,67.0,21.1,30.74,Caution,9,4,2015,99,15,Dry,Neutral,0,3.7399999999999984,0
2015-04-10 08:00:00,27.3,31.2,23.8,0.0,87.0,68.0,18.6,31.36,Caution,10,4,2015,100,15,Dry,Neutral,0,4.059999999999999,0
2015-04-11 08:00:00,27.3,31.7,23.1,0.0,90.0,68.0,18.7,31.93,Caution,11,4,2015,101,15,Dry,Neutral,0,4.629999999999999,0
2015-04-12 08:00:00,28.0,31.9,23.9,0.0,92.0,68.0,14.7,34.46,Extreme Caution,12,4,2015,102,15,Dry,Neutral,0,6.460000000000001,0
2015-04-13 08:00:00,28.5,32.3,25.1,0.0,84.0,65.0,8.5,34.15,Extreme Caution,13,4,2015,103,16,Dry,Neutral,0,5.649999999999999,0
2015-04-14 08:00:00,27.7,31.4,25.0,0.0,76.0,66.0,19.8,30.83,Caution,14,4,2015,104,16,Dry,Neutral,0,3.129999999999999,0
2015-04-15 08:00:00,27.7,30.9,25.5,0.0,83.0,69.0,23.6,31.78,Caution,15,4,2015,105,16,Dry,Neutral,0,4.080000000000002,0
2015-04-16 08:00:00,28.6,33.0,25.4,0.1,87.0,71.0,13.8,35.14,Extreme Caution,16,4,2015,106,16,Dry,Neutral,0,6.539999999999999,0
2015-04-17 08:00:00,28.6,32.9,25.8,0.1,85.0,69.0,17.7,34.64,Extreme Caution,17,4,2015,107,16,Dry,Neutral,0,6.039999999999999,0
2015-04-18 08:00:00,28.8,33.3,25.4,0.3,92.0,71.0,23.6,37.11,Extreme Caution,18,4,2015,108,16,Dry,Neutral,0,8.309999999999999,0
2015-04-19 08:00:00,29.4,33.8,26.1,1.4,91.0,72.0,11.4,38.92,Extreme Caution,19,4,2015,109,16,Dry,Neutral,0,9.520000000000003,0
2015-04-20 08:00:00,29.6,33.1,26.5,0.7,86.0,70.0,10.4,38.09,Extreme Caution,20,4,2015,110,17,Dry,Neutral,0,8.490000000000002,0
2015-04-21 08:00:00,28.7,32.6,26.0,1.9,88.0,75.0,14.8,35.71,Extreme Caution,21,4,2015,111,17,Dry,Neutral,0,7.010000000000002,0
2015-04-22 08:00:00,28.6,32.5,25.9,0.1,82.0,68.0,21.2,34.04,Extreme Caution,22,4,2015,112,17,Dry,Neutral,0,5.439999999999998,0
2015-04-23 08:00:00,28.1,32.0,25.2,0.0,85.0,68.0,23.0,33.18,Extreme Caution,23,4,2015,113,17,Dry,Neutral,0,5.079999999999998,0
2015-04-24 08:00:00,28.4,32.5,25.4,0.1,84.0,68.0,18.4,33.86,Extreme Caution,24,4,2015,114,17,Dry,Neutral,0,5.460000000000001,0
2015-04-25 08:00:00,28.6,33.1,25.5,0.0,83.0,66.0,20.0,34.24,Extreme Caution,25,4,2015,115,17,Dry,Neutral,0,5.640000000000001,0
2015-04-26 08:00:00,28.5,33.1,24.6,0.0,91.0,68.0,18.9,35.83,Extreme Caution,26,4,2015,116,17,Dry,Neutral,0,7.329999999999998,0
2015-04-27 08:00:00,28.9,33.0,25.6,0.0,86.0,68.0,17.3,35.82,Extreme Caution,27,4,2015,117,18,Dry,Neutral,0,6.920000000000002,0
2015-04-28 08:00:00,29.7,33.9,25.8,0.0,87.0,62.0,10.0,38.74,Extreme Caution,28,4,2015,118,18,Dry,Neutral,0,9.040000000000003,0
2015-04-29 08:00:00,29.7,34.0,25.4,0.0,89.0,65.0,9.4,39.36,Extreme Caution,29,4,2015,119,18,Dry,Neutral,0,9.66,0
2015-04-30 08:00:00,29.9,34.7,26.2,0.0,84.0,63.0,8.7,38.5,Extreme Caution,30,4,2015,120,18,Dry,Neutral,0,8.600000000000001,0
2015-05-01 08:00:00,30.1,34.7,26.0,0.0,83.0,60.0,14.0,38.87,Extreme Caution,1,5,2015,121,18,Dry,Neutral,0,8.769999999999996,0
2015-05-02 08:00:00,29.6,33.6,26.2,0.7,89.0,69.0,12.3,39.01,Extreme Caution,2,5,2015,122,18,Dry,Neutral,0,9.409999999999997,0
2015-05-03 08:00:00,28.6,31.4,26.1,2.9,90.0,75.0,9.5,35.9,Extreme Caution,3,5,2015,123,18,Dry,Neutral,0,7.299999999999997,0
2015-05-04 08:00:00,28.3,32.6,25.4,7.6,93.0,78.0,10.2,35.68,Extreme Caution,4,5,2015,124,19,Dry,Neutral,0,7.379999999999999,0
2015-05-05 08:00:00,29.1,32.7,26.2,0.6,90.0,72.0,6.8,37.57,Extreme Caution,5,5,2015,125,19,Dry,Neutral,0,8.469999999999999,0
2015-05-06 08:00:00,29.0,33.0,26.0,0.7,90.0,73.0,9.6,37.23,Extreme Caution,6,5,2015,126,19,Dry,Neutral,0,8.229999999999997,0
2015-05-07 08:00:00,28.6,32.2,25.8,4.3,91.0,76.0,7.3,36.16,Extreme Caution,7,5,2015,127,19,Dry,Neutral,0,7.559999999999995,0
2015-05-08 08:00:00,29.0,32.5,25.3,0.4,93.0,73.0,9.2,38.09,Extreme Caution,8,5,2015,128,19,Dry,Neutral,0,9.090000000000003,0
2015-05-09 08:00:00,28.9,32.5,26.6,1.2,85.0,74.0,16.9,35.56,Extreme Caution,9,5,2015,129,19,Dry,Neutral,0,6.660000000000004,0
2015-05-10 08:00:00,28.4,30.8,26.6,0.0,87.0,76.0,22.9,34.52,Extreme Caution,10,5,2015,130,19,Dry,Neutral,0,6.1200000000000045,0
2015-05-11 08:00:00,29.0,31.9,26.1,0.6,90.0,75.0,13.7,37.23,Extreme Caution,11,5,2015,131,20,Dry,Neutral,0,8.229999999999997,0
2015-05-12 08:00:00,29.3,33.0,26.7,0.1,85.0,72.0,10.8,36.82,Extreme Caution,12,5,2015,132,20,Dry,Neutral,0,7.52,0
2015-05-13 08:00:00,29.2,33.3,26.2,0.0,85.0,68.0,19.5,36.5,Extreme Caution,13,5,2015,133,20,Dry,Neutral,0,7.300000000000001,0
2015-05-14 08:00:00,29.1,32.6,26.0,0.0,85.0,68.0,19.1,36.18,Extreme Caution,14,5,2015,134,20,Dry,Neutral,0,7.079999999999998,0
2015-05-15 08:00:00,29.0,32.6,25.8,0.0,88.0,70.0,16.7,36.68,Extreme Caution,15,5,2015,135,20,Dry,Neutral,0,7.68,0
2015-05-16 08:00:00,29.6,33.6,25.4,0.0,85.0,64.0,9.8,37.8,Extreme Caution,16,5,2015,136,20,Dry,Neutral,0,8.199999999999996,0
2015-05-17 08:00:00,29.2,33.4,25.2,0.0,88.0,64.0,12.6,37.34,Extreme Caution,17,5,2015,137,20,Dry,Neutral,0,8.140000000000004,0
2015-05-18 08:00:00,29.7,33.8,26.6,0.2,82.0,62.0,15.6,37.29,Extreme Caution,18,5,2015,138,21,Dry,Neutral,0,7.59,0
2015-05-19 08:00:00,29.3,33.1,25.7,0.0,90.0,68.0,17.4,38.26,Extreme Caution,19,5,2015,139,21,Dry,Neutral,0,8.959999999999997,0
2015-05-20 08:00:00,29.3,32.4,26.2,0.1,91.0,73.0,16.1,38.56,Extreme Caution,20,5,2015,140,21,Dry,Neutral,0,9.260000000000002,0
2015-05-21 08:00:00,28.9,33.0,25.9,1.6,89.0,74.0,11.6,36.62,Extreme Caution,21,5,2015,141,21,Dry,Neutral,0,7.719999999999999,0
2015-05-22 08:00:00,29.4,33.1,26.3,0.5,89.0,72.0,10.8,38.31,Extreme Caution,22,5,2015,142,21,Dry,Neutral,0,8.910000000000004,0
2015-05-23 08:00:00,28.8,32.4,26.3,1.4,90.0,76.0,12.3,36.56,Extreme Caution,23,5,2015,143,21,Dry,Neutral,0,7.760000000000002,0
2015-05-24 08:00:00,28.9,32.9,26.0,0.7,91.0,75.0,15.8,37.17,Extreme Caution,24,5,2015,144,21,Dry,Neutral,0,8.270000000000003,0
2015-05-25 08:00:00,29.0,33.1,26.1,2.5,91.0,75.0,15.7,37.51,Extreme Caution,25,5,2015,145,22,Dry,Neutral,0,8.509999999999998,0
2015-05-26 08:00:00,28.7,31.8,26.3,1.5,88.0,76.0,13.3,35.71,Extreme Caution,26,5,2015,146,22,Dry,Neutral,0,7.010000000000002,0
2015-05-27 08:00:00,28.8,32.3,26.2,1.3,90.0,75.0,13.6,36.56,Extreme Caution,27,5,2015,147,22,Dry,Neutral,0,7.760000000000002,0
2015-05-28 08:00:00,29.4,32.3,27.3,0.5,86.0,73.0,15.0,37.43,Extreme Caution,28,5,2015,148,22,Dry,Neutral,0,8.030000000000001,0
2015-05-29 08:00:00,29.4,32.8,27.5,2.6,84.0,73.0,13.0,36.88,Extreme Caution,29,5,2015,149,22,Dry,Neutral,0,7.480000000000004,0
2015-05-30 08:00:00,28.9,32.3,26.1,1.4,90.0,76.0,14.1,36.89,Extreme Caution,30,5,2015,150,22,Dry,Neutral,0,7.990000000000002,0
2015-05-31 08:00:00,29.4,32.9,26.7,0.0,87.0,73.0,9.0,37.72,Extreme Caution,31,5,2015,151,22,Dry,Neutral,0,8.32,0
2015-06-01 08:00:00,30.0,34.1,26.9,0.0,86.0,67.0,13.5,39.46,Extreme Caution,1,6,2015,152,23,Wet,Neutral,0,9.46,0
2015-06-02 08:00:00,29.8,33.4,26.5,0.0,88.0,69.0,16.9,39.4,Extreme Caution,2,6,2015,153,23,Wet,Neutral,0,9.599999999999998,0
2015-06-03 08:00:00,29.2,33.5,25.9,0.4,91.0,71.0,7.7,38.21,Extreme Caution,3,6,2015,154,23,Wet,Neutral,0,9.010000000000002,0
2015-06-04 08:00:00,29.4,33.2,26.0,0.3,89.0,71.0,9.8,38.31,Extreme Caution,4,6,2015,155,23,Wet,Neutral,0,8.910000000000004,0
2015-06-05 08:00:00,29.1,32.1,26.4,1.2,86.0,72.0,14.4,36.45,Extreme Caution,5,6,2015,156,23,Wet,Neutral,0,7.350000000000001,0
2015-06-06 08:00:00,29.4,33.1,26.3,1.0,90.0,71.0,13.1,38.61,Extreme Caution,6,6,2015,157,23,Wet,Neutral,0,9.21,0
2015-06-07 08:00:00,29.7,33.9,26.3,1.2,89.0,71.0,9.4,39.36,Extreme Caution,7,6,2015,158,23,Wet,Neutral,0,9.66,0
2015-06-08 08:00:00,29.2,33.4,26.5,1.7,91.0,75.0,8.2,38.21,Extreme Caution,8,6,2015,159,24,Wet,Neutral,0,9.010000000000002,0
2015-06-09 08:00:00,28.7,32.3,26.1,1.7,91.0,77.0,8.2,36.5,Extreme Caution,9,6,2015,160,24,Wet,Neutral,0,7.800000000000001,0
2015-06-10 08:00:00,29.2,32.6,26.1,4.9,88.0,73.0,8.7,37.34,Extreme Caution,10,6,2015,161,24,Wet,Neutral,0,8.140000000000004,0
2015-06-11 08:00:00,28.9,31.2,26.9,1.0,89.0,77.0,8.6,36.62,Extreme Caution,11,6,2015,162,24,Wet,Neutral,0,7.719999999999999,0
2015-06-12 08:00:00,29.6,33.2,26.9,0.4,85.0,72.0,13.7,37.8,Extreme Caution,12,6,2015,163,24,Wet,Neutral,0,8.199999999999996,0
2015-06-13 08:00:00,29.3,32.4,26.7,0.3,88.0,72.0,13.5,37.67,Extreme Caution,13,6,2015,164,24,Wet,Neutral,0,8.370000000000001,0
2015-06-14 08:00:00,29.6,32.9,26.9,0.0,85.0,69.0,14.8,37.8,Extreme Caution,14,6,2015,165,24,Wet,Neutral,0,8.199999999999996,0
2015-06-15 08:00:00,29.6,33.4,26.6,1.0,84.0,69.0,17.6,37.52,Extreme Caution,15,6,2015,166,25,Wet,Neutral,0,7.920000000000002,0
2015-06-16 08:00:00,28.8,32.6,26.1,2.0,88.0,74.0,15.5,36.03,Extreme Caution,16,6,2015,167,25,Wet,Neutral,0,7.23,0
2015-06-17 08:00:00,27.9,32.1,25.5,9.8,92.0,79.0,8.2,34.14,Extreme Caution,17,6,2015,168,25,Wet,Neutral,0,6.240000000000002,0
2015-06-18 08:00:00,27.8,31.1,25.8,6.5,92.0,81.0,10.9,33.83,Extreme Caution,18,6,2015,169,25,Wet,Neutral,0,6.029999999999998,0
2015-06-19 08:00:00,27.5,30.7,25.7,3.4,90.0,82.0,11.2,32.51,Caution,19,6,2015,170,25,Wet,Neutral,0,5.009999999999998,0
2015-06-20 08:00:00,26.9,29.3,25.4,12.5,93.0,86.0,13.4,31.33,Caution,20,6,2015,171,25,Wet,Neutral,0,4.43,0
2015-06-21 08:00:00,26.7,28.1,25.7,8.2,92.0,87.0,14.0,30.6,Caution,21,6,2015,172,25,Wet,Neutral,0,3.900000000000002,0
2015-06-22 08:00:00,27.6,30.4,25.8,1.5,91.0,82.0,17.4,33.01,Extreme Caution,22,6,2015,173,26,Wet,Neutral,0,5.409999999999997,0
2015-06-23 08:00:00,27.6,30.1,25.7,5.1,90.0,81.0,13.5,32.8,Caution,23,6,2015,174,26,Wet,Neutral,0,5.199999999999996,0
2015-06-24 08:00:00,27.7,31.2,25.2,8.8,92.0,82.0,13.0,33.52,Extreme Caution,24,6,2015,175,26,Wet,Neutral,0,5.820000000000004,0
2015-06-25 08:00:00,27.9,30.6,25.7,0.6,93.0,82.0,14.8,34.37,Extreme Caution,25,6,2015,176,26,Wet,Neutral,0,6.469999999999999,0
2015-06-26 08:00:00,27.6,30.4,24.8,2.0,94.0,82.0,13.7,33.64,Extreme Caution,26,6,2015,177,26,Wet,Neutral,0,6.039999999999999,0
2015-06-27 08:00:00,28.1,31.0,25.9,2.8,90.0,78.0,10.4,34.31,Extreme Caution,27,6,2015,178,26,Wet,Neutral,0,6.210000000000001,0
2015-06-28 08:00:00,28.2,30.9,25.5,1.9,94.0,80.0,14.4,35.59,Extreme Caution,28,6,2015,179,26,Wet,Neutral,0,7.390000000000004,0
2015-06-29 08:00:00,27.6,30.3,25.3,5.7,93.0,82.0,13.7,33.43,Extreme Caution,29,6,2015,180,27,Wet,Neutral,0,5.829999999999998,0
2015-06-30 08:00:00,27.7,30.8,25.2,2.6,94.0,81.0,14.1,33.96,Extreme Caution,30,6,2015,181,27,Wet,Neutral,0,6.260000000000002,0
2015-07-01 08:00:00,27.5,30.7,25.4,2.0,91.0,82.0,16.0,32.71,Caution,1,7,2015,182,27,Wet,Neutral,0,5.210000000000001,0
2015-07-02 08:00:00,27.3,29.9,25.4,2.3,91.0,82.0,19.8,32.12,Caution,2,7,2015,183,27,Wet,Neutral,0,4.819999999999997,0
2015-07-03 08:00:00,27.6,29.9,25.5,4.8,93.0,82.0,18.8,33.43,Extreme Caution,3,7,2015,184,27,Wet,Neutral,0,5.829999999999998,0
2015-07-04 08:00:00,26.8,29.1,25.6,10.4,93.0,88.0,24.4,31.05,Caution,4,7,2015,185,27,Wet,Neutral,0,4.25,0
2015-07-05 08:00:00,25.8,26.7,24.9,26.0,93.0,91.0,25.0,27.61,Caution,5,7,2015,186,27,Wet,Neutral,0,1.8099999999999987,0
2015-07-06 08:00:00,26.2,27.1,25.5,9.9,93.0,88.0,30.3,28.71,Caution,6,7,2015,187,28,Wet,Neutral,0,2.5100000000000016,0
2015-07-07 08:00:00,26.7,29.1,25.4,6.0,93.0,87.0,28.3,30.77,Caution,7,7,2015,188,28,Wet,Neutral,0,4.07,0
2015-07-08 08:00:00,26.4,28.8,25.3,11.8,94.0,88.0,28.5,29.34,Caution,8,7,2015,189,28,Wet,Neutral,0,2.9400000000000013,0
2015-07-09 08:00:00,25.7,26.7,25.2,37.3,93.0,91.0,27.9,27.34,Caution,9,7,2015,190,28,Wet,Neutral,0,1.6400000000000006,0
2015-07-10 08:00:00,25.5,26.6,24.7,24.7,92.0,90.0,35.9,26.51,Normal,10,7,2015,191,28,Wet,Neutral,0,1.0100000000000016,0
2015-07-11 08:00:00,26.0,27.5,25.0,7.9,92.0,87.0,33.1,28.11,Caution,11,7,2015,192,28,Wet,Neutral,0,2.1099999999999994,0
2015-07-12 08:00:00,26.6,28.5,25.2,5.7,93.0,87.0,25.8,29.85,Caution,12,7,2015,193,28,Wet,Neutral,0,3.25,0
2015-07-13 08:00:00,27.0,29.3,25.3,1.0,94.0,84.0,22.4,31.8,Caution,13,7,2015,194,29,Wet,Neutral,0,4.800000000000001,0
2015-07-14 08:00:00,27.4,29.3,26.4,1.5,89.0,84.0,24.2,32.02,Caution,14,7,2015,195,29,Wet,Neutral,0,4.6200000000000045,0
2015-07-15 08:00:00,27.2,29.2,25.5,2.5,93.0,84.0,25.8,32.21,Caution,15,7,2015,196,29,Wet,Neutral,0,5.010000000000002,0
2015-07-16 08:00:00,26.4,28.0,25.4,6.4,93.0,88.0,23.3,29.27,Caution,16,7,2015,197,29,Wet,Neutral,0,2.870000000000001,0
2015-07-17 08:00:00,26.3,28.2,25.1,8.6,94.0,89.0,28.3,29.05,Caution,17,7,2015,198,29,Wet,Neutral,0,2.75,0
2015-07-18 08:00:00,27.1,29.0,25.1,1.5,93.0,79.0,20.6,31.92,Caution,18,7,2015,199,29,Wet,Neutral,0,4.82,0
2015-07-19 08:00:00,27.7,30.9,24.8,0.0,96.0,81.0,12.4,34.4,Extreme Caution,19,7,2015,200,29,Wet,Neutral,0,6.699999999999999,0
2015-07-20 08:00:00,28.2,31.1,24.5,0.0,95.0,80.0,8.4,35.84,Extreme Caution,20,7,2015,201,30,Wet,Neutral,0,7.640000000000004,0
2015-07-21 08:00:00,28.2,31.1,25.4,0.8,92.0,77.0,7.1,35.1,Extreme Caution,21,7,2015,202,30,Wet,Neutral,0,6.900000000000002,0
2015-07-22 08:00:00,26.9,29.1,25.2,3.6,93.0,85.0,15.1,31.33,Caution,22,7,2015,203,30,Wet,Neutral,0,4.43,0
2015-07-23 08:00:00,27.4,30.1,25.5,0.5,89.0,79.0,18.8,32.02,Caution,23,7,2015,204,30,Wet,Neutral,0,4.6200000000000045,0
2015-07-24 08:00:00,26.7,29.5,25.0,4.3,94.0,85.0,17.3,30.93,Caution,24,7,2015,205,30,Wet,Neutral,0,4.23,0
2015-07-25 08:00:00,27.2,29.8,25.3,3.2,91.0,82.0,11.9,31.83,Caution,25,7,2015,206,30,Wet,Neutral,0,4.629999999999999,0
2015-07-26 08:00:00,26.7,29.9,24.3,6.1,94.0,84.0,10.1,30.93,Caution,26,7,2015,207,30,Wet,Neutral,0,4.23,0
2015-07-27 08:00:00,26.2,29.1,24.6,10.3,94.0,86.0,6.3,28.76,Caution,27,7,2015,208,31,Wet,Neutral,0,2.5600000000000023,0
2015-07-28 08:00:00,26.8,29.0,24.7,1.4,92.0,83.0,7.2,30.88,Caution,28,7,2015,209,31,Wet,Neutral,0,4.079999999999998,0
2015-07-29 08:00:00,27.5,30.1,24.6,0.3,92.0,78.0,5.0,32.91,Caution,29,7,2015,210,31,Wet,Neutral,0,5.409999999999997,0
2015-07-30 08:00:00,27.75,30.9,25.2,2.9,92.0,80.0,7.9,33.68,Extreme Caution,30,7,2015,211,31,Wet,Neutral,0,5.93,0
2015-07-31 08:00:00,28.0,31.7,24.7,0.4,89.0,76.0,11.1,33.78,Extreme Caution,31,7,2015,212,31,Wet,Neutral,0,5.780000000000001,0
2015-08-01 08:00:00,27.4,30.2,24.8,10.1,93.0,81.0,9.4,32.81,Caution,1,8,2015,213,31,Wet,Neutral,0,5.410000000000004,0
2015-08-02 08:00:00,27.3,29.7,25.3,5.0,91.0,81.0,7.2,32.12,Caution,2,8,2015,214,31,Wet,Neutral,0,4.819999999999997,0
2015-08-03 08:00:00,27.4,30.0,25.3,1.8,91.0,81.0,5.0,32.41,Caution,3,8,2015,215,32,Wet,Neutral,0,5.009999999999998,0
2015-08-04 08:00:00,27.4,30.8,24.7,2.8,93.0,81.0,6.8,32.81,Caution,4,8,2015,216,32,Wet,Neutral,0,5.410000000000004,0
2015-08-05 08:00:00,27.0,30.1,24.8,3.4,96.0,85.0,15.3,32.17,Caution,5,8,2015,217,32,Wet,Neutral,0,5.170000000000002,0
2015-08-06 08:00:00,27.0,29.6,25.6,2.7,90.0,84.0,21.4,31.09,Caution,6,8,2015,218,32,Wet,Neutral,0,4.09,0
2015-08-07 08:00:00,27.2,29.2,25.3,4.0,91.0,84.0,25.4,31.83,Caution,7,8,2015,219,32,Wet,Neutral,0,4.629999999999999,0
2015-08-08 08:00:00,26.6,28.8,25.2,3.1,92.0,85.0,25.6,29.78,Caution,8,8,2015,220,32,Wet,Neutral,0,3.1799999999999997,0
2015-08-09 08:00:00,26.6,29.0,25.0,4.7,93.0,87.0,18.0,29.85,Caution,9,8,2015,221,32,Wet,Neutral,0,3.25,0
2015-08-10 08:00:00,26.7,28.1,25.2,4.8,94.0,86.0,19.5,30.93,Caution,10,8,2015,222,33,Wet,Neutral,0,4.23,0
2015-08-11 08:00:00,27.3,30.2,25.3,7.7,96.0,86.0,12.6,33.1,Extreme Caution,11,8,2015,223,33,Wet,Neutral,0,5.800000000000001,0
2015-08-12 08:00:00,27.3,30.5,25.2,4.1,96.0,87.0,11.2,33.1,Extreme Caution,12,8,2015,224,33,Wet,Neutral,0,5.800000000000001,0
2015-08-13 08:00:00,27.1,30.8,24.7,16.8,94.0,84.0,6.2,32.1,Caution,13,8,2015,225,33,Wet,Neutral,0,5.0,0
2015-08-14 08:00:00,27.7,30.2,25.6,1.5,94.0,83.0,8.5,33.96,Extreme Caution,14,8,2015,226,33,Wet,Neutral,0,6.260000000000002,0
2015-08-15 08:00:00,27.8,31.3,25.1,2.4,94.0,81.0,9.4,34.28,Extreme Caution,15,8,2015,227,33,Wet,Neutral,0,6.48,0
2015-08-16 08:00:00,27.9,30.9,25.4,3.9,95.0,82.0,13.3,34.83,Extreme Caution,16,8,2015,228,33,Wet,Neutral,0,6.93,0
2015-08-17 08:00:00,28.3,30.9,25.9,0.7,91.0,81.0,10.8,35.18,Extreme Caution,17,8,2015,229,34,Wet,Neutral,0,6.879999999999999,0
2015-08-18 08:00:00,28.0,30.8,25.8,1.8,91.0,83.0,9.8,34.23,Extreme Caution,18,8,2015,230,34,Wet,Neutral,0,6.229999999999997,0
2015-08-19 08:00:00,28.0,30.9,25.8,5.0,90.0,80.0,23.1,34.0,Extreme Caution,19,8,2015,231,34,Wet,Neutral,0,6.0,0
2015-08-20 08:00:00,26.8,28.9,25.4,11.6,92.0,85.0,31.7,30.88,Caution,20,8,2015,232,34,Wet,Neutral,0,4.079999999999998,0
2015-08-21 08:00:00,26.0,27.7,25.2,13.8,92.0,88.0,36.3,28.11,Caution,21,8,2015,233,34,Wet,Neutral,0,2.1099999999999994,0
2015-08-22 08:00:00,25.5,26.4,25.0,22.8,94.0,92.0,34.1,26.56,Normal,22,8,2015,234,34,Wet,Neutral,0,1.0599999999999987,0
2015-08-23 08:00:00,26.0,27.5,25.1,9.6,93.0,88.0,34.9,28.15,Caution,23,8,2015,235,34,Wet,Neutral,0,2.1499999999999986,0
2015-08-24 08:00:00,26.1,28.0,24.7,5.5,94.0,88.0,21.7,28.47,Caution,24,8,2015,236,35,Wet,Neutral,0,2.3699999999999974,0
2015-08-25 08:00:00,26.9,28.9,25.8,2.6,92.0,85.0,19.2,31.16,Caution,25,8,2015,237,35,Wet,Neutral,0,4.260000000000002,0
2015-08-26 08:00:00,27.4,30.3,25.4,0.3,92.0,81.0,17.9,32.61,Caution,26,8,2015,238,35,Wet,Neutral,0,5.210000000000001,0
2015-08-27 08:00:00,27.6,30.7,25.1,0.7,94.0,82.0,11.2,33.64,Extreme Caution,27,8,2015,239,35,Wet,Neutral,0,6.039999999999999,0
2015-08-28 08:00:00,27.0,30.3,24.6,10.7,93.0,84.0,6.6,31.62,Caution,28,8,2015,240,35,Wet,Neutral,0,4.620000000000001,0
2015-08-29 08:00:00,26.9,29.8,25.2,21.1,93.0,84.0,7.9,31.33,Caution,29,8,2015,241,35,Wet,Neutral,0,4.43,0
2015-08-30 08:00:00,27.1,29.8,25.0,1.0,93.0,83.0,13.3,31.92,Caution,30,8,2015,242,35,Wet,Neutral,0,4.82,0
2015-08-31 08:00:00,26.8,28.8,25.3,1.5,93.0,84.0,9.1,31.05,Caution,31,8,2015,243,36,Wet,Neutral,0,4.25,0
2015-09-01 08:00:00,27.0,29.5,24.9,0.0,93.0,81.0,8.7,31.62,Caution,1,9,2015,244,36,Wet,Neutral,0,4.620000000000001,0
2015-09-02 08:00:00,27.4,30.2,25.3,4.3,93.0,83.0,5.3,32.81,Caution,2,9,2015,245,36,Wet,Neutral,0,5.410000000000004,0
2015-09-03 08:00:00,27.7,31.3,25.1,2.7,94.0,82.0,11.4,33.96,Extreme Caution,3,9,2015,246,36,Wet,Neutral,0,6.260000000000002,0
2015-09-04 08:00:00,27.2,30.7,24.6,8.7,94.0,83.0,6.0,32.4,Caution,4,9,2015,247,36,Wet,Neutral,0,5.199999999999999,0
2015-09-05 08:00:00,27.0,30.0,24.8,5.8,94.0,84.0,7.9,31.8,Caution,5,9,2015,248,36,Wet,Neutral,0,4.800000000000001,0
2015-09-06 08:00:00,27.0,30.3,25.1,3.8,94.0,85.0,14.0,31.8,Caution,6,9,2015,249,36,Wet,Neutral,0,4.800000000000001,0
2015-09-07 08:00:00,27.1,29.8,25.0,6.1,94.0,85.0,13.1,32.1,Caution,7,9,2015,250,37,Wet,Neutral,0,5.0,0
2015-09-08 08:00:00,27.1,29.65,25.2,3.5,94.0,83.0,13.3,32.1,Caution,8,9,2015,251,37,Wet,Neutral,0,5.0,0
2015-09-09 08:00:00,26.9,29.5,25.1,2.7,93.0,86.0,14.9,31.33,Caution,9,9,2015,252,37,Wet,Neutral,0,4.43,0
2015-09-10 08:00:00,26.4,28.8,24.6,6.7,94.0,87.0,16.3,29.34,Caution,10,9,2015,253,37,Wet,Neutral,0,2.9400000000000013,0
2015-09-11 08:00:00,26.1,28.1,24.8,14.5,95.0,88.0,11.6,28.52,Caution,11,9,2015,254,37,Wet,Neutral,0,2.419999999999998,0
2015-09-12 08:00:00,26.5,29.2,25.0,23.8,93.0,86.0,10.2,29.56,Caution,12,9,2015,255,37,Wet,Neutral,0,3.0599999999999987,0
2015-09-13 08:00:00,26.4,29.4,24.8,31.7,94.0,88.0,9.5,29.34,Caution,13,9,2015,256,37,Wet,Neutral,0,2.9400000000000013,0
2015-09-14 08:00:00,26.4,29.1,24.2,7.5,93.0,85.0,9.1,29.27,Caution,14,9,2015,257,38,Wet,Neutral,0,2.870000000000001,0
2015-09-15 08:00:00,26.7,30.6,23.7,3.7,95.0,84.0,5.4,31.1,Caution,15,9,2015,258,38,Wet,Neutral,0,4.400000000000002,0
2015-09-16 08:00:00,27.0,30.4,24.8,1.8,93.0,84.0,5.8,31.62,Caution,16,9,2015,259,38,Wet,Neutral,0,4.620000000000001,0
2015-09-17 08:00:00,27.3,30.4,25.0,11.4,94.0,84.0,5.8,32.71,Caution,17,9,2015,260,38,Wet,Neutral,0,5.41,0
2015-09-18 08:00:00,27.8,30.5,25.2,1.1,93.0,81.0,6.6,34.05,Extreme Caution,18,9,2015,261,38,Wet,Neutral,0,6.2499999999999964,0
2015-09-19 08:00:00,28.5,30.8,26.6,0.2,85.0,74.0,5.1,34.34,Extreme Caution,19,9,2015,262,38,Wet,Neutral,0,5.840000000000003,0
2015-09-20 08:00:00,27.4,30.6,25.1,7.6,93.0,82.0,6.1,32.81,Caution,20,9,2015,263,38,Wet,Neutral,0,5.410000000000004,0
2015-09-21 08:00:00,26.9,29.7,24.6,6.9,94.0,84.0,7.6,31.51,Caution,21,9,2015,264,39,Wet,Neutral,0,4.610000000000003,0
2015-09-22 08:00:00,26.8,29.5,24.7,8.1,93.0,84.0,11.3,31.05,Caution,22,9,2015,265,39,Wet,Neutral,0,4.25,0
2015-09-23 08:00:00,27.05,29.2,25.4,2.8,92.0,86.0,15.9,31.59,Caution,23,9,2015,266,39,Wet,Neutral,0,4.539999999999999,0
2015-09-24 08:00:00,27.3,29.9,25.4,1.5,91.0,83.0,16.2,32.12,Caution,24,9,2015,267,39,Wet,Neutral,0,4.819999999999997,0
2015-09-25 08:00:00,27.5,30.2,25.9,1.9,90.0,83.0,14.8,32.51,Caution,25,9,2015,268,39,Wet,Neutral,0,5.009999999999998,0
2015-09-26 08:00:00,27.1,29.3,25.5,4.4,89.0,84.0,20.0,31.19,Caution,26,9,2015,269,39,Wet,Neutral,0,4.09,0
2015-09-27 08:00:00,26.7,28.5,25.3,6.4,93.0,87.0,22.4,30.77,Caution,27,9,2015,270,39,Wet,Neutral,0,4.07,0
2015-09-28 08:00:00,26.1,28.4,25.1,8.5,94.0,89.0,23.4,28.47,Caution,28,9,2015,271,40,Wet,Neutral,0,2.3699999999999974,0
2015-09-29 08:00:00,26.8,29.3,25.1,5.8,93.0,85.0,16.6,31.05,Caution,29,9,2015,272,40,Wet,Neutral,0,4.25,0
2015-09-30 08:00:00,27.3,30.3,24.8,2.5,94.0,84.0,7.6,32.71,Caution,30,9,2015,273,40,Wet,Neutral,0,5.41,0
2015-10-01 08:00:00,26.0,28.7,24.7,85.0,94.0,89.0,30.6,28.19,Caution,1,10,2015,274,40,Wet,Neutral,0,2.1900000000000013,0
2015-10-02 08:00:00,25.3,25.7,25.0,16.0,93.0,91.0,20.3,26.31,Normal,2,10,2015,275,40,Wet,Neutral,0,1.009999999999998,0
2015-10-03 08:00:00,27.5,30.5,24.5,0.1,94.0,81.0,10.6,33.32,Extreme Caution,3,10,2015,276,40,Wet,Neutral,0,5.82,0
2015-10-04 08:00:00,26.5,29.3,24.4,3.0,96.0,86.0,11.9,29.78,Caution,4,10,2015,277,40,Wet,Neutral,0,3.280000000000001,0
2015-10-05 08:00:00,27.3,30.0,25.1,0.6,94.0,83.0,15.1,32.71,Caution,5,10,2015,278,41,Wet,Neutral,0,5.41,0
2015-10-06 08:00:00,27.8,31.3,25.1,0.3,93.0,80.0,15.0,34.05,Extreme Caution,6,10,2015,279,41,Wet,Neutral,0,6.2499999999999964,0
2015-10-07 08:00:00,27.5,30.0,25.1,1.3,92.0,82.0,5.8,32.91,Caution,7,10,2015,280,41,Wet,Neutral,0,5.409999999999997,0
2015-10-08 08:00:00,27.3,30.1,25.3,1.3,92.0,83.0,11.2,32.32,Caution,8,10,2015,281,41,Wet,Neutral,0,5.02,0
2015-10-09 08:00:00,27.2,29.8,24.8,0.4,92.0,83.0,13.4,32.02,Caution,9,10,2015,282,41,Wet,Neutral,0,4.820000000000004,0
2015-10-10 08:00:00,27.5,30.2,24.8,0.1,92.0,80.0,11.6,32.91,Caution,10,10,2015,283,41,Wet,Neutral,0,5.409999999999997,0
2015-10-11 08:00:00,27.3,30.2,25.1,2.1,93.0,82.0,6.8,32.51,Caution,11,10,2015,284,41,Wet,Neutral,0,5.209999999999997,0
2015-10-12 08:00:00,27.3,31.0,24.9,5.7,92.0,82.0,9.5,32.32,Caution,12,10,2015,285,42,Wet,Neutral,0,5.02,0
2015-10-13 08:00:00,27.1,29.7,24.7,0.6,92.0,80.0,16.3,31.73,Caution,13,10,2015,286,42,Wet,Neutral,0,4.629999999999999,0
2015-10-14 08:00:00,26.1,29.0,24.3,4.1,95.0,86.0,11.0,28.52,Caution,14,10,2015,287,42,Wet,Neutral,0,2.419999999999998,0
2015-10-15 08:00:00,26.9,29.2,25.1,0.2,93.0,82.0,10.0,31.33,Caution,15,10,2015,288,42,Wet,Neutral,0,4.43,0
2015-10-16 08:00:00,26.7,28.3,25.5,4.5,94.0,86.0,9.4,30.93,Caution,16,10,2015,289,42,Wet,Neutral,0,4.23,0
2015-10-17 08:00:00,27.4,28.7,26.7,25.6,92.0,88.0,46.1,32.61,Caution,17,10,2015,290,42,Wet,Neutral,0,5.210000000000001,0
2015-10-18 08:00:00,26.4,27.2,25.5,51.6,93.0,89.0,46.3,29.27,Caution,18,10,2015,291,42,Wet,Neutral,0,2.870000000000001,0
2015-10-19 08:00:00,26.3,28.0,25.3,8.8,92.0,87.0,41.3,28.93,Caution,19,10,2015,292,43,Wet,Neutral,0,2.629999999999999,0
2015-10-20 08:00:00,26.8,28.5,25.1,0.0,89.0,79.0,28.9,30.38,Caution,20,10,2015,293,43,Wet,Neutral,0,3.5799999999999983,0
2015-10-21 08:00:00,26.8,29.0,25.1,0.0,89.0,81.0,28.4,30.38,Caution,21,10,2015,294,43,Wet,Neutral,0,3.5799999999999983,0
2015-10-22 08:00:00,26.6,28.9,24.8,0.7,91.0,83.0,21.3,29.7,Caution,22,10,2015,295,43,Wet,Neutral,0,3.099999999999998,0
2015-10-23 08:00:00,26.6,29.1,24.1,0.0,94.0,83.0,11.5,29.93,Caution,23,10,2015,296,43,Wet,Neutral,0,3.3299999999999983,0
2015-10-24 08:00:00,26.9,29.8,24.5,0.0,96.0,83.0,8.5,31.86,Caution,24,10,2015,297,43,Wet,Neutral,0,4.960000000000001,0
2015-10-25 08:00:00,27.2,30.8,24.1,0.1,95.0,83.0,7.2,32.59,Caution,25,10,2015,298,43,Wet,Neutral,0,5.390000000000004,0
2015-10-26 08:00:00,27.4,30.5,24.5,0.0,94.0,80.0,9.7,33.01,Extreme Caution,26,10,2015,299,44,Wet,Neutral,0,5.609999999999999,0
2015-10-27 08:00:00,27.2,30.4,24.6,0.3,92.0,81.0,12.4,32.02,Caution,27,10,2015,300,44,Wet,Neutral,0,4.820000000000004,0
2015-10-28 08:00:00,26.9,29.6,25.0,0.0,86.0,74.0,18.3,30.14,Caution,28,10,2015,301,44,Wet,Neutral,0,3.240000000000002,0
2015-10-29 08:00:00,26.8,30.1,24.5,0.0,88.0,73.0,20.9,30.22,Caution,29,10,2015,302,44,Wet,Neutral,0,3.419999999999998,0
2015-10-30 08:00:00,26.9,29.9,25.1,0.0,89.0,78.0,18.8,30.65,Caution,30,10,2015,303,44,Wet,Neutral,0,3.75,0
2015-10-31 08:00:00,26.8,28.8,25.3,1.0,86.0,79.0,23.4,29.89,Caution,31,10,2015,304,44,Wet,Neutral,0,3.09,0
2015-11-01 08:00:00,26.9,29.3,25.2,0.0,88.0,79.0,18.3,30.48,Caution,1,11,2015,305,44,Wet,Neutral,0,3.580000000000002,0
2015-11-02 08:00:00,27.2,30.4,25.1,0.4,89.0,78.0,20.1,31.46,Caution,2,11,2015,306,45,Wet,Neutral,0,4.260000000000002,0
2015-11-03 08:00:00,27.3,29.8,25.4,0.0,89.0,78.0,23.5,31.74,Caution,3,11,2015,307,45,Wet,Neutral,0,4.439999999999998,0
2015-11-04 08:00:00,27.7,30.9,25.4,0.0,88.0,77.0,21.1,32.68,Caution,4,11,2015,308,45,Wet,Neutral,0,4.98,0
2015-11-05 08:00:00,27.4,30.5,25.3,0.2,90.0,78.0,21.5,32.22,Caution,5,11,2015,309,45,Wet,Neutral,0,4.82,0
2015-11-06 08:00:00,27.6,30.8,25.4,0.0,91.0,77.0,22.0,33.01,Extreme Caution,6,11,2015,310,45,Wet,Neutral,0,5.409999999999997,0
2015-11-07 08:00:00,27.3,30.9,24.4,0.0,92.0,77.0,18.1,32.32,Caution,7,11,2015,311,45,Wet,Neutral,0,5.02,0
2015-11-08 08:00:00,27.6,31.1,25.2,0.0,88.0,75.0,21.9,32.39,Caution,8,11,2015,312,45,Wet,Neutral,0,4.789999999999999,0
2015-11-09 08:00:00,27.1,30.1,24.8,0.1,89.0,76.0,17.7,31.19,Caution,9,11,2015,313,46,Wet,Neutral,0,4.09,0
2015-11-10 08:00:00,27.5,31.2,25.2,0.0,83.0,72.0,21.0,31.26,Caution,10,11,2015,314,46,Wet,Neutral,0,3.7600000000000016,0
2015-11-11 08:00:00,27.5,31.2,25.2,0.0,85.0,73.0,23.4,31.52,Caution,11,11,2015,315,46,Wet,Neutral,0,4.02,0
2015-11-12 08:00:00,27.3,30.4,25.1,0.0,87.0,75.0,21.8,31.36,Caution,12,11,2015,316,46,Wet,Neutral,0,4.059999999999999,0
2015-11-13 08:00:00,27.4,31.5,24.0,0.0,94.0,76.0,15.9,33.01,Extreme Caution,13,11,2015,317,46,Wet,Neutral,0,5.609999999999999,0
2015-11-14 08:00:00,27.6,31.4,24.8,0.0,90.0,75.0,15.5,32.8,Caution,14,11,2015,318,46,Wet,Neutral,0,5.199999999999996,0
2015-11-15 08:00:00,27.5,30.4,25.4,0.0,86.0,75.0,17.7,31.72,Caution,15,11,2015,319,46,Wet,Neutral,0,4.219999999999999,0
2015-11-16 08:00:00,27.6,31.3,25.2,0.2,89.0,75.0,22.1,32.6,Caution,16,11,2015,320,47,Wet,Neutral,0,5.0,0
2015-11-17 08:00:00,28.0,31.7,25.6,0.0,85.0,73.0,20.2,32.9,Caution,17,11,2015,321,47,Wet,Neutral,0,4.899999999999999,0
2015-11-18 08:00:00,26.9,30.1,24.2,0.1,92.0,78.0,19.2,31.16,Caution,18,11,2015,322,47,Wet,Neutral,0,4.260000000000002,0
2015-11-19 08:00:00,27.7,31.6,24.7,0.0,85.0,68.0,24.6,32.06,Caution,19,11,2015,323,47,Wet,Neutral,0,4.360000000000003,0
2015-11-20 08:00:00,27.3,30.5,24.6,0.0,87.0,73.0,23.2,31.36,Caution,20,11,2015,324,47,Wet,Neutral,0,4.059999999999999,0
2015-11-21 08:00:00,27.4,30.1,25.4,0.0,86.0,73.0,25.5,31.45,Caution,21,11,2015,325,47,Wet,Neutral,0,4.050000000000001,0
2015-11-22 08:00:00,27.5,31.0,24.4,0.0,90.0,73.0,19.1,32.51,Caution,22,11,2015,326,47,Wet,Neutral,0,5.009999999999998,0
2015-11-23 08:00:00,27.7,31.3,23.8,0.0,92.0,72.0,17.1,33.52,Extreme Caution,23,11,2015,327,48,Wet,Neutral,0,5.820000000000004,0
2015-11-24 08:00:00,27.9,32.2,25.0,0.5,89.0,72.0,18.2,33.48,Extreme Caution,24,11,2015,328,48,Wet,Neutral,0,5.579999999999998,0
2015-11-25 08:00:00,27.3,30.9,24.2,0.2,92.0,74.0,13.0,32.32,Caution,25,11,2015,329,48,Wet,Neutral,0,5.02,0
2015-11-26 08:00:00,27.4,30.8,25.0,0.0,83.0,71.0,16.1,31.01,Caution,26,11,2015,330,48,Wet,Neutral,0,3.610000000000003,0
2015-11-27 08:00:00,26.9,29.8,25.2,0.0,83.0,72.0,24.2,29.79,Caution,27,11,2015,331,48,Wet,Neutral,0,2.8900000000000006,0
2015-11-28 08:00:00,27.2,30.1,25.7,0.0,82.0,74.0,26.6,30.4,Caution,28,11,2015,332,48,Wet,Neutral,0,3.1999999999999993,0
2015-11-29 08:00:00,27.5,30.8,24.9,0.0,89.0,74.0,24.7,32.31,Caution,29,11,2015,333,48,Wet,Neutral,0,4.810000000000002,0
2015-11-30 08:00:00,27.5,30.3,25.6,0.0,84.0,74.0,19.7,31.39,Caution,30,11,2015,334,49,Wet,Neutral,0,3.8900000000000006,0
2015-12-01 08:00:00,26.7,30.6,22.9,0.0,95.0,78.0,20.8,31.1,Caution,1,12,2015,335,49,Cool Dry,Neutral,0,4.400000000000002,0
2015-12-02 08:00:00,26.9,31.9,22.8,0.0,96.0,73.0,16.6,31.86,Caution,2,12,2015,336,49,Cool Dry,Neutral,0,4.960000000000001,0
2015-12-03 08:00:00,27.2,31.1,24.8,0.0,86.0,72.0,18.4,30.91,Caution,3,12,2015,337,49,Cool Dry,Neutral,0,3.710000000000001,0
2015-12-04 08:00:00,27.6,30.9,25.7,0.1,81.0,70.0,23.3,31.25,Caution,4,12,2015,338,49,Cool Dry,Neutral,0,3.6499999999999986,0
2015-12-05 08:00:00,27.1,29.8,24.7,1.8,92.0,78.0,28.8,31.73,Caution,5,12,2015,339,49,Cool Dry,Neutral,0,4.629999999999999,0
2015-12-06 08:00:00,26.8,30.3,24.6,4.7,94.0,82.0,12.2,31.22,Caution,6,12,2015,340,49,Cool Dry,Neutral,0,4.419999999999998,0
2015-12-07 08:00:00,27.6,30.4,25.5,0.0,86.0,77.0,19.0,31.99,Caution,7,12,2015,341,50,Cool Dry,Neutral,0,4.389999999999997,0
2015-12-08 08:00:00,27.3,30.7,25.4,0.0,85.0,75.0,23.9,30.99,Caution,8,12,2015,342,50,Cool Dry,Neutral,0,3.6899999999999977,0
2015-12-09 08:00:00,27.5,31.1,25.1,0.0,92.0,75.0,27.8,32.91,Caution,9,12,2015,343,50,Cool Dry,Neutral,0,5.409999999999997,0
2015-12-10 08:00:00,27.8,31.4,24.1,0.0,96.0,75.0,8.4,34.73,Extreme Caution,10,12,2015,344,50,Cool Dry,Neutral,0,6.929999999999996,0
2015-12-11 08:00:00,27.4,31.1,24.3,0.1,92.0,77.0,6.6,32.61,Caution,11,12,2015,345,50,Cool Dry,Neutral,0,5.210000000000001,0
2015-12-12 08:00:00,27.5,31.2,24.6,0.0,91.0,75.0,11.5,32.71,Caution,12,12,2015,346,50,Cool Dry,Neutral,0,5.210000000000001,0
2015-12-13 08:00:00,27.5,31.5,24.9,0.0,89.0,75.0,16.8,32.31,Caution,13,12,2015,347,50,Cool Dry,Neutral,0,4.810000000000002,0
2015-12-14 08:00:00,27.4,31.0,25.1,4.7,90.0,78.0,14.8,32.22,Caution,14,12,2015,348,51,Cool Dry,Neutral,0,4.82,0
2015-12-15 08:00:00,25.6,25.7,25.3,73.1,91.0,89.0,31.6,26.59,Normal,15,12,2015,349,51,Cool Dry,Neutral,0,0.9899999999999984,0
2015-12-16 08:00:00,25.7,26.8,24.3,27.1,91.0,87.0,38.9,27.31,Caution,16,12,2015,350,51,Cool Dry,Neutral,0,1.6099999999999994,0
2015-12-17 08:00:00,24.0,24.3,23.1,47.4,86.0,82.0,26.1,24.7,Normal,17,12,2015,351,51,Cool Dry,Neutral,0,0.6999999999999993,0
2015-12-18 08:00:00,24.7,26.1,23.2,19.8,91.0,80.0,28.2,25.6,Normal,18,12,2015,352,51,Cool Dry,Neutral,0,0.9000000000000021,0
2015-12-19 08:00:00,24.6,26.2,24.0,31.7,91.0,88.0,18.5,25.49,Normal,19,12,2015,353,51,Cool Dry,Neutral,0,0.889999999999997,0
2015-12-20 08:00:00,25.8,28.1,24.0,0.3,93.0,83.0,31.3,27.61,Caution,20,12,2015,354,51,Cool Dry,Neutral,0,1.8099999999999987,0
2015-12-21 08:00:00,26.3,29.7,24.7,16.7,91.0,83.0,20.3,28.87,Caution,21,12,2015,355,52,Cool Dry,Neutral,0,2.5700000000000003,0
2015-12-22 08:00:00,25.4,28.8,22.2,0.0,95.0,82.0,27.9,26.48,Normal,22,12,2015,356,52,Cool Dry,Neutral,0,1.0800000000000018,0
2015-12-23 08:00:00,25.5,29.3,22.6,0.0,95.0,81.0,14.9,26.59,Normal,23,12,2015,357,52,Cool Dry,Neutral,0,1.0899999999999999,0
2015-12-24 08:00:00,25.3,29.1,21.8,0.0,96.0,83.0,15.3,26.39,Normal,24,12,2015,358,52,Cool Dry,Neutral,0,1.0899999999999999,0
2015-12-25 08:00:00,25.0,28.9,21.5,0.0,93.0,80.0,13.7,25.98,Normal,25,12,2015,359,52,Cool Dry,Neutral,0,0.9800000000000004,0
2015-12-26 08:00:00,25.0,28.4,21.7,0.0,95.0,81.0,18.3,26.04,Normal,26,12,2015,360,52,Cool Dry,Neutral,0,1.0399999999999991,0
2015-12-27 08:00:00,24.8,28.8,21.2,0.3,95.0,82.0,11.3,25.82,Normal,27,12,2015,361,52,Cool Dry,Neutral,0,1.0199999999999996,0
2015-12-28 08:00:00,24.6,28.3,21.3,0.0,94.0,78.0,16.1,25.57,Normal,28,12,2015,362,53,Cool Dry,Neutral,0,0.9699999999999989,0
2015-12-29 08:00:00,24.6,27.6,21.7,0.5,93.0,81.0,14.8,25.54,Normal,29,12,2015,363,53,Cool Dry,Neutral,0,0.9399999999999977,0
2015-12-30 08:00:00,25.2,28.3,23.0,0.0,92.0,80.0,17.2,26.18,Normal,30,12,2015,364,53,Cool Dry,Neutral,0,0.9800000000000004,0
2015-12-31 08:00:00,25.0,27.7,23.9,38.7,90.0,83.0,18.8,25.91,Normal,31,12,2015,365,53,Cool Dry,Neutral,0,0.9100000000000001,0
2016-01-01 08:00:00,25.8,27.7,24.5,1.2,88.0,82.0,24.3,27.49,Caution,1,1,2016,1,53,Cool Dry,El Nino,1,1.6899999999999977,0
2016-01-02 08:00:00,25.7,28.0,23.9,0.0,93.0,83.0,23.2,27.34,Caution,2,1,2016,2,53,Cool Dry,El Nino,1,1.6400000000000006,0
2016-01-03 08:00:00,25.6,29.1,23.2,0.0,96.0,82.0,20.5,27.11,Caution,3,1,2016,3,53,Cool Dry,El Nino,1,1.509999999999998,0
2016-01-04 08:00:00,25.6,29.3,22.7,0.0,95.0,83.0,15.9,27.1,Caution,4,1,2016,4,1,Cool Dry,El Nino,1,1.5,0
2016-01-05 08:00:00,25.0,29.1,22.0,0.0,96.0,80.0,15.0,26.06,Normal,5,1,2016,5,1,Cool Dry,El Nino,1,1.0599999999999987,0
2016-01-06 08:00:00,25.5,28.3,23.3,0.2,94.0,84.0,9.0,26.56,Normal,6,1,2016,6,1,Cool Dry,El Nino,1,1.0599999999999987,0
2016-01-07 08:00:00,25.3,28.6,22.4,0.0,96.0,82.0,10.5,26.39,Normal,7,1,2016,7,1,Cool Dry,El Nino,1,1.0899999999999999,0
2016-01-08 08:00:00,25.5,28.4,22.9,0.0,95.0,83.0,6.4,26.59,Normal,8,1,2016,8,1,Cool Dry,El Nino,1,1.0899999999999999,0
2016-01-09 08:00:00,25.5,28.5,23.3,0.0,92.0,81.0,14.1,26.51,Normal,9,1,2016,9,1,Cool Dry,El Nino,1,1.0100000000000016,0
2016-01-10 08:00:00,25.5,29.0,22.6,0.0,94.0,79.0,16.7,26.56,Normal,10,1,2016,10,1,Cool Dry,El Nino,1,1.0599999999999987,0
2016-01-11 08:00:00,26.4,29.7,23.9,0.0,94.0,81.0,10.9,29.34,Caution,11,1,2016,11,2,Cool Dry,El Nino,1,2.9400000000000013,0
2016-01-12 08:00:00,26.1,29.3,23.4,0.0,94.0,83.0,10.9,28.47,Caution,12,1,2016,12,2,Cool Dry,El Nino,1,2.3699999999999974,0
2016-01-13 08:00:00,26.3,29.3,23.7,0.1,94.0,80.0,12.9,29.05,Caution,13,1,2016,13,2,Cool Dry,El Nino,1,2.75,0
2016-01-14 08:00:00,26.1,29.1,23.9,0.0,90.0,78.0,17.8,28.29,Caution,14,1,2016,14,2,Cool Dry,El Nino,1,2.1899999999999977,0
2016-01-15 08:00:00,26.0,29.4,23.3,0.0,93.0,78.0,17.0,28.15,Caution,15,1,2016,15,2,Cool Dry,El Nino,1,2.1499999999999986,0
2016-01-16 08:00:00,26.3,29.5,23.6,0.0,93.0,79.0,11.8,28.99,Caution,16,1,2016,16,2,Cool Dry,El Nino,1,2.6899999999999977,0
2016-01-17 08:00:00,25.7,29.7,22.3,0.0,92.0,77.0,11.2,27.33,Caution,17,1,2016,17,2,Cool Dry,El Nino,1,1.629999999999999,0
2016-01-18 08:00:00,26.0,28.9,23.5,0.0,92.0,79.0,9.4,28.11,Caution,18,1,2016,18,3,Cool Dry,El Nino,1,2.1099999999999994,0
2016-01-19 08:00:00,26.4,29.2,24.6,0.0,85.0,77.0,19.2,28.76,Caution,19,1,2016,19,3,Cool Dry,El Nino,1,2.360000000000003,0
2016-01-20 08:00:00,26.0,28.3,24.4,0.0,80.0,73.0,28.0,27.66,Caution,20,1,2016,20,3,Cool Dry,El Nino,1,1.6600000000000001,0
2016-01-21 08:00:00,25.9,29.5,22.7,0.0,94.0,75.0,22.4,27.91,Caution,21,1,2016,21,3,Cool Dry,El Nino,1,2.0100000000000016,0
2016-01-22 08:00:00,26.1,30.0,22.3,0.0,96.0,79.0,10.7,28.56,Caution,22,1,2016,22,3,Cool Dry,El Nino,1,2.4599999999999973,0
2016-01-23 08:00:00,26.8,30.2,24.1,0.2,89.0,77.0,7.7,30.38,Caution,23,1,2016,23,3,Cool Dry,El Nino,1,3.5799999999999983,0
2016-01-24 08:00:00,24.7,27.3,22.2,2.3,86.0,73.0,23.6,25.47,Normal,24,1,2016,24,3,Cool Dry,El Nino,1,0.7699999999999996,0
2016-01-25 08:00:00,22.9,24.4,22.0,1.6,79.0,74.0,33.2,23.31,Normal,25,1,2016,25,4,Cool Dry,El Nino,1,0.41000000000000014,0
2016-01-26 08:00:00,23.7,25.8,22.8,0.0,80.0,73.0,36.7,24.21,Normal,26,1,2016,26,4,Cool Dry,El Nino,1,0.5100000000000016,0
2016-01-27 08:00:00,25.2,27.6,23.9,0.0,82.0,74.0,30.9,25.92,Normal,27,1,2016,27,4,Cool Dry,El Nino,1,0.7200000000000024,0
2016-01-28 08:00:00,25.9,28.3,24.3,0.0,86.0,75.0,29.7,27.66,Caution,28,1,2016,28,4,Cool Dry,El Nino,1,1.7600000000000016,0
2016-01-29 08:00:00,25.8,28.5,23.3,0.4,94.0,80.0,18.7,27.63,Caution,29,1,2016,29,4,Cool Dry,El Nino,1,1.8299999999999983,0
2016-01-30 08:00:00,26.1,29.2,24.3,0.0,88.0,80.0,14.5,28.21,Caution,30,1,2016,30,4,Cool Dry,El Nino,1,2.1099999999999994,0
2016-01-31 08:00:00,26.3,29.1,23.8,0.0,89.0,75.0,27.2,28.76,Caution,31,1,2016,31,4,Cool Dry,El Nino,1,2.460000000000001,0
2016-02-01 08:00:00,25.8,30.1,22.2,0.0,92.0,75.0,20.9,27.58,Caution,1,2,2016,32,5,Cool Dry,El Nino,1,1.7799999999999976,0
2016-02-02 08:00:00,26.4,29.6,24.4,0.0,82.0,69.0,21.3,28.58,Caution,2,2,2016,33,5,Cool Dry,El Nino,1,2.1799999999999997,0
2016-02-03 08:00:00,25.9,28.3,23.9,3.1,95.0,78.0,19.7,27.94,Caution,3,2,2016,34,5,Cool Dry,El Nino,1,2.0400000000000027,0
2016-02-04 08:00:00,26.0,28.7,24.1,0.2,94.0,84.0,17.1,28.19,Caution,4,2,2016,35,5,Cool Dry,El Nino,1,2.1900000000000013,0
2016-02-05 08:00:00,26.6,29.5,24.3,4.5,94.0,82.0,7.9,29.93,Caution,5,2,2016,36,5,Cool Dry,El Nino,1,3.3299999999999983,0
2016-02-06 08:00:00,24.2,25.9,22.8,12.7,93.0,86.0,9.5,25.1,Normal,6,2,2016,37,5,Cool Dry,El Nino,1,0.9000000000000021,0
2016-02-07 08:00:00,23.2,25.0,22.0,1.7,87.0,75.0,26.6,23.85,Normal,7,2,2016,38,5,Cool Dry,El Nino,1,0.6500000000000021,0
2016-02-08 08:00:00,23.2,25.4,22.1,0.0,80.0,72.0,34.4,23.66,Normal,8,2,2016,39,6,Cool Dry,El Nino,1,0.46000000000000085,0
2016-02-09 08:00:00,24.2,26.2,23.0,0.0,84.0,76.0,30.3,24.87,Normal,9,2,2016,40,6,Cool Dry,El Nino,1,0.6700000000000017,0
2016-02-10 08:00:00,25.2,28.1,23.1,0.0,86.0,75.0,26.3,26.02,Normal,10,2,2016,41,6,Cool Dry,El Nino,1,0.8200000000000003,0
2016-02-11 08:00:00,25.4,29.1,22.8,0.0,92.0,77.0,23.1,26.4,Normal,11,2,2016,42,6,Cool Dry,El Nino,1,1.0,0
2016-02-12 08:00:00,25.2,29.4,21.4,0.0,93.0,75.0,19.9,26.2,Normal,12,2,2016,43,6,Cool Dry,El Nino,1,1.0,0
2016-02-13 08:00:00,25.8,30.1,22.5,0.0,94.0,74.0,12.3,27.63,Caution,13,2,2016,44,6,Cool Dry,El Nino,1,1.8299999999999983,0
2016-02-14 08:00:00,26.3,30.5,22.9,0.0,92.0,73.0,9.0,28.93,Caution,14,2,2016,45,6,Cool Dry,El Nino,1,2.629999999999999,0
2016-02-15 08:00:00,25.8,28.6,24.1,0.5,85.0,74.0,17.1,26.65,Normal,15,2,2016,46,7,Cool Dry,El Nino,1,0.8499999999999979,0
2016-02-16 08:00:00,25.1,28.3,22.9,0.0,83.0,72.0,26.1,25.83,Normal,16,2,2016,47,7,Cool Dry,El Nino,1,0.7299999999999969,0
2016-02-17 08:00:00,24.9,28.3,21.9,0.0,91.0,74.0,21.0,25.82,Normal,17,2,2016,48,7,Cool Dry,El Nino,1,0.9200000000000017,0
2016-02-18 08:00:00,25.2,28.7,22.3,0.0,93.0,75.0,18.4,26.2,Normal,18,2,2016,49,7,Cool Dry,El Nino,1,1.0,0
2016-02-19 08:00:00,25.3,29.5,21.9,0.0,96.0,77.0,18.0,26.39,Normal,19,2,2016,50,7,Cool Dry,El Nino,1,1.0899999999999999,0
2016-02-20 08:00:00,25.9,29.6,22.7,0.0,93.0,75.0,13.3,27.88,Caution,20,2,2016,51,7,Cool Dry,El Nino,1,1.9800000000000004,0
2016-02-21 08:00:00,25.9,29.2,23.6,0.0,89.0,74.0,23.1,27.75,Caution,21,2,2016,52,7,Cool Dry,El Nino,1,1.8500000000000014,0
2016-02-22 08:00:00,26.2,30.1,22.8,0.0,93.0,75.0,20.2,28.71,Caution,22,2,2016,53,8,Cool Dry,El Nino,1,2.5100000000000016,0
2016-02-23 08:00:00,26.3,30.7,22.9,0.0,89.0,71.0,14.8,28.76,Caution,23,2,2016,54,8,Cool Dry,El Nino,1,2.460000000000001,0
2016-02-24 08:00:00,26.3,29.8,23.9,0.0,82.0,70.0,23.6,28.37,Caution,24,2,2016,55,8,Cool Dry,El Nino,1,2.0700000000000003,0
2016-02-25 08:00:00,25.6,28.0,24.0,0.6,81.0,73.0,27.9,26.33,Normal,25,2,2016,56,8,Cool Dry,El Nino,1,0.7299999999999969,0
2016-02-26 08:00:00,25.5,27.8,23.8,0.4,82.0,73.0,30.1,26.25,Normal,26,2,2016,57,8,Cool Dry,El Nino,1,0.75,0
2016-02-27 08:00:00,25.8,29.3,23.7,3.3,86.0,72.0,28.0,27.44,Caution,27,2,2016,58,8,Cool Dry,El Nino,1,1.6400000000000006,0
2016-02-28 08:00:00,25.1,27.2,23.4,1.1,92.0,80.0,20.1,26.07,Normal,28,2,2016,59,8,Cool Dry,El Nino,1,0.9699999999999989,0
2016-02-29 08:00:00,26.1,30.0,24.0,0.2,81.0,73.0,19.8,27.9,Caution,29,2,2016,60,9,Cool Dry,El Nino,1,1.7999999999999972,0
2016-03-01 08:00:00,25.0,27.2,23.3,1.4,78.0,72.0,27.4,25.59,Normal,1,3,2016,61,9,Dry,El Nino,1,0.5899999999999999,0
2016-03-02 08:00:00,24.1,25.8,23.0,2.5,90.0,77.0,24.5,24.92,Normal,2,3,2016,62,9,Dry,El Nino,1,0.8200000000000003,0
2016-03-03 08:00:00,24.8,27.0,23.0,3.9,93.0,83.0,22.0,25.76,Normal,3,3,2016,63,9,Dry,El Nino,1,0.9600000000000009,0
2016-03-04 08:00:00,24.9,26.8,23.3,0.6,96.0,86.0,11.6,25.95,Normal,4,3,2016,64,9,Dry,El Nino,1,1.0500000000000007,0
2016-03-05 08:00:00,26.9,31.1,23.1,0.0,97.0,79.0,7.8,32.04,Caution,5,3,2016,65,9,Dry,El Nino,1,5.140000000000001,0
2016-03-06 08:00:00,27.4,30.8,24.3,0.0,94.0,78.0,8.6,33.01,Extreme Caution,6,3,2016,66,9,Dry,El Nino,1,5.609999999999999,0
2016-03-07 08:00:00,27.9,31.1,25.2,0.0,90.0,75.0,12.1,33.7,Extreme Caution,7,3,2016,67,10,Dry,El Nino,1,5.800000000000004,0
2016-03-08 08:00:00,27.4,32.1,23.7,0.0,92.0,72.0,19.2,32.61,Caution,8,3,2016,68,10,Dry,El Nino,1,5.210000000000001,0
2016-03-09 08:00:00,28.2,31.6,25.0,0.0,91.0,73.0,14.1,34.86,Extreme Caution,9,3,2016,69,10,Dry,El Nino,1,6.66,0
2016-03-10 08:00:00,27.9,31.2,24.8,0.4,88.0,73.0,9.7,33.26,Extreme Caution,10,3,2016,70,10,Dry,El Nino,1,5.359999999999999,0
2016-03-11 08:00:00,27.7,31.4,24.8,0.0,83.0,69.0,15.7,31.78,Caution,11,3,2016,71,10,Dry,El Nino,1,4.080000000000002,0
2016-03-12 08:00:00,27.4,31.5,24.6,0.0,87.0,69.0,20.2,31.64,Caution,12,3,2016,72,10,Dry,El Nino,1,4.240000000000002,0
2016-03-13 08:00:00,27.3,31.9,22.8,0.0,95.0,71.0,18.1,32.9,Caution,13,3,2016,73,10,Dry,El Nino,1,5.599999999999998,0
2016-03-14 08:00:00,28.0,32.3,24.4,0.0,88.0,68.0,8.6,33.55,Extreme Caution,14,3,2016,74,11,Dry,El Nino,1,5.549999999999997,0
2016-03-15 08:00:00,27.2,30.5,24.0,0.0,91.0,72.0,15.1,31.83,Caution,15,3,2016,75,11,Dry,El Nino,1,4.629999999999999,0
2016-03-16 08:00:00,27.9,31.1,24.5,0.0,90.0,71.0,12.2,33.7,Extreme Caution,16,3,2016,76,11,Dry,El Nino,1,5.800000000000004,0
2016-03-17 08:00:00,27.7,31.1,25.1,0.2,85.0,73.0,16.2,32.06,Caution,17,3,2016,77,11,Dry,El Nino,1,4.360000000000003,0
2016-03-18 08:00:00,27.7,31.7,24.0,0.0,93.0,72.0,16.2,33.74,Extreme Caution,18,3,2016,78,11,Dry,El Nino,1,6.040000000000003,0
2016-03-19 08:00:00,27.5,32.0,23.0,0.0,95.0,70.0,14.1,33.53,Extreme Caution,19,3,2016,79,11,Dry,El Nino,1,6.030000000000001,0
2016-03-20 08:00:00,27.6,32.8,22.9,0.0,93.0,69.0,16.4,33.43,Extreme Caution,20,3,2016,80,11,Dry,El Nino,1,5.829999999999998,0
2016-03-21 08:00:00,27.9,32.5,24.5,0.0,87.0,68.0,18.9,33.04,Extreme Caution,21,3,2016,81,12,Dry,El Nino,1,5.140000000000001,0
2016-03-22 08:00:00,27.8,31.8,24.3,0.0,91.0,71.0,17.7,33.61,Extreme Caution,22,3,2016,82,12,Dry,El Nino,1,5.809999999999999,0
2016-03-23 08:00:00,28.1,32.8,23.8,0.0,95.0,70.0,14.9,35.5,Extreme Caution,23,3,2016,83,12,Dry,El Nino,1,7.399999999999999,0
2016-03-24 08:00:00,28.9,33.3,25.2,0.0,87.0,67.0,7.2,36.08,Extreme Caution,24,3,2016,84,12,Dry,El Nino,1,7.18,0
2016-03-25 08:00:00,28.3,32.4,24.2,0.0,90.0,68.0,7.1,34.94,Extreme Caution,25,3,2016,85,12,Dry,El Nino,1,6.639999999999997,0
2016-03-26 08:00:00,27.8,32.6,24.6,0.4,83.0,66.0,13.1,32.04,Caution,26,3,2016,86,12,Dry,El Nino,1,4.239999999999998,0
2016-03-27 08:00:00,26.7,29.8,24.6,0.1,79.0,70.0,16.3,29.01,Caution,27,3,2016,87,12,Dry,El Nino,1,2.3100000000000023,0
2016-03-28 08:00:00,26.0,29.3,24.2,0.0,78.0,68.0,27.5,27.59,Caution,28,3,2016,88,13,Dry,El Nino,1,1.5899999999999999,0
2016-03-29 08:00:00,26.9,29.9,25.0,0.0,83.0,71.0,27.1,29.79,Caution,29,3,2016,89,13,Dry,El Nino,1,2.8900000000000006,0
2016-03-30 08:00:00,27.7,30.9,25.0,0.1,86.0,72.0,21.2,32.27,Caution,30,3,2016,90,13,Dry,El Nino,1,4.570000000000004,0
2016-03-31 08:00:00,27.8,31.2,25.2,0.0,87.0,73.0,19.4,32.76,Caution,31,3,2016,91,13,Dry,El Nino,1,4.959999999999997,0
2016-04-01 08:00:00,28.4,32.2,25.5,0.0,83.0,70.0,16.1,33.67,Extreme Caution,1,4,2016,92,13,Dry,El Nino,1,5.270000000000003,0
2016-04-02 08:00:00,28.2,32.4,24.7,0.0,89.0,70.0,18.4,34.39,Extreme Caution,2,4,2016,93,13,Dry,El Nino,1,6.190000000000001,0
2016-04-03 08:00:00,28.0,32.8,24.0,0.0,92.0,68.0,19.9,34.46,Extreme Caution,3,4,2016,94,13,Dry,El Nino,1,6.460000000000001,0
2016-04-04 08:00:00,28.8,33.0,25.9,0.0,83.0,65.0,17.8,34.82,Extreme Caution,4,4,2016,95,14,Dry,El Nino,1,6.02,0
2016-04-05 08:00:00,28.7,32.6,26.0,0.0,82.0,68.0,16.1,34.32,Extreme Caution,5,4,2016,96,14,Dry,El Nino,1,5.620000000000001,0
2016-04-06 08:00:00,28.8,33.0,25.5,0.0,85.0,65.0,22.1,35.25,Extreme Caution,6,4,2016,97,14,Dry,El Nino,1,6.449999999999999,0
2016-04-07 08:00:00,28.9,32.8,26.0,0.0,85.0,67.0,19.1,35.56,Extreme Caution,7,4,2016,98,14,Dry,El Nino,1,6.660000000000004,0
2016-04-08 08:00:00,28.9,32.7,26.0,0.0,84.0,69.0,20.9,35.33,Extreme Caution,8,4,2016,99,14,Dry,El Nino,1,6.43,0
2016-04-09 08:00:00,28.6,33.6,24.1,0.0,92.0,67.0,20.0,36.43,Extreme Caution,9,4,2016,100,14,Dry,El Nino,1,7.829999999999998,0
2016-04-10 08:00:00,29.8,34.4,25.7,0.0,87.0,60.0,8.4,39.08,Extreme Caution,10,4,2016,101,14,Dry,El Nino,1,9.279999999999998,0
2016-04-11 08:00:00,30.1,34.7,25.7,0.0,86.0,60.0,7.9,39.81,Extreme Caution,11,4,2016,102,15,Dry,El Nino,1,9.71,0
2016-04-12 08:00:00,29.9,33.9,26.0,0.7,84.0,65.0,11.0,38.5,Extreme Caution,12,4,2016,103,15,Dry,El Nino,1,8.600000000000001,0
2016-04-13 08:00:00,29.7,33.4,26.7,0.0,90.0,71.0,11.2,39.68,Extreme Caution,13,4,2016,104,15,Dry,El Nino,1,9.98,0
2016-04-14 08:00:00,30.3,34.5,27.0,0.3,89.0,69.0,8.4,41.55,Extreme Caution,14,4,2016,105,15,Dry,El Nino,1,11.249999999999996,0
2016-04-15 08:00:00,30.4,34.3,27.7,0.0,82.0,68.0,14.3,39.55,Extreme Caution,15,4,2016,106,15,Dry,El Nino,1,9.149999999999999,0
2016-04-16 08:00:00,30.1,34.0,26.9,0.4,83.0,68.0,14.7,38.87,Extreme Caution,16,4,2016,107,15,Dry,El Nino,1,8.769999999999996,0
2016-04-17 08:00:00,29.9,34.5,26.3,0.0,83.0,64.0,20.2,38.21,Extreme Caution,17,4,2016,108,15,Dry,El Nino,1,8.310000000000002,0
2016-04-18 08:00:00,30.1,34.6,26.8,0.1,80.0,65.0,15.5,37.98,Extreme Caution,18,4,2016,109,16,Dry,El Nino,1,7.8799999999999955,0
2016-04-19 08:00:00,29.4,33.5,26.3,0.0,80.0,66.0,23.4,35.88,Extreme Caution,19,4,2016,110,16,Dry,El Nino,1,6.480000000000004,0
2016-04-20 08:00:00,29.2,33.2,26.2,0.0,84.0,68.0,23.8,36.25,Extreme Caution,20,4,2016,111,16,Dry,El Nino,1,7.050000000000001,0
2016-04-21 08:00:00,29.4,33.6,26.1,0.0,86.0,66.0,19.5,37.43,Extreme Caution,21,4,2016,112,16,Dry,El Nino,1,8.030000000000001,0
2016-04-22 08:00:00,29.7,34.1,26.3,0.0,84.0,64.0,16.1,37.85,Extreme Caution,22,4,2016,113,16,Dry,El Nino,1,8.150000000000002,0
2016-04-23 08:00:00,29.9,34.0,26.1,0.0,88.0,63.0,15.1,39.75,Extreme Caution,23,4,2016,114,16,Dry,El Nino,1,9.850000000000001,0
2016-04-24 08:00:00,30.2,34.3,26.5,0.0,84.0,63.0,14.9,39.51,Extreme Caution,24,4,2016,115,16,Dry,El Nino,1,9.309999999999999,0
2016-04-25 08:00:00,30.0,34.5,26.8,0.0,81.0,64.0,18.0,37.95,Extreme Caution,25,4,2016,116,17,Dry,El Nino,1,7.950000000000003,0
2016-04-26 08:00:00,29.6,34.3,25.4,0.0,89.0,62.0,17.7,39.01,Extreme Caution,26,4,2016,117,17,Dry,El Nino,1,9.409999999999997,0
2016-04-27 08:00:00,29.9,33.3,26.7,0.1,83.0,65.0,9.2,38.21,Extreme Caution,27,4,2016,118,17,Dry,El Nino,1,8.310000000000002,0
2016-04-28 08:00:00,29.7,33.6,27.1,0.4,84.0,69.0,7.9,37.85,Extreme Caution,28,4,2016,119,17,Dry,El Nino,1,8.150000000000002,0
2016-04-29 08:00:00,29.2,34.0,26.5,3.2,89.0,74.0,10.5,37.62,Extreme Caution,29,4,2016,120,17,Dry,El Nino,1,8.419999999999998,0
2016-04-30 08:00:00,29.5,33.8,26.4,1.0,86.0,71.0,14.0,37.76,Extreme Caution,30,4,2016,121,17,Dry,El Nino,1,8.259999999999998,0
2016-05-01 08:00:00,30.2,33.8,27.4,0.7,85.0,69.0,13.5,39.83,Extreme Caution,1,5,2016,122,17,Dry,El Nino,1,9.629999999999999,0
2016-05-02 08:00:00,30.7,35.0,27.4,0.0,82.0,63.0,15.4,40.56,Extreme Caution,2,5,2016,123,18,Dry,El Nino,1,9.860000000000003,0
2016-05-03 08:00:00,30.6,34.9,26.7,0.0,86.0,64.0,13.9,41.6,Extreme Caution,3,5,2016,124,18,Dry,El Nino,1,11.0,0
2016-05-04 08:00:00,30.4,35.1,27.1,0.0,79.0,63.0,19.2,38.61,Extreme Caution,4,5,2016,125,18,Dry,El Nino,1,8.21,0
2016-05-05 08:00:00,30.0,33.4,27.4,0.0,81.0,68.0,21.6,37.95,Extreme Caution,5,5,2016,126,18,Dry,El Nino,1,7.950000000000003,0
2016-05-06 08:00:00,30.4,34.6,27.1,0.0,83.0,66.0,20.0,39.87,Extreme Caution,6,5,2016,127,18,Dry,El Nino,1,9.469999999999999,0
2016-05-07 08:00:00,30.2,34.7,27.1,0.0,82.0,65.0,20.6,38.89,Extreme Caution,7,5,2016,128,18,Dry,El Nino,1,8.690000000000001,0
2016-05-08 08:00:00,30.4,34.0,27.2,0.0,82.0,64.0,19.1,39.55,Extreme Caution,8,5,2016,129,18,Dry,El Nino,1,9.149999999999999,0
2016-05-09 08:00:00,30.3,34.5,27.1,0.0,82.0,65.0,17.9,39.22,Extreme Caution,9,5,2016,130,19,Dry,El Nino,1,8.919999999999998,0
2016-05-10 08:00:00,30.8,34.8,27.3,0.0,85.0,62.0,11.4,41.97,Extreme Caution,10,5,2016,131,19,Dry,El Nino,1,11.169999999999998,0
2016-05-11 08:00:00,30.7,34.1,27.8,0.0,82.0,64.0,6.4,40.56,Extreme Caution,11,5,2016,132,19,Dry,El Nino,1,9.860000000000003,0
2016-05-12 08:00:00,30.5,34.5,27.8,0.2,80.0,66.0,11.2,39.24,Extreme Caution,12,5,2016,133,19,Dry,El Nino,1,8.740000000000002,0
2016-05-13 08:00:00,30.8,35.6,27.2,0.0,80.0,62.0,16.7,40.21,Extreme Caution,13,5,2016,134,19,Dry,El Nino,1,9.41,0
2016-05-14 08:00:00,30.1,33.7,27.6,0.0,80.0,67.0,20.9,37.98,Extreme Caution,14,5,2016,135,19,Dry,El Nino,1,7.8799999999999955,0
2016-05-15 08:00:00,30.2,34.1,27.2,0.3,83.0,66.0,15.5,39.2,Extreme Caution,15,5,2016,136,19,Dry,El Nino,1,9.000000000000004,0
2016-05-16 08:00:00,29.9,34.7,26.5,0.7,87.0,68.0,12.3,39.43,Extreme Caution,16,5,2016,137,20,Dry,El Nino,1,9.530000000000001,0
2016-05-17 08:00:00,29.2,33.3,26.5,2.5,90.0,73.0,8.3,37.91,Extreme Caution,17,5,2016,138,20,Dry,El Nino,1,8.709999999999997,0
2016-05-18 08:00:00,28.9,33.8,26.3,5.5,88.0,75.0,8.7,36.35,Extreme Caution,18,5,2016,139,20,Dry,El Nino,1,7.450000000000003,0
2016-05-19 08:00:00,28.4,32.0,25.6,12.8,92.0,79.0,8.5,35.76,Extreme Caution,19,5,2016,140,20,Dry,El Nino,1,7.359999999999999,0
2016-05-20 08:00:00,27.9,31.7,25.7,14.1,91.0,81.0,8.9,33.92,Extreme Caution,20,5,2016,141,20,Dry,El Nino,1,6.020000000000003,0
2016-05-21 08:00:00,28.5,32.3,26.2,4.5,92.0,80.0,11.0,36.09,Extreme Caution,21,5,2016,142,20,Dry,El Nino,1,7.590000000000003,0
2016-05-22 08:00:00,28.0,31.3,25.6,6.5,94.0,83.0,8.7,34.93,Extreme Caution,22,5,2016,143,20,Dry,El Nino,1,6.93,0
2016-05-23 08:00:00,27.6,30.3,25.6,5.4,95.0,86.0,11.8,33.85,Extreme Caution,23,5,2016,144,21,Dry,El Nino,1,6.25,0
2016-05-24 08:00:00,28.1,30.7,26.5,1.2,92.0,83.0,15.9,34.78,Extreme Caution,24,5,2016,145,21,Dry,El Nino,1,6.68,0
2016-05-25 08:00:00,27.2,29.7,25.8,17.5,95.0,87.0,17.1,32.59,Caution,25,5,2016,146,21,Dry,El Nino,1,5.390000000000004,0
2016-05-26 08:00:00,28.7,32.1,26.4,1.4,91.0,81.0,12.6,36.5,Extreme Caution,26,5,2016,147,21,Dry,El Nino,1,7.800000000000001,0
2016-05-27 08:00:00,29.1,31.4,26.7,0.4,91.0,78.0,11.0,37.86,Extreme Caution,27,5,2016,148,21,Dry,El Nino,1,8.759999999999998,0
2016-05-28 08:00:00,28.4,31.5,25.9,3.3,94.0,81.0,10.7,36.27,Extreme Caution,28,5,2016,149,21,Dry,El Nino,1,7.8700000000000045,0
2016-05-29 08:00:00,28.4,31.9,25.7,5.9,93.0,81.0,6.6,36.01,Extreme Caution,29,5,2016,150,21,Dry,El Nino,1,7.609999999999999,0
2016-05-30 08:00:00,29.0,32.3,26.2,3.7,91.0,78.0,8.3,37.51,Extreme Caution,30,5,2016,151,22,Dry,El Nino,1,8.509999999999998,0
2016-05-31 08:00:00,28.2,31.1,26.2,5.3,93.0,81.0,7.8,35.35,Extreme Caution,31,5,2016,152,22,Dry,El Nino,1,7.150000000000002,0
2016-06-01 08:00:00,27.8,30.8,26.2,3.5,92.0,83.0,15.3,33.83,Extreme Caution,1,6,2016,153,22,Wet,El Nino,1,6.029999999999998,0
2016-06-02 08:00:00,28.0,31.4,26.1,6.8,92.0,82.0,15.5,34.46,Extreme Caution,2,6,2016,154,22,Wet,El Nino,1,6.460000000000001,0
2016-06-03 08:00:00,28.2,30.7,26.2,2.5,91.0,82.0,16.3,34.86,Extreme Caution,3,6,2016,155,22,Wet,El Nino,1,6.66,0
2016-06-04 08:00:00,28.5,30.9,26.0,2.9,94.0,81.0,14.6,36.61,Extreme Caution,4,6,2016,156,22,Wet,El Nino,1,8.11,0
2016-06-05 08:00:00,27.9,30.5,25.7,4.7,93.0,83.0,12.9,34.37,Extreme Caution,5,6,2016,157,22,Wet,El Nino,1,6.469999999999999,0
2016-06-06 08:00:00,27.7,31.1,25.4,11.9,94.0,84.0,15.1,33.96,Extreme Caution,6,6,2016,158,23,Wet,El Nino,1,6.260000000000002,0
2016-06-07 08:00:00,27.4,30.6,25.4,16.8,94.0,84.0,18.0,33.01,Extreme Caution,7,6,2016,159,23,Wet,El Nino,1,5.609999999999999,0
2016-06-08 08:00:00,27.6,30.3,25.6,5.4,93.0,84.0,18.0,33.43,Extreme Caution,8,6,2016,160,23,Wet,El Nino,1,5.829999999999998,0
2016-06-09 08:00:00,27.6,29.9,26.0,1.7,92.0,85.0,15.6,33.22,Extreme Caution,9,6,2016,161,23,Wet,El Nino,1,5.619999999999997,0
2016-06-10 08:00:00,27.9,30.7,26.0,5.1,94.0,84.0,13.2,34.6,Extreme Caution,10,6,2016,162,23,Wet,El Nino,1,6.700000000000003,0
2016-06-11 08:00:00,28.3,31.2,25.8,3.0,93.0,80.0,8.7,35.68,Extreme Caution,11,6,2016,163,23,Wet,El Nino,1,7.379999999999999,0
2016-06-12 08:00:00,27.2,29.1,25.5,12.4,94.0,86.0,20.6,32.4,Caution,12,6,2016,164,23,Wet,El Nino,1,5.199999999999999,0
2016-06-13 08:00:00,28.0,29.9,25.7,1.4,91.0,81.0,17.6,34.23,Extreme Caution,13,6,2016,165,24,Wet,El Nino,1,6.229999999999997,0
2016-06-14 08:00:00,27.9,30.4,26.1,1.5,92.0,83.0,18.3,34.14,Extreme Caution,14,6,2016,166,24,Wet,El Nino,1,6.240000000000002,0
2016-06-15 08:00:00,28.6,31.2,26.3,1.3,90.0,80.0,9.5,35.9,Extreme Caution,15,6,2016,167,24,Wet,El Nino,1,7.299999999999997,0
2016-06-16 08:00:00,28.7,31.6,26.4,0.5,92.0,79.0,6.5,36.76,Extreme Caution,16,6,2016,168,24,Wet,El Nino,1,8.059999999999999,0
2016-06-17 08:00:00,28.6,31.5,26.7,1.1,89.0,79.0,16.2,35.64,Extreme Caution,17,6,2016,169,24,Wet,El Nino,1,7.039999999999999,0
2016-06-18 08:00:00,29.1,32.4,27.0,0.1,85.0,75.0,22.7,36.18,Extreme Caution,18,6,2016,170,24,Wet,El Nino,1,7.079999999999998,0
2016-06-19 08:00:00,28.8,32.2,26.7,0.9,84.0,75.0,20.0,35.03,Extreme Caution,19,6,2016,171,24,Wet,El Nino,1,6.23,0
2016-06-20 08:00:00,28.0,31.5,25.7,13.1,94.0,81.0,14.8,34.93,Extreme Caution,20,6,2016,172,25,Wet,El Nino,1,6.93,0
2016-06-21 08:00:00,28.1,31.2,25.7,4.1,94.0,80.0,11.2,35.26,Extreme Caution,21,6,2016,173,25,Wet,El Nino,1,7.159999999999997,0
2016-06-22 08:00:00,27.5,30.5,25.6,7.7,92.0,82.0,9.3,32.91,Caution,22,6,2016,174,25,Wet,El Nino,1,5.409999999999997,0
2016-06-23 08:00:00,27.6,30.1,26.0,3.0,89.0,82.0,11.8,32.6,Caution,23,6,2016,175,25,Wet,El Nino,1,5.0,0
2016-06-24 08:00:00,27.7,30.5,25.3,4.7,92.0,82.0,11.1,33.52,Extreme Caution,24,6,2016,176,25,Wet,El Nino,1,5.820000000000004,0
2016-06-25 08:00:00,27.7,30.9,25.6,4.4,91.0,81.0,10.9,33.31,Extreme Caution,25,6,2016,177,25,Wet,El Nino,1,5.610000000000003,0
2016-06-26 08:00:00,27.0,29.7,25.4,9.2,93.0,86.0,11.3,31.62,Caution,26,6,2016,178,25,Wet,El Nino,1,4.620000000000001,0
2016-06-27 08:00:00,27.1,29.9,25.5,8.7,91.0,83.0,14.1,31.55,Caution,27,6,2016,179,26,Wet,El Nino,1,4.449999999999999,0
2016-06-28 08:00:00,27.4,31.0,25.4,10.2,94.0,84.0,16.4,33.01,Extreme Caution,28,6,2016,180,26,Wet,El Nino,1,5.609999999999999,0
2016-06-29 08:00:00,27.8,30.5,25.7,4.5,93.0,84.0,9.9,34.05,Extreme Caution,29,6,2016,181,26,Wet,El Nino,1,6.2499999999999964,0
2016-06-30 08:00:00,27.4,30.2,25.3,4.6,93.0,85.0,7.8,32.81,Caution,30,6,2016,182,26,Wet,El Nino,1,5.410000000000004,0
2016-07-01 08:00:00,27.8,31.4,25.4,6.8,92.0,80.0,9.8,33.83,Extreme Caution,1,7,2016,183,26,Wet,El Nino,1,6.029999999999998,0
2016-07-02 08:00:00,27.1,30.7,24.9,7.1,95.0,84.0,7.3,32.29,Caution,2,7,2016,184,26,Wet,El Nino,1,5.189999999999998,0
2016-07-03 08:00:00,26.8,29.6,25.1,23.6,94.0,85.0,8.6,31.22,Caution,3,7,2016,185,26,Wet,El Nino,1,4.419999999999998,0
2016-07-04 08:00:00,27.1,29.7,25.3,9.2,93.0,84.0,9.2,31.92,Caution,4,7,2016,186,27,Wet,El Nino,1,4.82,0
2016-07-05 08:00:00,26.9,29.4,24.7,8.4,94.0,85.0,8.6,31.51,Caution,5,7,2016,187,27,Wet,El Nino,1,4.610000000000003,0
2016-07-06 08:00:00,26.6,28.8,25.2,15.1,93.0,87.0,16.6,29.85,Caution,6,7,2016,188,27,Wet,El Nino,1,3.25,0
2016-07-07 08:00:00,26.4,28.5,25.1,11.6,93.0,87.0,27.5,29.27,Caution,7,7,2016,189,27,Wet,El Nino,1,2.870000000000001,0
2016-07-08 08:00:00,25.5,26.4,24.8,45.3,94.0,92.0,27.4,26.56,Normal,8,7,2016,190,27,Wet,El Nino,1,1.0599999999999987,0
2016-07-09 08:00:00,25.5,26.5,25.1,29.2,93.0,92.0,24.1,26.53,Normal,9,7,2016,191,27,Wet,El Nino,1,1.0300000000000011,0
2016-07-10 08:00:00,26.2,27.8,25.1,10.4,94.0,89.0,18.9,28.76,Caution,10,7,2016,192,27,Wet,El Nino,1,2.5600000000000023,0
2016-07-11 08:00:00,27.0,29.9,25.0,4.2,94.0,86.0,7.8,31.8,Caution,11,7,2016,193,28,Wet,El Nino,1,4.800000000000001,0
2016-07-12 08:00:00,27.9,30.1,25.2,2.5,94.0,84.0,11.6,34.6,Extreme Caution,12,7,2016,194,28,Wet,El Nino,1,6.700000000000003,0
2016-07-13 08:00:00,27.6,30.7,25.0,2.0,94.0,84.0,9.4,33.64,Extreme Caution,13,7,2016,195,28,Wet,El Nino,1,6.039999999999999,0
2016-07-14 08:00:00,27.5,30.1,25.3,4.9,95.0,84.0,5.2,33.53,Extreme Caution,14,7,2016,196,28,Wet,El Nino,1,6.030000000000001,0
2016-07-15 08:00:00,28.2,30.5,25.8,1.2,91.0,81.0,7.0,34.86,Extreme Caution,15,7,2016,197,28,Wet,El Nino,1,6.66,0
2016-07-16 08:00:00,28.1,30.9,25.8,1.0,91.0,81.0,7.9,34.54,Extreme Caution,16,7,2016,198,28,Wet,El Nino,1,6.439999999999998,0
2016-07-17 08:00:00,28.1,30.8,25.5,0.8,92.0,82.0,6.8,34.78,Extreme Caution,17,7,2016,199,28,Wet,El Nino,1,6.68,0
2016-07-18 08:00:00,28.5,31.4,25.9,0.5,89.0,75.0,8.8,35.33,Extreme Caution,18,7,2016,200,29,Wet,El Nino,1,6.829999999999998,0
2016-07-19 08:00:00,27.9,30.8,25.8,3.1,93.0,81.0,10.1,34.37,Extreme Caution,19,7,2016,201,29,Wet,El Nino,1,6.469999999999999,0
2016-07-20 08:00:00,28.0,30.9,26.0,1.7,91.0,81.0,19.1,34.23,Extreme Caution,20,7,2016,202,29,Wet,El Nino,1,6.229999999999997,0
2016-07-21 08:00:00,28.6,32.1,25.4,0.9,93.0,79.0,10.1,36.69,Extreme Caution,21,7,2016,203,29,Wet,El Nino,1,8.089999999999996,0
2016-07-22 08:00:00,27.7,30.8,25.8,8.1,93.0,83.0,7.3,33.74,Extreme Caution,22,7,2016,204,29,Wet,El Nino,1,6.040000000000003,0
2016-07-23 08:00:00,27.2,30.6,24.9,12.8,92.0,84.0,11.6,32.02,Caution,23,7,2016,205,29,Wet,El Nino,1,4.820000000000004,0
2016-07-24 08:00:00,27.2,30.0,25.2,10.0,94.0,84.0,10.8,32.4,Caution,24,7,2016,206,29,Wet,El Nino,1,5.199999999999999,0
2016-07-25 08:00:00,27.4,30.2,25.2,6.0,93.0,81.0,11.5,32.81,Caution,25,7,2016,207,30,Wet,El Nino,1,5.410000000000004,0
2016-07-26 08:00:00,28.2,31.2,25.3,3.6,92.0,81.0,8.9,35.1,Extreme Caution,26,7,2016,208,30,Wet,El Nino,1,6.900000000000002,0
2016-07-27 08:00:00,28.1,31.2,26.0,1.6,91.0,80.0,6.6,34.54,Extreme Caution,27,7,2016,209,30,Wet,El Nino,1,6.439999999999998,0
2016-07-28 08:00:00,28.2,30.9,25.3,1.5,92.0,80.0,5.7,35.1,Extreme Caution,28,7,2016,210,30,Wet,El Nino,1,6.900000000000002,0
2016-07-29 08:00:00,27.3,30.8,25.4,3.8,92.0,83.0,8.4,32.32,Caution,29,7,2016,211,30,Wet,El Nino,1,5.02,0
2016-07-30 08:00:00,27.2,28.8,25.8,3.0,91.0,84.0,17.7,31.83,Caution,30,7,2016,212,30,Wet,El Nino,1,4.629999999999999,0
2016-07-31 08:00:00,26.0,27.6,25.1,5.7,93.0,88.0,28.7,28.15,Caution,31,7,2016,213,30,Wet,El Nino,1,2.1499999999999986,0
2016-08-01 08:00:00,26.4,28.4,25.3,14.0,94.0,88.0,16.0,29.34,Caution,1,8,2016,214,31,Wet,El Nino,1,2.9400000000000013,0
2016-08-02 08:00:00,26.6,29.2,24.8,3.2,94.0,87.0,7.0,29.93,Caution,2,8,2016,215,31,Wet,El Nino,1,3.3299999999999983,0
2016-08-03 08:00:00,27.8,30.2,25.3,2.3,94.0,82.0,10.2,34.28,Extreme Caution,3,8,2016,216,31,Wet,El Nino,1,6.48,0
2016-08-04 08:00:00,27.8,31.1,25.4,2.6,92.0,81.0,14.8,33.83,Extreme Caution,4,8,2016,217,31,Wet,El Nino,1,6.029999999999998,0
2016-08-05 08:00:00,27.3,30.3,25.3,6.5,94.0,84.0,13.0,32.71,Caution,5,8,2016,218,31,Wet,El Nino,1,5.41,0
2016-08-06 08:00:00,26.7,29.8,25.2,11.5,93.0,87.0,18.8,30.77,Caution,6,8,2016,219,31,Wet,El Nino,1,4.07,0
2016-08-07 08:00:00,25.5,27.1,24.9,26.5,93.0,91.0,23.7,26.53,Normal,7,8,2016,220,31,Wet,El Nino,1,1.0300000000000011,0
2016-08-08 08:00:00,25.5,26.0,25.2,38.7,94.0,92.0,23.5,26.56,Normal,8,8,2016,221,32,Wet,El Nino,1,1.0599999999999987,0
2016-08-09 08:00:00,25.8,27.1,25.0,39.5,93.0,90.0,23.6,27.61,Caution,9,8,2016,222,32,Wet,El Nino,1,1.8099999999999987,0
2016-08-10 08:00:00,25.6,26.2,25.1,45.3,94.0,92.0,24.7,27.09,Caution,10,8,2016,223,32,Wet,El Nino,1,1.4899999999999984,0
2016-08-11 08:00:00,26.0,27.4,25.3,23.2,93.0,90.0,25.5,28.15,Caution,11,8,2016,224,32,Wet,El Nino,1,2.1499999999999986,0
2016-08-12 08:00:00,26.0,27.7,25.2,15.3,94.0,91.0,24.6,28.19,Caution,12,8,2016,225,32,Wet,El Nino,1,2.1900000000000013,0
2016-08-13 08:00:00,25.9,27.0,25.3,20.7,94.0,91.0,24.5,27.91,Caution,13,8,2016,226,32,Wet,El Nino,1,2.0100000000000016,0
2016-08-14 08:00:00,26.3,28.0,25.6,14.8,93.0,90.0,24.6,28.99,Caution,14,8,2016,227,32,Wet,El Nino,1,2.6899999999999977,0
2016-08-15 08:00:00,26.5,28.1,25.6,11.3,93.0,89.0,27.1,29.56,Caution,15,8,2016,228,33,Wet,El Nino,1,3.0599999999999987,0
2016-08-16 08:00:00,26.3,27.9,25.6,11.7,93.0,90.0,24.3,28.99,Caution,16,8,2016,229,33,Wet,El Nino,1,2.6899999999999977,0
2016-08-17 08:00:00,26.7,28.9,25.7,10.6,93.0,89.0,26.1,30.77,Caution,17,8,2016,230,33,Wet,El Nino,1,4.07,0
2016-08-18 08:00:00,27.0,29.5,25.5,4.3,93.0,88.0,21.4,31.62,Caution,18,8,2016,231,33,Wet,El Nino,1,4.620000000000001,0
2016-08-19 08:00:00,27.0,29.0,25.8,8.4,93.0,88.0,21.1,31.62,Caution,19,8,2016,232,33,Wet,El Nino,1,4.620000000000001,0
2016-08-20 08:00:00,26.5,28.7,24.9,13.3,94.0,89.0,23.1,29.64,Caution,20,8,2016,233,33,Wet,El Nino,1,3.1400000000000006,0
2016-08-21 08:00:00,26.5,28.9,25.0,13.0,96.0,88.0,10.5,29.78,Caution,21,8,2016,234,33,Wet,El Nino,1,3.280000000000001,0
2016-08-22 08:00:00,26.5,29.1,25.3,13.7,92.0,88.0,12.4,29.49,Caution,22,8,2016,235,34,Wet,El Nino,1,2.9899999999999984,0
2016-08-23 08:00:00,26.8,28.9,25.5,3.3,93.0,87.0,21.0,31.05,Caution,23,8,2016,236,34,Wet,El Nino,1,4.25,0
2016-08-24 08:00:00,27.2,29.7,25.5,3.4,92.0,87.0,24.6,32.02,Caution,24,8,2016,237,34,Wet,El Nino,1,4.820000000000004,0
2016-08-25 08:00:00,26.9,28.7,25.7,5.2,93.0,88.0,22.7,31.33,Caution,25,8,2016,238,34,Wet,El Nino,1,4.43,0
2016-08-26 08:00:00,26.8,28.9,25.4,6.1,94.0,89.0,20.6,31.22,Caution,26,8,2016,239,34,Wet,El Nino,1,4.419999999999998,0
2016-08-27 08:00:00,26.7,28.3,25.5,4.7,93.0,88.0,26.9,30.77,Caution,27,8,2016,240,34,Wet,El Nino,1,4.07,0
2016-08-28 08:00:00,26.7,29.1,25.4,5.7,94.0,87.0,19.3,30.93,Caution,28,8,2016,241,34,Wet,El Nino,1,4.23,0
2016-08-29 08:00:00,26.9,28.6,25.6,3.3,92.0,87.0,23.8,31.16,Caution,29,8,2016,242,35,Wet,El Nino,1,4.260000000000002,0
2016-08-30 08:00:00,27.5,29.2,26.2,1.9,90.0,85.0,21.2,32.51,Caution,30,8,2016,243,35,Wet,El Nino,1,5.009999999999998,0
2016-08-31 08:00:00,27.5,29.3,26.1,1.3,91.0,83.0,26.0,32.71,Caution,31,8,2016,244,35,Wet,El Nino,1,5.210000000000001,0
2016-09-01 08:00:00,27.4,29.5,25.7,0.2,92.0,84.0,18.4,32.61,Caution,1,9,2016,245,35,Wet,El Nino,1,5.210000000000001,0
2016-09-02 08:00:00,27.8,29.8,26.4,0.0,90.0,81.0,21.0,33.4,Extreme Caution,2,9,2016,246,35,Wet,El Nino,1,5.599999999999998,0
2016-09-03 08:00:00,27.8,30.0,26.1,0.7,92.0,82.0,23.0,33.83,Extreme Caution,3,9,2016,247,35,Wet,El Nino,1,6.029999999999998,0
2016-09-04 08:00:00,26.8,28.9,25.1,8.1,93.0,88.0,18.8,31.05,Caution,4,9,2016,248,35,Wet,El Nino,1,4.25,0
2016-09-05 08:00:00,26.9,29.9,25.0,3.6,94.0,86.0,18.2,31.51,Caution,5,9,2016,249,36,Wet,El Nino,1,4.610000000000003,0
2016-09-06 08:00:00,27.6,30.6,25.2,0.5,93.0,83.0,13.8,33.43,Extreme Caution,6,9,2016,250,36,Wet,El Nino,1,5.829999999999998,0
2016-09-07 08:00:00,27.3,29.7,24.8,2.8,94.0,85.0,16.0,32.71,Caution,7,9,2016,251,36,Wet,El Nino,1,5.41,0
2016-09-08 08:00:00,27.0,30.2,24.9,7.0,93.0,85.0,9.5,31.62,Caution,8,9,2016,252,36,Wet,El Nino,1,4.620000000000001,0
2016-09-09 08:00:00,27.2,29.9,25.2,7.0,93.0,83.0,8.1,32.21,Caution,9,9,2016,253,36,Wet,El Nino,1,5.010000000000002,0
2016-09-10 08:00:00,27.4,30.5,24.8,6.6,92.0,83.0,11.2,32.61,Caution,10,9,2016,254,36,Wet,El Nino,1,5.210000000000001,0
2016-09-11 08:00:00,27.6,30.4,25.0,2.6,92.0,82.0,13.8,33.22,Extreme Caution,11,9,2016,255,36,Wet,El Nino,1,5.619999999999997,0
2016-09-12 08:00:00,27.1,30.4,25.4,4.6,93.0,85.0,13.0,31.92,Caution,12,9,2016,256,37,Wet,El Nino,1,4.82,0
2016-09-13 08:00:00,26.9,28.8,25.7,2.2,91.0,86.0,22.7,30.99,Caution,13,9,2016,257,37,Wet,El Nino,1,4.09,0
2016-09-14 08:00:00,26.5,28.9,25.0,5.8,93.0,87.0,25.1,29.56,Caution,14,9,2016,258,37,Wet,El Nino,1,3.0599999999999987,0
2016-09-15 08:00:00,26.5,29.2,25.0,6.3,93.0,87.0,20.0,29.56,Caution,15,9,2016,259,37,Wet,El Nino,1,3.0599999999999987,0
2016-09-16 08:00:00,26.6,28.4,24.9,1.5,94.0,86.0,19.4,29.93,Caution,16,9,2016,260,37,Wet,El Nino,1,3.3299999999999983,0
2016-09-17 08:00:00,26.5,28.9,25.0,11.0,94.0,88.0,16.3,29.64,Caution,17,9,2016,261,37,Wet,El Nino,1,3.1400000000000006,0
2016-09-18 08:00:00,26.5,28.1,25.1,7.7,94.0,88.0,17.3,29.64,Caution,18,9,2016,262,37,Wet,El Nino,1,3.1400000000000006,0
2016-09-19 08:00:00,26.7,29.3,24.9,10.9,94.0,87.0,12.4,30.93,Caution,19,9,2016,263,38,Wet,El Nino,1,4.23,0
2016-09-20 08:00:00,26.8,29.5,25.2,6.3,94.0,86.0,8.7,31.22,Caution,20,9,2016,264,38,Wet,El Nino,1,4.419999999999998,0
2016-09-21 08:00:00,27.0,29.5,25.2,5.7,94.0,85.0,17.8,31.8,Caution,21,9,2016,265,38,Wet,El Nino,1,4.800000000000001,0
2016-09-22 08:00:00,26.6,29.5,24.8,17.4,96.0,87.0,11.5,30.1,Caution,22,9,2016,266,38,Wet,El Nino,1,3.5,0
2016-09-23 08:00:00,26.7,29.2,25.0,9.6,93.0,85.0,4.4,30.77,Caution,23,9,2016,267,38,Wet,El Nino,1,4.07,0
2016-09-24 08:00:00,27.0,29.6,24.7,5.1,94.0,85.0,8.6,31.8,Caution,24,9,2016,268,38,Wet,El Nino,1,4.800000000000001,0
2016-09-25 08:00:00,27.0,30.2,25.1,12.9,94.0,86.0,10.7,31.8,Caution,25,9,2016,269,38,Wet,El Nino,1,4.800000000000001,0
2016-09-26 08:00:00,26.8,29.6,25.4,7.3,92.0,87.0,21.6,30.88,Caution,26,9,2016,270,39,Wet,El Nino,1,4.079999999999998,0
2016-09-27 08:00:00,26.1,27.6,25.1,11.6,93.0,89.0,29.5,28.43,Caution,27,9,2016,271,39,Wet,El Nino,1,2.3299999999999983,0
2016-09-28 08:00:00,25.4,26.4,24.7,16.3,94.0,92.0,19.9,26.45,Normal,28,9,2016,272,39,Wet,El Nino,1,1.0500000000000007,0
2016-09-29 08:00:00,25.6,27.3,23.9,6.3,94.0,90.0,13.9,27.09,Caution,29,9,2016,273,39,Wet,El Nino,1,1.4899999999999984,0
2016-09-30 08:00:00,25.8,27.7,24.1,6.1,95.0,89.0,16.8,27.66,Caution,30,9,2016,274,39,Wet,El Nino,1,1.8599999999999994,0
2016-10-01 08:00:00,26.8,29.1,24.6,0.8,94.0,86.0,14.6,31.22,Caution,1,10,2016,275,39,Wet,El Nino,1,4.419999999999998,0
2016-10-02 08:00:00,26.8,29.1,24.8,2.7,93.0,87.0,13.8,31.05,Caution,2,10,2016,276,39,Wet,El Nino,1,4.25,0
2016-10-03 08:00:00,26.3,28.5,24.6,9.3,95.0,89.0,15.0,29.11,Caution,3,10,2016,277,40,Wet,El Nino,1,2.8099999999999987,0
2016-10-04 08:00:00,25.9,28.0,24.8,25.5,94.0,89.0,12.0,27.91,Caution,4,10,2016,278,40,Wet,El Nino,1,2.0100000000000016,0
2016-10-05 08:00:00,26.7,29.1,24.9,1.6,93.0,85.0,7.7,30.77,Caution,5,10,2016,279,40,Wet,El Nino,1,4.07,0
2016-10-06 08:00:00,26.0,28.1,25.1,16.9,93.0,89.0,11.1,28.15,Caution,6,10,2016,280,40,Wet,El Nino,1,2.1499999999999986,0
2016-10-07 08:00:00,26.1,28.4,24.8,11.9,94.0,89.0,12.2,28.47,Caution,7,10,2016,281,40,Wet,El Nino,1,2.3699999999999974,0
2016-10-08 08:00:00,26.5,29.0,25.1,13.1,94.0,88.0,11.0,29.64,Caution,8,10,2016,282,40,Wet,El Nino,1,3.1400000000000006,0
2016-10-09 08:00:00,26.4,28.6,24.7,9.9,94.0,88.0,9.9,29.34,Caution,9,10,2016,283,40,Wet,El Nino,1,2.9400000000000013,0
2016-10-10 08:00:00,26.3,28.5,25.2,8.4,94.0,89.0,8.2,29.05,Caution,10,10,2016,284,41,Wet,El Nino,1,2.75,0
2016-10-11 08:00:00,26.6,29.9,24.7,13.2,94.0,86.0,7.7,29.93,Caution,11,10,2016,285,41,Wet,El Nino,1,3.3299999999999983,0
2016-10-12 08:00:00,26.2,27.6,24.6,5.0,94.0,88.0,8.0,28.76,Caution,12,10,2016,286,41,Wet,El Nino,1,2.5600000000000023,0
2016-10-13 08:00:00,26.4,28.8,24.6,9.5,95.0,86.0,7.4,29.41,Caution,13,10,2016,287,41,Wet,El Nino,1,3.0100000000000016,0
2016-10-14 08:00:00,27.1,29.6,25.1,6.4,93.0,83.0,12.5,31.92,Caution,14,10,2016,288,41,Wet,El Nino,1,4.82,0
2016-10-15 08:00:00,25.9,26.3,25.2,74.4,93.0,90.0,37.2,27.88,Caution,15,10,2016,289,41,Wet,El Nino,1,1.9800000000000004,0
2016-10-16 08:00:00,25.7,26.7,25.2,17.5,94.0,91.0,28.1,27.36,Caution,16,10,2016,290,41,Wet,El Nino,1,1.6600000000000001,0
2016-10-17 08:00:00,26.6,29.2,24.8,2.0,97.0,89.0,9.2,30.18,Caution,17,10,2016,291,42,Wet,El Nino,1,3.5799999999999983,0
2016-10-18 08:00:00,27.3,29.8,25.2,1.7,92.0,85.0,12.3,32.32,Caution,18,10,2016,292,42,Wet,El Nino,1,5.02,0
2016-10-19 08:00:00,27.0,28.8,25.3,5.0,92.0,85.0,33.2,31.45,Caution,19,10,2016,293,42,Wet,El Nino,1,4.449999999999999,0
2016-10-20 08:00:00,26.4,27.9,25.3,3.5,94.0,88.0,30.0,29.34,Caution,20,10,2016,294,42,Wet,El Nino,1,2.9400000000000013,0
2016-10-21 08:00:00,26.8,29.5,25.1,5.8,97.0,89.0,9.2,31.73,Caution,21,10,2016,295,42,Wet,El Nino,1,4.93,0
2016-10-22 08:00:00,27.2,30.0,24.8,1.3,95.0,86.0,13.7,32.59,Caution,22,10,2016,296,42,Wet,El Nino,1,5.390000000000004,0
2016-10-23 08:00:00,27.8,30.7,24.7,0.6,94.0,83.0,9.8,34.28,Extreme Caution,23,10,2016,297,42,Wet,El Nino,1,6.48,0
2016-10-24 08:00:00,27.1,30.5,23.5,0.0,94.0,82.0,12.2,32.1,Caution,24,10,2016,298,43,Wet,El Nino,1,5.0,0
2016-10-25 08:00:00,27.8,30.7,25.7,0.0,90.0,76.0,14.8,33.4,Extreme Caution,25,10,2016,299,43,Wet,El Nino,1,5.599999999999998,0
2016-10-26 08:00:00,27.4,29.6,25.8,0.3,90.0,81.0,15.5,32.22,Caution,26,10,2016,300,43,Wet,El Nino,1,4.82,0
2016-10-27 08:00:00,27.4,30.2,25.1,0.2,93.0,81.0,18.8,32.81,Caution,27,10,2016,301,43,Wet,El Nino,1,5.410000000000004,0
2016-10-28 08:00:00,27.6,29.9,25.8,0.3,86.0,80.0,21.3,31.99,Caution,28,10,2016,302,43,Wet,El Nino,1,4.389999999999997,0
2016-10-29 08:00:00,27.5,30.3,25.4,0.0,90.0,78.0,20.4,32.51,Caution,29,10,2016,303,43,Wet,El Nino,1,5.009999999999998,0
2016-10-30 08:00:00,27.0,29.8,25.2,0.0,89.0,79.0,19.4,30.92,Caution,30,10,2016,304,43,Wet,El Nino,1,3.9200000000000017,0
2016-10-31 08:00:00,27.3,30.1,25.4,0.0,88.0,78.0,21.1,31.55,Caution,31,10,2016,305,44,Wet,El Nino,1,4.25,0
2016-11-01 08:00:00,26.9,29.0,25.4,0.0,87.0,79.0,21.6,30.31,Caution,1,11,2016,306,44,Wet,El Nino,1,3.41,0
2016-11-02 08:00:00,26.8,29.0,25.5,2.9,84.0,79.0,21.3,29.64,Caution,2,11,2016,307,44,Wet,El Nino,1,2.84,0
2016-11-03 08:00:00,26.7,29.1,24.7,0.6,92.0,81.0,18.8,30.6,Caution,3,11,2016,308,44,Wet,El Nino,1,3.900000000000002,0
2016-11-04 08:00:00,26.0,28.7,24.5,3.2,94.0,86.0,5.8,28.19,Caution,4,11,2016,309,44,Wet,El Nino,1,2.1900000000000013,0
2016-11-05 08:00:00,26.7,29.7,24.4,0.5,95.0,86.0,6.3,31.1,Caution,5,11,2016,310,44,Wet,El Nino,1,4.400000000000002,0
2016-11-06 08:00:00,26.9,30.0,24.3,0.5,92.0,81.0,12.3,31.16,Caution,6,11,2016,311,44,Wet,El Nino,1,4.260000000000002,0
2016-11-07 08:00:00,26.4,29.3,23.6,0.0,91.0,77.0,16.5,29.14,Caution,7,11,2016,312,45,Wet,El Nino,1,2.740000000000002,0
2016-11-08 08:00:00,25.9,29.5,23.0,0.0,86.0,73.0,18.0,27.66,Caution,8,11,2016,313,45,Wet,El Nino,1,1.7600000000000016,0
2016-11-09 08:00:00,25.6,28.6,22.7,0.0,91.0,73.0,20.2,26.59,Normal,9,11,2016,314,45,Wet,El Nino,1,0.9899999999999984,0
2016-11-10 08:00:00,26.4,29.5,24.4,0.3,89.0,77.0,10.2,29.02,Caution,10,11,2016,315,45,Wet,El Nino,1,2.620000000000001,0
2016-11-11 08:00:00,26.5,29.0,24.7,0.2,87.0,78.0,18.9,29.14,Caution,11,11,2016,316,45,Wet,El Nino,1,2.6400000000000006,0
2016-11-12 08:00:00,26.9,29.8,24.5,0.0,90.0,77.0,19.6,30.82,Caution,12,11,2016,317,45,Wet,El Nino,1,3.9200000000000017,0
2016-11-13 08:00:00,26.6,30.1,24.0,0.0,89.0,73.0,18.0,29.54,Caution,13,11,2016,318,45,Wet,El Nino,1,2.9399999999999977,0
2016-11-14 08:00:00,27.3,30.0,24.9,0.1,93.0,78.0,19.3,32.51,Caution,14,11,2016,319,46,Wet,El Nino,1,5.209999999999997,0
2016-11-15 08:00:00,26.9,29.4,25.4,0.1,90.0,82.0,13.3,30.82,Caution,15,11,2016,320,46,Wet,El Nino,1,3.9200000000000017,0
2016-11-16 08:00:00,27.2,29.9,25.2,0.8,91.0,81.0,19.1,31.83,Caution,16,11,2016,321,46,Wet,El Nino,1,4.629999999999999,0
2016-11-17 08:00:00,27.3,29.7,25.6,0.2,88.0,79.0,20.4,31.55,Caution,17,11,2016,322,46,Wet,El Nino,1,4.25,0
2016-11-18 08:00:00,27.3,29.8,25.8,0.3,88.0,80.0,22.8,31.55,Caution,18,11,2016,323,46,Wet,El Nino,1,4.25,0
2016-11-19 08:00:00,26.8,28.7,25.5,1.1,88.0,82.0,22.3,30.22,Caution,19,11,2016,324,46,Wet,El Nino,1,3.419999999999998,0
2016-11-20 08:00:00,27.3,30.3,25.3,0.0,91.0,79.0,22.3,32.12,Caution,20,11,2016,325,46,Wet,El Nino,1,4.819999999999997,0
2016-11-21 08:00:00,26.9,31.2,23.5,0.0,93.0,77.0,18.8,31.33,Caution,21,11,2016,326,47,Wet,El Nino,1,4.43,0
2016-11-22 08:00:00,27.3,30.9,24.5,0.4,94.0,76.0,19.7,32.71,Caution,22,11,2016,327,47,Wet,El Nino,1,5.41,0
2016-11-23 08:00:00,27.0,30.8,24.0,0.0,92.0,75.0,17.5,31.45,Caution,23,11,2016,328,47,Wet,El Nino,1,4.449999999999999,0
2016-11-24 08:00:00,27.2,30.5,25.0,4.8,89.0,74.0,20.6,31.46,Caution,24,11,2016,329,47,Wet,El Nino,1,4.260000000000002,0
2016-11-25 08:00:00,25.2,25.8,24.3,36.1,90.0,87.0,25.4,26.13,Normal,25,11,2016,330,47,Wet,El Nino,1,0.9299999999999997,0
2016-11-26 08:00:00,26.2,27.5,25.4,2.2,91.0,86.0,19.0,28.6,Caution,26,11,2016,331,47,Wet,El Nino,1,2.400000000000002,0
2016-11-27 08:00:00,27.1,29.7,25.0,0.4,96.0,86.0,17.1,32.48,Caution,27,11,2016,332,47,Wet,El Nino,1,5.3799999999999955,0
2016-11-28 08:00:00,27.3,30.2,25.3,0.0,88.0,81.0,17.0,31.55,Caution,28,11,2016,333,48,Wet,El Nino,1,4.25,0
2016-11-29 08:00:00,26.7,29.4,24.9,0.0,91.0,81.0,18.5,30.44,Caution,29,11,2016,334,48,Wet,El Nino,1,3.740000000000002,0
2016-11-30 08:00:00,26.8,29.1,25.3,0.4,89.0,80.0,21.8,30.38,Caution,30,11,2016,335,48,Wet,El Nino,1,3.5799999999999983,0
2016-12-01 08:00:00,27.1,30.1,24.9,0.0,88.0,77.0,20.6,31.01,Caution,1,12,2016,336,48,Cool Dry,El Nino,1,3.91,0
2016-12-02 08:00:00,26.6,29.0,24.8,0.0,86.0,79.0,21.7,29.31,Caution,2,12,2016,337,48,Cool Dry,El Nino,1,2.7099999999999973,0
2016-12-03 08:00:00,26.7,29.1,24.8,0.0,90.0,80.0,21.7,30.28,Caution,3,12,2016,338,48,Cool Dry,El Nino,1,3.580000000000002,0
2016-12-04 08:00:00,26.8,29.8,24.9,1.0,91.0,78.0,19.2,30.71,Caution,4,12,2016,339,48,Cool Dry,El Nino,1,3.91,0
2016-12-05 08:00:00,26.9,29.7,24.9,0.0,89.0,80.0,20.8,30.65,Caution,5,12,2016,340,49,Cool Dry,El Nino,1,3.75,0
2016-12-06 08:00:00,27.3,30.2,25.4,0.0,82.0,73.0,19.3,30.64,Caution,6,12,2016,341,49,Cool Dry,El Nino,1,3.34,0
2016-12-07 08:00:00,26.0,28.5,24.3,27.0,95.0,86.0,21.0,28.23,Caution,7,12,2016,342,49,Cool Dry,El Nino,1,2.2300000000000004,0
2016-12-08 08:00:00,26.4,28.8,24.8,1.4,92.0,84.0,15.9,29.21,Caution,8,12,2016,343,49,Cool Dry,El Nino,1,2.8100000000000023,0
2016-12-09 08:00:00,26.4,28.7,24.6,0.4,94.0,85.0,13.7,29.34,Caution,9,12,2016,344,49,Cool Dry,El Nino,1,2.9400000000000013,0
2016-12-10 08:00:00,26.4,29.1,25.0,4.9,93.0,85.0,8.0,29.27,Caution,10,12,2016,345,49,Cool Dry,El Nino,1,2.870000000000001,0
2016-12-11 08:00:00,26.2,28.4,24.2,0.4,92.0,82.0,14.5,28.65,Caution,11,12,2016,346,49,Cool Dry,El Nino,1,2.4499999999999993,0
2016-12-12 08:00:00,26.5,28.8,24.9,33.1,93.0,83.0,13.0,29.56,Caution,12,12,2016,347,50,Cool Dry,El Nino,1,3.0599999999999987,0
2016-12-13 08:00:00,25.95,26.2,24.6,95.6,95.0,93.0,9.8,28.08,Caution,13,12,2016,348,50,Cool Dry,El Nino,1,2.129999999999999,0
2016-12-14 08:00:00,25.4,27.1,24.2,30.7,96.0,89.0,8.4,26.5,Normal,14,12,2016,349,50,Cool Dry,El Nino,1,1.1000000000000014,0
2016-12-15 08:00:00,25.8,27.5,24.5,0.4,89.0,83.0,21.3,27.51,Caution,15,12,2016,350,50,Cool Dry,El Nino,1,1.7100000000000009,0
2016-12-16 08:00:00,24.4,26.0,23.1,33.2,87.0,85.0,21.7,25.17,Normal,16,12,2016,351,50,Cool Dry,El Nino,1,0.7700000000000031,0
2016-12-17 08:00:00,25.0,25.7,24.2,3.2,82.0,80.0,31.3,25.7,Normal,17,12,2016,352,50,Cool Dry,El Nino,1,0.6999999999999993,0
2016-12-18 08:00:00,25.5,27.0,24.6,3.0,84.0,81.0,21.6,26.3,Normal,18,12,2016,353,50,Cool Dry,El Nino,1,0.8000000000000007,0
2016-12-19 08:00:00,26.1,28.7,24.6,0.0,90.0,81.0,17.4,28.29,Caution,19,12,2016,354,51,Cool Dry,El Nino,1,2.1899999999999977,0
2016-12-20 08:00:00,26.4,29.6,24.6,0.0,89.0,80.0,19.8,29.02,Caution,20,12,2016,355,51,Cool Dry,El Nino,1,2.620000000000001,0
2016-12-21 08:00:00,25.5,28.3,22.4,0.5,96.0,85.0,19.0,26.61,Normal,21,12,2016,356,51,Cool Dry,El Nino,1,1.1099999999999994,0
2016-12-22 08:00:00,26.0,29.7,23.4,0.0,94.0,80.0,14.1,28.19,Caution,22,12,2016,357,51,Cool Dry,El Nino,1,2.1900000000000013,0
2016-12-23 08:00:00,26.2,29.0,24.2,0.0,86.0,76.0,23.8,28.35,Caution,23,12,2016,358,51,Cool Dry,El Nino,1,2.150000000000002,0
2016-12-24 08:00:00,25.9,28.3,24.5,0.0,83.0,78.0,27.7,27.57,Caution,24,12,2016,359,51,Cool Dry,El Nino,1,1.6700000000000017,0
2016-12-25 08:00:00,26.3,29.0,24.0,5.5,87.0,76.0,25.5,28.64,Caution,25,12,2016,360,51,Cool Dry,El Nino,1,2.34,0
2016-12-26 08:00:00,25.9,27.6,24.5,11.7,94.0,88.0,34.0,27.91,Caution,26,12,2016,361,52,Cool Dry,El Nino,1,2.0100000000000016,0
2016-12-27 08:00:00,26.7,29.7,24.5,0.6,96.0,87.0,11.5,31.26,Caution,27,12,2016,362,52,Cool Dry,El Nino,1,4.560000000000002,0
2016-12-28 08:00:00,26.8,29.4,24.7,0.4,94.0,83.0,15.3,31.22,Caution,28,12,2016,363,52,Cool Dry,El Nino,1,4.419999999999998,0
2016-12-29 08:00:00,26.7,29.9,25.1,0.8,90.0,79.0,18.5,30.28,Caution,29,12,2016,364,52,Cool Dry,El Nino,1,3.580000000000002,0
2016-12-30 08:00:00,26.3,29.0,24.7,0.2,83.0,78.0,20.0,28.42,Caution,30,12,2016,365,52,Cool Dry,El Nino,1,2.120000000000001,0
2016-12-31 08:00:00,25.9,27.9,24.5,3.9,87.0,80.0,24.1,27.69,Caution,31,12,2016,366,52,Cool Dry,El Nino,1,1.7900000000000027,0
2017-01-01 08:00:00,26.2,29.8,23.4,0.2,93.0,74.0,21.7,28.71,Caution,1,1,2017,1,52,Cool Dry,La Nina,0,2.5100000000000016,0
2017-01-02 08:00:00,26.3,30.1,23.9,0.0,92.0,76.0,17.3,28.93,Caution,2,1,2017,2,1,Cool Dry,La Nina,0,2.629999999999999,0
2017-01-03 08:00:00,26.3,30.1,23.7,0.2,90.0,77.0,17.7,28.81,Caution,3,1,2017,3,1,Cool Dry,La Nina,0,2.509999999999998,0
2017-01-04 08:00:00,26.2,28.4,24.3,2.2,96.0,85.0,9.4,28.86,Caution,4,1,2017,4,1,Cool Dry,La Nina,0,2.66,0
2017-01-05 08:00:00,24.8,27.4,22.0,4.9,99.0,88.0,12.8,25.92,Normal,5,1,2017,5,1,Cool Dry,La Nina,0,1.120000000000001,0
2017-01-06 08:00:00,25.3,29.4,22.0,0.1,98.0,79.0,15.5,26.44,Normal,6,1,2017,6,1,Cool Dry,La Nina,0,1.1400000000000006,0
2017-01-07 08:00:00,24.9,29.3,20.8,0.0,96.0,77.0,15.8,25.95,Normal,7,1,2017,7,1,Cool Dry,La Nina,0,1.0500000000000007,0
2017-01-08 08:00:00,24.5,27.1,22.0,0.0,97.0,85.0,10.9,25.54,Normal,8,1,2017,8,1,Cool Dry,La Nina,0,1.0399999999999991,0
2017-01-09 08:00:00,25.7,29.4,23.8,1.0,93.0,81.0,12.8,27.34,Caution,9,1,2017,9,2,Cool Dry,La Nina,0,1.6400000000000006,0
2017-01-10 08:00:00,24.3,24.9,23.2,52.8,97.0,92.0,12.1,25.32,Normal,10,1,2017,10,2,Cool Dry,La Nina,0,1.0199999999999996,0
2017-01-11 08:00:00,24.8,27.7,22.5,12.0,97.0,89.0,8.4,25.87,Normal,11,1,2017,11,2,Cool Dry,La Nina,0,1.0700000000000003,0
2017-01-12 08:00:00,25.6,29.0,23.1,2.8,96.0,85.0,16.8,27.11,Caution,12,1,2017,12,2,Cool Dry,La Nina,0,1.509999999999998,0
2017-01-13 08:00:00,25.9,29.1,23.5,0.2,100.0,87.0,14.1,28.09,Caution,13,1,2017,13,2,Cool Dry,La Nina,0,2.1900000000000013,0
2017-01-14 08:00:00,26.0,28.4,23.5,0.9,98.0,83.0,8.0,28.34,Caution,14,1,2017,14,2,Cool Dry,La Nina,0,2.34,0
2017-01-15 08:00:00,25.9,29.8,23.8,2.7,89.0,81.0,13.7,27.75,Caution,15,1,2017,15,2,Cool Dry,La Nina,0,1.8500000000000014,0
2017-01-16 08:00:00,24.9,28.2,22.0,0.0,93.0,77.0,13.7,25.87,Normal,16,1,2017,16,3,Cool Dry,La Nina,0,0.9700000000000024,0
2017-01-17 08:00:00,24.7,28.1,22.0,0.0,94.0,76.0,25.9,25.68,Normal,17,1,2017,17,3,Cool Dry,La Nina,0,0.9800000000000004,0
2017-01-18 08:00:00,25.0,28.8,21.6,0.0,90.0,72.0,20.2,25.91,Normal,18,1,2017,18,3,Cool Dry,La Nina,0,0.9100000000000001,0
2017-01-19 08:00:00,25.2,28.1,22.3,2.9,96.0,81.0,14.0,26.28,Normal,19,1,2017,19,3,Cool Dry,La Nina,0,1.0800000000000018,0
2017-01-20 08:00:00,25.2,28.8,22.0,0.9,95.0,78.0,10.5,26.26,Normal,20,1,2017,20,3,Cool Dry,La Nina,0,1.0600000000000023,0
2017-01-21 08:00:00,25.2,29.1,22.4,0.0,91.0,77.0,13.5,26.15,Normal,21,1,2017,21,3,Cool Dry,La Nina,0,0.9499999999999993,0
2017-01-22 08:00:00,25.3,28.4,23.3,7.3,98.0,87.0,11.9,26.44,Normal,22,1,2017,22,3,Cool Dry,La Nina,0,1.1400000000000006,0
2017-01-23 08:00:00,25.7,27.8,23.8,1.3,90.0,81.0,14.7,27.29,Caution,23,1,2017,23,4,Cool Dry,La Nina,0,1.5899999999999999,0
2017-01-24 08:00:00,25.3,27.5,23.5,1.1,84.0,78.0,18.7,26.08,Normal,24,1,2017,24,4,Cool Dry,La Nina,0,0.7799999999999976,0
2017-01-25 08:00:00,24.9,27.3,22.5,0.3,93.0,77.0,21.7,25.87,Normal,25,1,2017,25,4,Cool Dry,La Nina,0,0.9700000000000024,0
2017-01-26 08:00:00,24.4,27.7,22.0,1.5,89.0,80.0,10.5,25.22,Normal,26,1,2017,26,4,Cool Dry,La Nina,0,0.8200000000000003,0
2017-01-27 08:00:00,24.5,27.8,22.1,0.5,94.0,80.0,15.2,25.46,Normal,27,1,2017,27,4,Cool Dry,La Nina,0,0.9600000000000009,0
2017-01-28 08:00:00,24.8,27.9,22.1,0.7,94.0,79.0,19.1,25.79,Normal,28,1,2017,28,4,Cool Dry,La Nina,0,0.9899999999999984,0
2017-01-29 08:00:00,25.5,29.0,23.9,0.3,86.0,79.0,14.2,26.35,Normal,29,1,2017,29,4,Cool Dry,La Nina,0,0.8500000000000014,0
2017-01-30 08:00:00,26.0,29.7,23.9,0.3,98.0,85.0,11.5,28.34,Caution,30,1,2017,30,5,Cool Dry,La Nina,0,2.34,0
2017-01-31 08:00:00,26.3,29.1,23.9,0.5,99.0,83.0,13.2,29.35,Caution,31,1,2017,31,5,Cool Dry,La Nina,0,3.0500000000000007,0
2017-02-01 08:00:00,25.9,28.6,24.4,6.5,96.0,88.0,11.4,27.97,Caution,1,2,2017,32,5,Cool Dry,La Nina,0,2.0700000000000003,0
2017-02-02 08:00:00,24.9,28.3,22.8,9.5,97.0,87.0,11.5,25.98,Normal,2,2,2017,33,5,Cool Dry,La Nina,0,1.0800000000000018,0
2017-02-03 08:00:00,24.9,28.3,21.8,1.7,95.0,82.0,15.7,25.93,Normal,3,2,2017,34,5,Cool Dry,La Nina,0,1.0300000000000011,0
2017-02-04 08:00:00,25.0,28.5,21.9,0.0,95.0,77.0,14.6,26.04,Normal,4,2,2017,35,5,Cool Dry,La Nina,0,1.0399999999999991,0
2017-02-05 08:00:00,25.2,28.05,22.5,0.0,94.0,80.0,9.9,26.23,Normal,5,2,2017,36,5,Cool Dry,La Nina,0,1.0300000000000011,0
2017-02-06 08:00:00,24.9,27.6,21.8,1.1,95.0,81.0,7.6,25.93,Normal,6,2,2017,37,6,Cool Dry,La Nina,0,1.0300000000000011,0
2017-02-07 08:00:00,25.1,28.9,21.5,0.2,96.0,77.0,13.5,26.17,Normal,7,2,2017,38,6,Cool Dry,La Nina,0,1.0700000000000003,0
2017-02-08 08:00:00,25.0,28.0,22.2,0.8,98.0,82.0,13.1,26.11,Normal,8,2,2017,39,6,Cool Dry,La Nina,0,1.1099999999999994,0
2017-02-09 08:00:00,24.8,27.7,22.2,0.6,93.0,83.0,7.3,25.76,Normal,9,2,2017,40,6,Cool Dry,La Nina,0,0.9600000000000009,0
2017-02-10 08:00:00,24.0,27.0,21.0,0.0,95.0,80.0,8.9,24.94,Normal,10,2,2017,41,6,Cool Dry,La Nina,0,0.9400000000000013,0
2017-02-11 08:00:00,23.4,26.5,20.0,0.1,97.0,76.0,18.1,24.33,Normal,11,2,2017,42,6,Cool Dry,La Nina,0,0.9299999999999997,0
2017-02-12 08:00:00,23.5,27.0,20.6,0.0,91.0,74.0,14.3,24.28,Normal,12,2,2017,43,6,Cool Dry,La Nina,0,0.7800000000000011,0
2017-02-13 08:00:00,23.1,26.9,20.5,1.0,90.0,73.0,20.9,23.82,Normal,13,2,2017,44,7,Cool Dry,La Nina,0,0.7199999999999989,0
2017-02-14 08:00:00,22.9,26.6,19.9,0.0,81.0,67.0,23.4,23.36,Normal,14,2,2017,45,7,Cool Dry,La Nina,0,0.46000000000000085,0
2017-02-15 08:00:00,23.1,27.5,19.8,0.0,94.0,73.0,22.7,23.92,Normal,15,2,2017,46,7,Cool Dry,La Nina,0,0.8200000000000003,0
2017-02-16 08:00:00,24.1,28.5,21.5,0.0,94.0,73.0,19.8,25.02,Normal,16,2,2017,47,7,Cool Dry,La Nina,0,0.9199999999999982,0
2017-02-17 08:00:00,25.3,29.0,23.0,0.2,98.0,82.0,12.2,26.44,Normal,17,2,2017,48,7,Cool Dry,La Nina,0,1.1400000000000006,0
2017-02-18 08:00:00,25.5,28.0,23.3,4.3,97.0,87.0,10.1,26.64,Normal,18,2,2017,49,7,Cool Dry,La Nina,0,1.1400000000000006,0
2017-02-19 08:00:00,24.1,26.5,21.6,2.7,98.0,83.0,12.2,25.12,Normal,19,2,2017,50,7,Cool Dry,La Nina,0,1.0199999999999996,0
2017-02-20 08:00:00,26.2,30.3,23.0,0.0,98.0,80.0,19.3,28.97,Caution,20,2,2017,51,8,Cool Dry,La Nina,0,2.7699999999999996,0
2017-02-21 08:00:00,26.2,30.4,22.2,0.5,98.0,77.0,20.0,28.97,Caution,21,2,2017,52,8,Cool Dry,La Nina,0,2.7699999999999996,0
2017-02-22 08:00:00,25.9,30.5,22.2,0.0,95.0,77.0,14.5,27.94,Caution,22,2,2017,53,8,Cool Dry,La Nina,0,2.0400000000000027,0
2017-02-23 08:00:00,26.7,30.8,23.5,0.0,98.0,78.0,18.0,31.6,Caution,23,2,2017,54,8,Cool Dry,La Nina,0,4.900000000000002,0
2017-02-24 08:00:00,26.1,29.1,23.8,8.0,96.0,82.0,13.0,28.56,Caution,24,2,2017,55,8,Cool Dry,La Nina,0,2.4599999999999973,0
2017-02-25 08:00:00,26.9,30.6,23.8,0.0,96.0,75.0,14.4,31.86,Caution,25,2,2017,56,8,Cool Dry,La Nina,0,4.960000000000001,0
2017-02-26 08:00:00,26.3,29.1,23.6,0.7,95.0,81.0,11.8,29.11,Caution,26,2,2017,57,8,Cool Dry,La Nina,0,2.8099999999999987,0
2017-02-27 08:00:00,26.8,31.5,24.0,0.0,94.0,75.0,16.6,31.22,Caution,27,2,2017,58,9,Cool Dry,La Nina,0,4.419999999999998,0
2017-02-28 08:00:00,26.2,30.5,22.9,0.6,96.0,77.0,19.9,28.86,Caution,28,2,2017,59,9,Cool Dry,La Nina,0,2.66,0
2017-03-01 08:00:00,26.7,29.9,24.2,1.2,96.0,76.0,11.5,31.26,Caution,1,3,2017,60,9,Dry,La Nina,0,4.560000000000002,0
2017-03-02 08:00:00,25.6,28.1,23.0,1.9,94.0,84.0,9.0,27.09,Caution,2,3,2017,61,9,Dry,La Nina,0,1.4899999999999984,0
2017-03-03 08:00:00,26.2,29.5,23.8,0.7,91.0,77.0,16.6,28.6,Caution,3,3,2017,62,9,Dry,La Nina,0,2.400000000000002,0
2017-03-04 08:00:00,25.5,28.0,22.7,0.5,94.0,78.0,18.4,26.56,Normal,4,3,2017,63,9,Dry,La Nina,0,1.0599999999999987,0
2017-03-05 08:00:00,26.1,31.0,21.8,0.0,91.0,72.0,19.2,28.34,Caution,5,3,2017,64,9,Dry,La Nina,0,2.2399999999999984,0
2017-03-06 08:00:00,26.0,30.5,21.5,0.0,92.0,73.0,18.6,28.11,Caution,6,3,2017,65,10,Dry,La Nina,0,2.1099999999999994,0
2017-03-07 08:00:00,26.2,30.5,22.1,0.0,97.0,74.0,16.7,28.91,Caution,7,3,2017,66,10,Dry,La Nina,0,2.710000000000001,0
2017-03-08 08:00:00,26.2,30.5,22.6,0.0,94.0,72.0,14.6,28.76,Caution,8,3,2017,67,10,Dry,La Nina,0,2.5600000000000023,0
2017-03-09 08:00:00,26.0,30.5,22.2,0.0,86.0,68.0,25.7,27.89,Caution,9,3,2017,68,10,Dry,La Nina,0,1.8900000000000006,0
2017-03-10 08:00:00,26.2,30.8,22.2,0.0,97.0,73.0,21.2,28.91,Caution,10,3,2017,69,10,Dry,La Nina,0,2.710000000000001,0
2017-03-11 08:00:00,26.4,31.6,21.6,0.0,92.0,70.0,12.6,29.21,Caution,11,3,2017,70,10,Dry,La Nina,0,2.8100000000000023,0
2017-03-12 08:00:00,27.4,31.6,24.4,0.1,85.0,67.0,15.9,31.26,Caution,12,3,2017,71,10,Dry,La Nina,0,3.860000000000003,0
2017-03-13 08:00:00,27.2,29.8,25.5,0.3,85.0,74.0,19.8,30.73,Caution,13,3,2017,72,11,Dry,La Nina,0,3.530000000000001,0
2017-03-14 08:00:00,27.9,31.3,24.3,0.0,95.0,75.0,13.9,34.83,Extreme Caution,14,3,2017,73,11,Dry,La Nina,0,6.93,0
2017-03-15 08:00:00,27.6,31.5,24.6,0.0,80.0,68.0,15.4,31.12,Caution,15,3,2017,74,11,Dry,La Nina,0,3.5199999999999996,0
2017-03-16 08:00:00,26.9,30.9,23.2,0.0,86.0,66.0,16.5,30.14,Caution,16,3,2017,75,11,Dry,La Nina,0,3.240000000000002,0
2017-03-17 08:00:00,27.0,31.2,24.0,0.0,78.0,65.0,21.7,29.55,Caution,17,3,2017,76,11,Dry,La Nina,0,2.5500000000000007,0
2017-03-18 08:00:00,26.6,31.0,22.2,0.0,95.0,65.0,24.9,30.02,Caution,18,3,2017,77,11,Dry,La Nina,0,3.419999999999998,0
2017-03-19 08:00:00,26.4,31.8,22.4,0.0,96.0,70.0,25.2,29.47,Caution,19,3,2017,78,11,Dry,La Nina,0,3.0700000000000003,0
2017-03-20 08:00:00,26.8,31.8,23.3,0.0,87.0,65.0,21.0,30.05,Caution,20,3,2017,79,12,Dry,La Nina,0,3.25,0
2017-03-21 08:00:00,25.4,27.1,24.0,3.2,94.0,85.0,15.4,26.45,Normal,21,3,2017,80,12,Dry,La Nina,0,1.0500000000000007,0
2017-03-22 08:00:00,27.8,32.0,24.3,0.2,96.0,77.0,13.9,34.73,Extreme Caution,22,3,2017,81,12,Dry,La Nina,0,6.929999999999996,0
2017-03-23 08:00:00,28.7,32.3,25.2,0.4,92.0,74.0,10.7,36.76,Extreme Caution,23,3,2017,82,12,Dry,La Nina,0,8.059999999999999,0
2017-03-24 08:00:00,28.2,33.4,23.6,0.1,95.0,73.0,25.1,35.84,Extreme Caution,24,3,2017,83,12,Dry,La Nina,0,7.640000000000004,0
2017-03-25 08:00:00,28.3,32.7,24.4,0.1,90.0,71.0,23.1,34.94,Extreme Caution,25,3,2017,84,12,Dry,La Nina,0,6.639999999999997,0
2017-03-26 08:00:00,28.4,33.5,25.2,0.0,90.0,71.0,21.4,35.26,Extreme Caution,26,3,2017,85,12,Dry,La Nina,0,6.859999999999999,0
2017-03-27 08:00:00,28.2,32.2,24.9,1.2,86.0,67.0,21.6,33.69,Extreme Caution,27,3,2017,86,13,Dry,La Nina,0,5.489999999999998,0
2017-03-28 08:00:00,27.7,31.5,24.4,0.4,88.0,66.0,25.6,32.68,Caution,28,3,2017,87,13,Dry,La Nina,0,4.98,0
2017-03-29 08:00:00,28.0,33.0,24.0,0.0,90.0,66.0,20.2,34.0,Extreme Caution,29,3,2017,88,13,Dry,La Nina,0,6.0,0
2017-03-30 08:00:00,27.8,33.3,23.1,0.0,88.0,65.0,20.0,32.97,Caution,30,3,2017,89,13,Dry,La Nina,0,5.169999999999998,0
2017-03-31 08:00:00,28.4,32.5,24.5,0.0,88.0,65.0,15.5,34.77,Extreme Caution,31,3,2017,90,13,Dry,La Nina,0,6.3700000000000045,0
2017-04-01 08:00:00,28.1,32.3,25.3,0.3,86.0,71.0,10.2,33.4,Extreme Caution,1,4,2017,91,13,Dry,La Nina,0,5.299999999999997,0
2017-04-02 08:00:00,26.8,30.9,23.9,0.2,79.0,65.0,22.6,29.22,Caution,2,4,2017,92,13,Dry,La Nina,0,2.419999999999998,0
2017-04-03 08:00:00,26.0,30.5,22.6,0.0,81.0,62.0,20.7,27.7,Caution,3,4,2017,93,14,Dry,La Nina,0,1.6999999999999993,0
2017-04-04 08:00:00,26.8,31.7,23.5,0.0,79.0,63.0,23.1,29.22,Caution,4,4,2017,94,14,Dry,La Nina,0,2.419999999999998,0
2017-04-05 08:00:00,27.0,30.8,23.2,0.2,91.0,65.0,16.1,31.27,Caution,5,4,2017,95,14,Dry,La Nina,0,4.27,0
2017-04-06 08:00:00,27.7,31.9,24.5,0.0,84.0,68.0,17.6,31.92,Caution,6,4,2017,96,14,Dry,La Nina,0,4.220000000000002,0
2017-04-07 08:00:00,29.0,33.3,26.2,0.0,82.0,66.0,25.3,35.18,Extreme Caution,7,4,2017,97,14,Dry,La Nina,0,6.18,0
2017-04-08 08:00:00,29.0,33.2,26.2,0.6,84.0,72.0,19.1,35.64,Extreme Caution,8,4,2017,98,14,Dry,La Nina,0,6.640000000000001,0
2017-04-09 08:00:00,29.4,33.6,25.8,0.1,87.0,70.0,19.2,37.72,Extreme Caution,9,4,2017,99,14,Dry,La Nina,0,8.32,0
2017-04-10 08:00:00,29.2,33.2,26.5,0.0,86.0,70.0,17.4,36.78,Extreme Caution,10,4,2017,100,15,Dry,La Nina,0,7.580000000000002,0
2017-04-11 08:00:00,29.1,32.3,26.0,0.2,85.0,72.0,13.9,36.18,Extreme Caution,11,4,2017,101,15,Dry,La Nina,0,7.079999999999998,0
2017-04-12 08:00:00,28.7,33.9,24.3,0.0,83.0,64.0,23.7,34.53,Extreme Caution,12,4,2017,102,15,Dry,La Nina,0,5.830000000000002,0
2017-04-13 08:00:00,28.6,33.5,24.0,0.0,89.0,67.0,22.1,35.64,Extreme Caution,13,4,2017,103,15,Dry,La Nina,0,7.039999999999999,0
2017-04-14 08:00:00,28.9,34.2,24.8,0.0,92.0,66.0,22.8,37.45,Extreme Caution,14,4,2017,104,15,Dry,La Nina,0,8.550000000000004,0
2017-04-15 08:00:00,29.3,33.6,25.35,0.2,82.0,66.0,15.6,36.07,Extreme Caution,15,4,2017,105,15,Dry,La Nina,0,6.77,0
2017-04-16 08:00:00,28.5,31.7,25.9,6.1,91.0,73.0,17.6,35.83,Extreme Caution,16,4,2017,106,15,Dry,La Nina,0,7.329999999999998,0
2017-04-17 08:00:00,28.65,32.2,25.9,2.9,95.0,80.0,19.4,37.41,Extreme Caution,17,4,2017,107,16,Dry,La Nina,0,8.759999999999998,0
2017-04-18 08:00:00,28.8,32.1,26.4,0.2,92.0,79.0,16.3,37.11,Extreme Caution,18,4,2017,108,16,Dry,La Nina,0,8.309999999999999,0
2017-04-19 08:00:00,28.8,31.8,26.6,2.2,88.0,78.0,20.3,36.03,Extreme Caution,19,4,2017,109,16,Dry,La Nina,0,7.23,0
2017-04-20 08:00:00,29.3,33.0,26.9,3.2,84.0,74.0,14.4,36.57,Extreme Caution,20,4,2017,110,16,Dry,La Nina,0,7.27,0
2017-04-21 08:00:00,29.3,33.0,26.7,0.9,87.0,74.0,13.5,37.39,Extreme Caution,21,4,2017,111,16,Dry,La Nina,0,8.09,0
2017-04-22 08:00:00,28.8,32.0,26.0,3.3,92.0,79.0,10.5,37.11,Extreme Caution,22,4,2017,112,16,Dry,La Nina,0,8.309999999999999,0
2017-04-23 08:00:00,28.4,32.0,26.1,5.6,91.0,78.0,12.2,35.51,Extreme Caution,23,4,2017,113,16,Dry,La Nina,0,7.109999999999999,0
2017-04-24 08:00:00,29.4,33.5,26.0,1.3,89.0,70.0,9.6,38.31,Extreme Caution,24,4,2017,114,17,Dry,La Nina,0,8.910000000000004,0
2017-04-25 08:00:00,29.5,33.5,26.1,0.1,85.0,67.0,12.3,37.47,Extreme Caution,25,4,2017,115,17,Dry,La Nina,0,7.969999999999999,0
2017-04-26 08:00:00,29.5,33.0,26.5,2.0,92.0,71.0,16.0,39.59,Extreme Caution,26,4,2017,116,17,Dry,La Nina,0,10.090000000000003,0
2017-04-27 08:00:00,29.4,33.2,27.1,1.7,86.0,73.0,15.5,37.43,Extreme Caution,27,4,2017,117,17,Dry,La Nina,0,8.030000000000001,0
2017-04-28 08:00:00,29.7,32.8,27.1,0.2,83.0,70.0,15.8,37.57,Extreme Caution,28,4,2017,118,17,Dry,La Nina,0,7.870000000000001,0
2017-04-29 08:00:00,29.8,33.5,27.0,2.8,85.0,71.0,15.2,38.46,Extreme Caution,29,4,2017,119,17,Dry,La Nina,0,8.66,0
2017-04-30 08:00:00,29.2,32.2,26.6,1.2,89.0,73.0,15.5,37.62,Extreme Caution,30,4,2017,120,17,Dry,La Nina,0,8.419999999999998,0
2017-05-01 08:00:00,29.4,32.4,27.0,1.1,86.0,74.0,12.1,37.43,Extreme Caution,1,5,2017,121,18,Dry,La Nina,0,8.030000000000001,0
2017-05-02 08:00:00,29.2,33.8,26.5,6.5,91.0,75.0,9.9,38.21,Extreme Caution,2,5,2017,122,18,Dry,La Nina,0,9.010000000000002,0
2017-05-03 08:00:00,29.1,32.6,26.6,5.7,86.0,75.0,10.8,36.45,Extreme Caution,3,5,2017,123,18,Dry,La Nina,0,7.350000000000001,0
2017-05-04 08:00:00,30.1,34.5,26.8,0.8,86.0,69.0,15.8,39.81,Extreme Caution,4,5,2017,124,18,Dry,La Nina,0,9.71,0
2017-05-05 08:00:00,30.0,34.7,26.5,1.7,84.0,66.0,12.3,38.84,Extreme Caution,5,5,2017,125,18,Dry,La Nina,0,8.840000000000003,0
2017-05-06 08:00:00,29.7,33.5,26.2,0.1,88.0,69.0,13.2,39.05,Extreme Caution,6,5,2017,126,18,Dry,La Nina,0,9.349999999999998,0
2017-05-07 08:00:00,30.0,34.0,26.5,0.6,87.0,67.0,16.6,39.78,Extreme Caution,7,5,2017,127,18,Dry,La Nina,0,9.780000000000001,0
2017-05-08 08:00:00,30.2,34.9,26.4,0.6,85.0,65.0,19.0,39.83,Extreme Caution,8,5,2017,128,19,Dry,La Nina,0,9.629999999999999,0
2017-05-09 08:00:00,30.0,34.0,27.4,0.2,80.0,67.0,16.5,37.67,Extreme Caution,9,5,2017,129,19,Dry,La Nina,0,7.670000000000002,0
2017-05-10 08:00:00,30.4,35.2,26.8,0.0,83.0,64.0,21.0,39.87,Extreme Caution,10,5,2017,130,19,Dry,La Nina,0,9.469999999999999,0
2017-05-11 08:00:00,29.9,35.0,26.8,0.1,85.0,66.0,23.2,38.8,Extreme Caution,11,5,2017,131,19,Dry,La Nina,0,8.899999999999999,0
2017-05-12 08:00:00,30.8,35.2,27.1,0.0,84.0,63.0,23.1,41.61,Extreme Caution,12,5,2017,132,19,Dry,La Nina,0,10.809999999999999,0
2017-05-13 08:00:00,30.8,35.7,27.5,0.1,80.0,62.0,21.6,40.21,Extreme Caution,13,5,2017,133,19,Dry,La Nina,0,9.41,0
2017-05-14 08:00:00,30.8,35.8,26.9,0.0,86.0,62.0,23.1,42.34,Danger,14,5,2017,134,19,Dry,La Nina,0,11.540000000000003,1
2017-05-15 08:00:00,30.5,35.0,27.0,0.0,82.0,64.0,20.3,39.88,Extreme Caution,15,5,2017,135,20,Dry,La Nina,0,9.380000000000003,0
2017-05-16 08:00:00,29.8,33.3,27.7,3.5,87.0,73.0,20.6,39.08,Extreme Caution,16,5,2017,136,20,Dry,La Nina,0,9.279999999999998,0
2017-05-17 08:00:00,29.1,31.6,27.0,5.1,91.0,79.0,17.9,37.86,Extreme Caution,17,5,2017,137,20,Dry,La Nina,0,8.759999999999998,0
2017-05-18 08:00:00,29.2,32.5,27.5,6.3,85.0,77.0,15.0,36.5,Extreme Caution,18,5,2017,138,20,Dry,La Nina,0,7.300000000000001,0
2017-05-19 08:00:00,29.5,33.2,26.9,9.1,92.0,77.0,16.8,39.59,Extreme Caution,19,5,2017,139,20,Dry,La Nina,0,10.090000000000003,0
2017-05-20 08:00:00,29.2,31.2,27.2,5.2,92.0,80.0,15.0,38.5,Extreme Caution,20,5,2017,140,20,Dry,La Nina,0,9.3,0
2017-05-21 08:00:00,28.7,31.8,26.7,10.7,92.0,81.0,23.7,36.76,Extreme Caution,21,5,2017,141,20,Dry,La Nina,0,8.059999999999999,0
2017-05-22 08:00:00,27.6,30.6,26.0,28.4,97.0,87.0,18.7,34.29,Extreme Caution,22,5,2017,142,21,Dry,La Nina,0,6.689999999999998,0
2017-05-23 08:00:00,28.1,30.1,26.6,5.1,99.0,86.0,16.6,36.49,Extreme Caution,23,5,2017,143,21,Dry,La Nina,0,8.39,0
2017-05-24 08:00:00,28.0,29.6,26.6,20.0,95.0,86.0,17.9,35.16,Extreme Caution,24,5,2017,144,21,Dry,La Nina,0,7.159999999999997,0
2017-05-25 08:00:00,28.0,30.5,26.5,8.7,94.0,86.0,17.5,34.93,Extreme Caution,25,5,2017,145,21,Dry,La Nina,0,6.93,0
2017-05-26 08:00:00,27.7,30.3,26.3,15.3,97.0,88.0,14.3,34.62,Extreme Caution,26,5,2017,146,21,Dry,La Nina,0,6.919999999999998,0
2017-05-27 08:00:00,27.9,31.5,26.0,15.1,92.0,84.0,8.7,34.14,Extreme Caution,27,5,2017,147,21,Dry,La Nina,0,6.240000000000002,0
2017-05-28 08:00:00,28.4,31.9,26.4,13.4,94.0,84.0,13.0,36.27,Extreme Caution,28,5,2017,148,21,Dry,La Nina,0,7.8700000000000045,0
2017-05-29 08:00:00,28.9,32.4,26.9,2.7,91.0,81.0,12.5,37.17,Extreme Caution,29,5,2017,149,22,Dry,La Nina,0,8.270000000000003,0
2017-05-30 08:00:00,28.1,32.4,25.5,9.9,97.0,84.0,12.7,35.99,Extreme Caution,30,5,2017,150,22,Dry,La Nina,0,7.890000000000001,0
2017-05-31 08:00:00,28.9,31.6,26.8,2.0,95.0,83.0,11.6,38.31,Extreme Caution,31,5,2017,151,22,Dry,La Nina,0,9.410000000000004,0
2017-06-01 08:00:00,29.3,31.5,27.5,1.5,90.0,81.0,18.7,38.26,Extreme Caution,1,6,2017,152,22,Wet,La Nina,0,8.959999999999997,0
2017-06-02 08:00:00,28.7,31.2,26.6,13.1,93.0,83.0,24.2,37.03,Extreme Caution,2,6,2017,153,22,Wet,La Nina,0,8.330000000000002,0
2017-06-03 08:00:00,28.4,30.6,26.9,17.6,91.0,83.0,26.7,35.51,Extreme Caution,3,6,2017,154,22,Wet,La Nina,0,7.109999999999999,0
2017-06-04 08:00:00,28.3,30.5,26.2,13.4,95.0,84.0,21.3,36.18,Extreme Caution,4,6,2017,155,22,Wet,La Nina,0,7.879999999999999,0
2017-06-05 08:00:00,28.0,30.4,26.2,8.8,97.0,86.0,18.4,35.64,Extreme Caution,5,6,2017,156,23,Wet,La Nina,0,7.640000000000001,0
2017-06-06 08:00:00,28.7,32.1,25.6,7.5,93.0,81.0,15.9,37.03,Extreme Caution,6,6,2017,157,23,Wet,La Nina,0,8.330000000000002,0
2017-06-07 08:00:00,28.3,30.5,26.5,6.6,90.0,82.0,10.3,34.94,Extreme Caution,7,6,2017,158,23,Wet,La Nina,0,6.639999999999997,0
2017-06-08 08:00:00,28.5,31.4,26.4,4.0,92.0,79.0,16.0,36.09,Extreme Caution,8,6,2017,159,23,Wet,La Nina,0,7.590000000000003,0
2017-06-09 08:00:00,27.7,30.8,24.9,14.2,94.0,82.0,17.0,33.96,Extreme Caution,9,6,2017,160,23,Wet,La Nina,0,6.260000000000002,0
2017-06-10 08:00:00,27.2,29.1,26.1,8.9,95.0,88.0,19.5,32.59,Caution,10,6,2017,161,23,Wet,La Nina,0,5.390000000000004,0
2017-06-11 08:00:00,27.8,30.5,25.6,12.4,97.0,86.0,15.5,34.96,Extreme Caution,11,6,2017,162,23,Wet,La Nina,0,7.16,0
2017-06-12 08:00:00,28.6,31.4,25.9,1.4,96.0,82.0,15.8,37.5,Extreme Caution,12,6,2017,163,24,Wet,La Nina,0,8.899999999999999,0
2017-06-13 08:00:00,29.4,32.5,26.5,0.4,93.0,76.0,17.6,39.54,Extreme Caution,13,6,2017,164,24,Wet,La Nina,0,10.14,0
2017-06-14 08:00:00,28.8,32.5,26.4,4.3,98.0,84.0,13.6,38.81,Extreme Caution,14,6,2017,165,24,Wet,La Nina,0,10.010000000000002,0
2017-06-15 08:00:00,28.1,31.1,25.7,9.5,98.0,85.0,11.5,36.24,Extreme Caution,15,6,2017,166,24,Wet,La Nina,0,8.14,0
2017-06-16 08:00:00,29.4,31.9,27.2,0.3,92.0,80.0,11.2,39.22,Extreme Caution,16,6,2017,167,24,Wet,La Nina,0,9.82,0
2017-06-17 08:00:00,28.8,31.5,26.4,0.6,94.0,81.0,16.3,37.66,Extreme Caution,17,6,2017,168,24,Wet,La Nina,0,8.859999999999996,0
2017-06-18 08:00:00,28.8,31.4,26.0,9.3,93.0,82.0,9.7,37.38,Extreme Caution,18,6,2017,169,24,Wet,La Nina,0,8.580000000000002,0
2017-06-19 08:00:00,28.3,31.5,25.5,3.5,94.0,81.0,8.7,35.93,Extreme Caution,19,6,2017,170,25,Wet,La Nina,0,7.629999999999999,0
2017-06-20 08:00:00,28.2,31.3,26.1,5.5,94.0,82.0,9.2,35.59,Extreme Caution,20,6,2017,171,25,Wet,La Nina,0,7.390000000000004,0
2017-06-21 08:00:00,28.3,30.5,26.6,2.2,93.0,82.0,15.7,35.68,Extreme Caution,21,6,2017,172,25,Wet,La Nina,0,7.379999999999999,0
2017-06-22 08:00:00,27.5,30.9,25.3,18.7,94.0,86.0,16.2,33.32,Extreme Caution,22,6,2017,173,25,Wet,La Nina,0,5.82,0
2017-06-23 08:00:00,28.1,29.9,26.4,3.2,91.0,83.0,12.4,34.54,Extreme Caution,23,6,2017,174,25,Wet,La Nina,0,6.439999999999998,0
2017-06-24 08:00:00,29.1,32.1,26.8,3.0,95.0,81.0,10.4,39.04,Extreme Caution,24,6,2017,175,25,Wet,La Nina,0,9.939999999999998,0
2017-06-25 08:00:00,28.4,32.2,26.4,15.5,94.0,83.0,11.2,36.27,Extreme Caution,25,6,2017,176,25,Wet,La Nina,0,7.8700000000000045,0
2017-06-26 08:00:00,28.6,32.2,26.4,5.6,93.0,81.0,11.4,36.69,Extreme Caution,26,6,2017,177,26,Wet,La Nina,0,8.089999999999996,0
2017-06-27 08:00:00,28.2,31.4,26.0,10.2,95.0,82.0,7.9,35.84,Extreme Caution,27,6,2017,178,26,Wet,La Nina,0,7.640000000000004,0
2017-06-28 08:00:00,27.75,30.0,25.4,24.1,92.0,85.0,8.4,33.68,Extreme Caution,28,6,2017,179,26,Wet,La Nina,0,5.93,0
2017-06-29 08:00:00,27.3,29.9,25.8,9.6,93.0,85.0,12.8,32.51,Caution,29,6,2017,180,26,Wet,La Nina,0,5.209999999999997,0
2017-06-30 08:00:00,28.4,31.6,25.8,3.7,94.0,81.0,8.5,36.27,Extreme Caution,30,6,2017,181,26,Wet,La Nina,0,7.8700000000000045,0
2017-07-01 08:00:00,27.7,30.6,25.5,22.5,93.0,83.0,8.3,33.74,Extreme Caution,1,7,2017,182,26,Wet,La Nina,0,6.040000000000003,0
2017-07-02 08:00:00,27.6,31.0,26.0,15.8,95.0,83.0,11.6,33.85,Extreme Caution,2,7,2017,183,26,Wet,La Nina,0,6.25,0
2017-07-03 08:00:00,27.0,29.9,25.2,17.3,93.0,85.0,14.1,31.62,Caution,3,7,2017,184,27,Wet,La Nina,0,4.620000000000001,0
2017-07-04 08:00:00,26.8,29.0,25.1,13.2,95.0,87.0,10.0,31.39,Caution,4,7,2017,185,27,Wet,La Nina,0,4.59,0
2017-07-05 08:00:00,27.7,29.9,25.4,1.1,96.0,83.0,14.6,34.4,Extreme Caution,5,7,2017,186,27,Wet,La Nina,0,6.699999999999999,0
2017-07-06 08:00:00,28.5,31.0,26.0,0.2,95.0,81.0,19.4,36.88,Extreme Caution,6,7,2017,187,27,Wet,La Nina,0,8.380000000000003,0
2017-07-07 08:00:00,27.9,31.3,25.4,8.3,94.0,82.0,16.3,34.6,Extreme Caution,7,7,2017,188,27,Wet,La Nina,0,6.700000000000003,0
2017-07-08 08:00:00,27.4,30.8,25.5,8.2,93.0,84.0,18.3,32.81,Caution,8,7,2017,189,27,Wet,La Nina,0,5.410000000000004,0
2017-07-09 08:00:00,28.0,30.6,24.9,7.9,94.0,80.0,13.2,34.93,Extreme Caution,9,7,2017,190,27,Wet,La Nina,0,6.93,0
2017-07-10 08:00:00,27.7,30.0,25.9,7.1,92.0,83.0,15.6,33.52,Extreme Caution,10,7,2017,191,28,Wet,La Nina,0,5.820000000000004,0
2017-07-11 08:00:00,27.5,30.6,24.9,4.3,94.0,82.0,18.1,33.32,Extreme Caution,11,7,2017,192,28,Wet,La Nina,0,5.82,0
2017-07-12 08:00:00,26.9,29.4,25.4,10.7,95.0,86.0,12.6,31.69,Caution,12,7,2017,193,28,Wet,La Nina,0,4.790000000000003,0
2017-07-13 08:00:00,26.8,30.3,25.2,12.0,95.0,86.0,10.8,31.39,Caution,13,7,2017,194,28,Wet,La Nina,0,4.59,0
2017-07-14 08:00:00,26.9,29.2,25.1,8.4,96.0,87.0,15.3,31.86,Caution,14,7,2017,195,28,Wet,La Nina,0,4.960000000000001,0
2017-07-15 08:00:00,27.2,28.4,25.8,1.8,91.0,85.0,14.3,31.83,Caution,15,7,2017,196,28,Wet,La Nina,0,4.629999999999999,0
2017-07-16 08:00:00,26.6,29.0,25.6,13.9,93.0,88.0,12.2,29.85,Caution,16,7,2017,197,28,Wet,La Nina,0,3.25,0
2017-07-17 08:00:00,27.5,31.0,25.1,3.2,96.0,83.0,14.2,33.74,Extreme Caution,17,7,2017,198,29,Wet,La Nina,0,6.240000000000002,0
2017-07-18 08:00:00,27.8,30.1,25.4,3.2,95.0,83.0,13.7,34.5,Extreme Caution,18,7,2017,199,29,Wet,La Nina,0,6.699999999999999,0
2017-07-19 08:00:00,27.6,31.4,25.3,7.6,93.0,82.0,18.5,33.43,Extreme Caution,19,7,2017,200,29,Wet,La Nina,0,5.829999999999998,0
2017-07-20 08:00:00,26.7,28.5,25.4,6.9,97.0,87.0,13.7,31.43,Caution,20,7,2017,201,29,Wet,La Nina,0,4.73,0
2017-07-21 08:00:00,26.6,28.6,25.2,31.5,93.0,87.0,18.8,29.85,Caution,21,7,2017,202,29,Wet,La Nina,0,3.25,0
2017-07-22 08:00:00,27.2,29.5,25.6,7.8,93.0,84.0,19.7,32.21,Caution,22,7,2017,203,29,Wet,La Nina,0,5.010000000000002,0
2017-07-23 08:00:00,26.6,28.9,25.0,24.3,95.0,88.0,14.6,30.02,Caution,23,7,2017,204,29,Wet,La Nina,0,3.419999999999998,0
2017-07-24 08:00:00,26.4,28.7,25.0,37.5,96.0,88.0,14.3,29.47,Caution,24,7,2017,205,30,Wet,La Nina,0,3.0700000000000003,0
2017-07-25 08:00:00,26.5,28.6,25.4,37.9,94.0,87.0,24.0,29.64,Caution,25,7,2017,206,30,Wet,La Nina,0,3.1400000000000006,0
2017-07-26 08:00:00,26.3,27.1,25.6,40.7,93.0,89.0,23.7,28.99,Caution,26,7,2017,207,30,Wet,La Nina,0,2.6899999999999977,0
2017-07-27 08:00:00,26.5,28.5,25.7,56.8,94.0,90.0,24.5,29.64,Caution,27,7,2017,208,30,Wet,La Nina,0,3.1400000000000006,0
2017-07-28 08:00:00,26.7,28.0,25.8,34.2,93.0,88.0,32.4,30.77,Caution,28,7,2017,209,30,Wet,La Nina,0,4.07,0
2017-07-29 08:00:00,27.3,28.9,26.1,15.2,91.0,86.0,35.0,32.12,Caution,29,7,2017,210,30,Wet,La Nina,0,4.819999999999997,0
2017-07-30 08:00:00,27.7,29.5,26.9,7.9,90.0,85.0,37.1,33.1,Extreme Caution,30,7,2017,211,30,Wet,La Nina,0,5.400000000000002,0
2017-07-31 08:00:00,27.8,29.5,26.5,3.1,91.0,84.0,31.6,33.61,Extreme Caution,31,7,2017,212,31,Wet,La Nina,0,5.809999999999999,0
2017-08-01 08:00:00,27.4,29.4,25.8,14.8,95.0,87.0,26.6,33.22,Extreme Caution,1,8,2017,213,31,Wet,La Nina,0,5.82,0
2017-08-02 08:00:00,27.0,29.0,25.6,15.6,95.0,87.0,19.2,31.99,Caution,2,8,2017,214,31,Wet,La Nina,0,4.989999999999998,0
2017-08-03 08:00:00,26.6,28.5,25.5,34.8,95.0,89.0,24.6,30.02,Caution,3,8,2017,215,31,Wet,La Nina,0,3.419999999999998,0
2017-08-04 08:00:00,26.6,28.2,25.5,19.3,93.0,88.0,20.0,29.85,Caution,4,8,2017,216,31,Wet,La Nina,0,3.25,0
2017-08-05 08:00:00,27.2,28.3,26.3,13.1,90.0,85.0,18.2,31.65,Caution,5,8,2017,217,31,Wet,La Nina,0,4.449999999999999,0
2017-08-06 08:00:00,27.9,30.1,25.9,1.2,97.0,85.0,17.9,35.3,Extreme Caution,6,8,2017,218,31,Wet,La Nina,0,7.399999999999999,0
2017-08-07 08:00:00,27.9,30.0,26.4,5.2,96.0,88.0,12.8,35.06,Extreme Caution,7,8,2017,219,32,Wet,La Nina,0,7.160000000000004,0
2017-08-08 08:00:00,27.7,30.3,25.4,8.0,96.0,87.0,11.5,34.4,Extreme Caution,8,8,2017,220,32,Wet,La Nina,0,6.699999999999999,0
2017-08-09 08:00:00,28.2,30.3,25.9,0.9,96.0,84.0,15.8,36.09,Extreme Caution,9,8,2017,221,32,Wet,La Nina,0,7.890000000000004,0
2017-08-10 08:00:00,28.3,30.9,25.9,0.4,96.0,84.0,14.3,36.44,Extreme Caution,10,8,2017,222,32,Wet,La Nina,0,8.139999999999997,0
2017-08-11 08:00:00,28.4,31.1,26.2,5.1,94.0,84.0,9.7,36.27,Extreme Caution,11,8,2017,223,32,Wet,La Nina,0,7.8700000000000045,0
2017-08-12 08:00:00,28.1,30.8,26.0,5.2,97.0,85.0,8.0,35.99,Extreme Caution,12,8,2017,224,32,Wet,La Nina,0,7.890000000000001,0
2017-08-13 08:00:00,27.8,30.9,25.4,9.4,95.0,83.0,9.2,34.5,Extreme Caution,13,8,2017,225,32,Wet,La Nina,0,6.699999999999999,0
2017-08-14 08:00:00,27.5,30.4,25.5,10.7,95.0,85.0,6.9,33.53,Extreme Caution,14,8,2017,226,33,Wet,La Nina,0,6.030000000000001,0
2017-08-15 08:00:00,28.2,31.6,25.8,6.5,95.0,83.0,10.7,35.84,Extreme Caution,15,8,2017,227,33,Wet,La Nina,0,7.640000000000004,0
2017-08-16 08:00:00,28.3,31.7,26.0,2.0,93.0,83.0,7.8,35.68,Extreme Caution,16,8,2017,228,33,Wet,La Nina,0,7.379999999999999,0
2017-08-17 08:00:00,28.9,32.5,26.3,0.3,94.0,79.0,16.0,38.02,Extreme Caution,17,8,2017,229,33,Wet,La Nina,0,9.120000000000005,0
2017-08-18 08:00:00,27.6,30.9,25.9,13.0,97.0,86.0,8.6,34.29,Extreme Caution,18,8,2017,230,33,Wet,La Nina,0,6.689999999999998,0
2017-08-19 08:00:00,26.7,29.5,24.7,35.0,97.0,88.0,12.5,31.43,Caution,19,8,2017,231,33,Wet,La Nina,0,4.73,0
2017-08-20 08:00:00,27.0,29.8,25.4,19.6,96.0,86.0,15.3,32.17,Caution,20,8,2017,232,33,Wet,La Nina,0,5.170000000000002,0
2017-08-21 08:00:00,26.7,28.0,25.6,43.9,92.0,87.0,24.8,30.6,Caution,21,8,2017,233,34,Wet,La Nina,0,3.900000000000002,0
2017-08-22 08:00:00,26.7,28.0,25.6,7.0,91.0,87.0,28.8,30.44,Caution,22,8,2017,234,34,Wet,La Nina,0,3.740000000000002,0
2017-08-23 08:00:00,26.8,29.2,25.0,15.4,99.0,90.0,19.1,32.08,Caution,23,8,2017,235,34,Wet,La Nina,0,5.279999999999998,0
2017-08-24 08:00:00,26.8,29.0,24.8,16.7,96.0,88.0,12.2,31.56,Caution,24,8,2017,236,34,Wet,La Nina,0,4.759999999999998,0
2017-08-25 08:00:00,25.7,26.4,25.0,48.7,94.0,90.0,21.3,27.36,Caution,25,8,2017,237,34,Wet,La Nina,0,1.6600000000000001,0
2017-08-26 08:00:00,26.7,28.8,24.9,4.0,96.0,87.0,7.6,31.26,Caution,26,8,2017,238,34,Wet,La Nina,0,4.560000000000002,0
2017-08-27 08:00:00,28.1,31.4,25.9,0.0,96.0,82.0,9.5,35.74,Extreme Caution,27,8,2017,239,34,Wet,La Nina,0,7.640000000000001,0
2017-08-28 08:00:00,27.6,30.5,25.1,1.9,94.0,85.0,9.7,33.64,Extreme Caution,28,8,2017,240,35,Wet,La Nina,0,6.039999999999999,0
2017-08-29 08:00:00,27.3,29.6,25.8,16.5,94.0,87.0,10.0,32.71,Caution,29,8,2017,241,35,Wet,La Nina,0,5.41,0
2017-08-30 08:00:00,27.2,29.9,25.9,26.4,94.0,86.0,25.0,32.4,Caution,30,8,2017,242,35,Wet,La Nina,0,5.199999999999999,0
2017-08-31 08:00:00,27.0,28.0,26.2,12.9,89.0,85.0,35.2,30.92,Caution,31,8,2017,243,35,Wet,La Nina,0,3.9200000000000017,0
2017-09-01 08:00:00,28.0,29.8,26.5,2.3,89.0,82.0,30.8,33.78,Extreme Caution,1,9,2017,244,35,Wet,La Nina,0,5.780000000000001,0
2017-09-02 08:00:00,27.8,29.8,26.2,3.1,93.0,85.0,27.4,34.05,Extreme Caution,2,9,2017,245,35,Wet,La Nina,0,6.2499999999999964,0
2017-09-03 08:00:00,28.1,30.1,26.0,1.8,97.0,85.0,20.6,35.99,Extreme Caution,3,9,2017,246,35,Wet,La Nina,0,7.890000000000001,0
2017-09-04 08:00:00,27.3,30.1,24.1,22.5,95.0,86.0,12.5,32.9,Caution,4,9,2017,247,36,Wet,La Nina,0,5.599999999999998,0
2017-09-05 08:00:00,27.0,29.0,25.2,4.5,95.0,87.0,14.5,31.99,Caution,5,9,2017,248,36,Wet,La Nina,0,4.989999999999998,0
2017-09-06 08:00:00,27.6,30.4,24.8,0.3,98.0,85.0,12.6,34.51,Extreme Caution,6,9,2017,249,36,Wet,La Nina,0,6.909999999999997,0
2017-09-07 08:00:00,28.4,30.9,26.0,0.0,95.0,81.0,8.7,36.53,Extreme Caution,7,9,2017,250,36,Wet,La Nina,0,8.130000000000003,0
2017-09-08 08:00:00,28.6,31.9,25.5,0.9,99.0,85.0,6.1,38.34,Extreme Caution,8,9,2017,251,36,Wet,La Nina,0,9.740000000000002,0
2017-09-09 08:00:00,28.4,31.5,26.0,4.5,96.0,84.0,9.5,36.79,Extreme Caution,9,9,2017,252,36,Wet,La Nina,0,8.39,0
2017-09-10 08:00:00,27.9,30.5,26.0,5.7,96.0,85.0,8.8,35.06,Extreme Caution,10,9,2017,253,36,Wet,La Nina,0,7.160000000000004,0
2017-09-11 08:00:00,26.9,28.8,25.9,26.9,95.0,89.0,20.6,31.69,Caution,11,9,2017,254,37,Wet,La Nina,0,4.790000000000003,0
2017-09-12 08:00:00,26.5,27.3,25.9,136.4,94.0,91.0,33.9,29.64,Caution,12,9,2017,255,37,Wet,La Nina,0,3.1400000000000006,0
2017-09-13 08:00:00,27.7,30.0,26.1,4.2,92.0,86.0,20.8,33.52,Extreme Caution,13,9,2017,256,37,Wet,La Nina,0,5.820000000000004,0
2017-09-14 08:00:00,27.8,30.9,25.7,7.7,95.0,86.0,12.9,34.5,Extreme Caution,14,9,2017,257,37,Wet,La Nina,0,6.699999999999999,0
2017-09-15 08:00:00,28.0,30.3,25.7,0.6,93.0,85.0,12.9,34.69,Extreme Caution,15,9,2017,258,37,Wet,La Nina,0,6.689999999999998,0
2017-09-16 08:00:00,28.1,31.0,25.8,3.3,94.0,84.0,10.3,35.26,Extreme Caution,16,9,2017,259,37,Wet,La Nina,0,7.159999999999997,0
2017-09-17 08:00:00,27.9,30.3,25.9,1.5,96.0,86.0,8.9,35.06,Extreme Caution,17,9,2017,260,37,Wet,La Nina,0,7.160000000000004,0
2017-09-18 08:00:00,27.3,30.0,25.5,8.2,97.0,88.0,10.8,33.3,Extreme Caution,18,9,2017,261,38,Wet,La Nina,0,5.9999999999999964,0
2017-09-19 08:00:00,27.5,30.5,25.5,16.0,93.0,84.0,9.7,33.12,Extreme Caution,19,9,2017,262,38,Wet,La Nina,0,5.619999999999997,0
2017-09-20 08:00:00,27.0,29.3,25.4,16.4,94.0,87.0,10.3,31.8,Caution,20,9,2017,263,38,Wet,La Nina,0,4.800000000000001,0
2017-09-21 08:00:00,27.3,30.5,25.2,14.7,95.0,85.0,8.9,32.9,Caution,21,9,2017,264,38,Wet,La Nina,0,5.599999999999998,0
2017-09-22 08:00:00,26.9,29.8,25.5,29.1,96.0,88.0,7.2,31.86,Caution,22,9,2017,265,38,Wet,La Nina,0,4.960000000000001,0
2017-09-23 08:00:00,26.6,29.0,25.0,5.0,95.0,87.0,16.8,30.02,Caution,23,9,2017,266,38,Wet,La Nina,0,3.419999999999998,0
2017-09-24 08:00:00,28.3,31.8,25.8,1.4,95.2,81.0,18.4,36.23,Extreme Caution,24,9,2017,267,38,Wet,La Nina,0,7.929999999999996,0
2017-09-25 08:00:00,26.9,30.2,25.2,7.2,95.4,82.4,10.5,31.76,Caution,25,9,2017,268,39,Wet,La Nina,0,4.860000000000003,0
2017-09-26 08:00:00,26.2,28.0,24.9,7.4,95.6,83.8,14.1,28.84,Caution,26,9,2017,269,39,Wet,La Nina,0,2.6400000000000006,0
2017-09-27 08:00:00,27.8,30.6,26.0,5.7,95.8,85.2,10.8,34.68,Extreme Caution,27,9,2017,270,39,Wet,La Nina,0,6.879999999999999,0
2017-09-28 08:00:00,27.1,29.6,24.9,5.0,96.0,86.6,12.9,32.48,Caution,28,9,2017,271,39,Wet,La Nina,0,5.3799999999999955,0
2017-09-29 08:00:00,26.8,28.6,25.3,12.5,95.0,88.0,8.8,31.39,Caution,29,9,2017,272,39,Wet,La Nina,0,4.59,0
2017-09-30 08:00:00,26.7,29.4,24.8,9.5,98.0,88.0,11.3,31.6,Caution,30,9,2017,273,39,Wet,La Nina,0,4.900000000000002,0
2017-10-01 08:00:00,27.2,29.8,25.5,4.9,96.0,88.0,12.2,32.79,Caution,1,10,2017,274,39,Wet,La Nina,0,5.59,0
2017-10-02 08:00:00,27.2,29.8,25.4,6.0,97.0,87.0,11.9,32.98,Caution,2,10,2017,275,40,Wet,La Nina,0,5.779999999999998,0
2017-10-03 08:00:00,27.2,29.9,24.9,1.2,99.0,87.0,6.9,33.38,Extreme Caution,3,10,2017,276,40,Wet,La Nina,0,6.180000000000003,0
2017-10-04 08:00:00,27.7,30.0,25.8,1.1,96.0,85.0,7.6,34.4,Extreme Caution,4,10,2017,277,40,Wet,La Nina,0,6.699999999999999,0
2017-10-05 08:00:00,26.8,28.9,25.0,5.0,98.0,89.0,9.5,31.91,Caution,5,10,2017,278,40,Wet,La Nina,0,5.109999999999999,0
2017-10-06 08:00:00,27.3,29.4,25.0,1.6,95.0,87.0,10.9,32.9,Caution,6,10,2017,279,40,Wet,La Nina,0,5.599999999999998,0
2017-10-07 08:00:00,27.6,29.8,25.9,2.8,93.0,84.0,7.3,33.43,Extreme Caution,7,10,2017,280,40,Wet,La Nina,0,5.829999999999998,0
2017-10-08 08:00:00,26.2,27.2,25.5,36.8,97.0,92.0,5.9,28.91,Caution,8,10,2017,281,40,Wet,La Nina,0,2.710000000000001,0
2017-10-09 08:00:00,26.1,28.9,24.2,22.9,97.0,92.0,8.8,28.61,Caution,9,10,2017,282,41,Wet,La Nina,0,2.509999999999998,0
2017-10-10 08:00:00,26.2,29.0,24.8,20.9,96.0,89.0,10.1,28.86,Caution,10,10,2017,283,41,Wet,La Nina,0,2.66,0
2017-10-11 08:00:00,27.2,29.5,25.8,3.7,97.0,89.0,8.9,32.98,Caution,11,10,2017,284,41,Wet,La Nina,0,5.779999999999998,0
2017-10-12 08:00:00,27.1,29.1,26.0,15.7,94.0,89.0,21.9,32.1,Caution,12,10,2017,285,41,Wet,La Nina,0,5.0,0
2017-10-13 08:00:00,26.9,28.6,25.7,28.6,93.0,89.0,29.8,31.33,Caution,13,10,2017,286,41,Wet,La Nina,0,4.43,0
2017-10-14 08:00:00,26.6,28.5,25.7,41.5,93.0,91.0,24.7,29.85,Caution,14,10,2017,287,41,Wet,La Nina,0,3.25,0
2017-10-15 08:00:00,26.6,28.0,25.5,11.2,96.0,89.0,13.0,30.1,Caution,15,10,2017,288,41,Wet,La Nina,0,3.5,0
2017-10-16 08:00:00,26.7,29.6,24.3,0.9,98.0,87.0,14.0,31.6,Caution,16,10,2017,289,42,Wet,La Nina,0,4.900000000000002,0
2017-10-17 08:00:00,27.5,31.0,25.5,2.3,98.0,85.0,14.3,34.17,Extreme Caution,17,10,2017,290,42,Wet,La Nina,0,6.670000000000002,0
2017-10-18 08:00:00,27.2,30.2,24.8,2.0,98.0,87.0,12.4,33.18,Extreme Caution,18,10,2017,291,42,Wet,La Nina,0,5.98,0
2017-10-19 08:00:00,27.4,29.3,25.3,2.1,96.0,84.0,11.2,33.42,Extreme Caution,19,10,2017,292,42,Wet,La Nina,0,6.020000000000003,0
2017-10-20 08:00:00,28.0,29.9,26.1,2.4,94.0,84.0,16.6,34.93,Extreme Caution,20,10,2017,293,42,Wet,La Nina,0,6.93,0
2017-10-21 08:00:00,27.0,29.2,25.4,7.7,95.0,87.0,22.8,31.99,Caution,21,10,2017,294,42,Wet,La Nina,0,4.989999999999998,0
2017-10-22 08:00:00,27.2,29.5,25.3,2.6,95.0,86.0,10.9,32.59,Caution,22,10,2017,295,42,Wet,La Nina,0,5.390000000000004,0
2017-10-23 08:00:00,26.9,29.5,25.3,3.0,96.0,86.0,10.1,31.86,Caution,23,10,2017,296,43,Wet,La Nina,0,4.960000000000001,0
2017-10-24 08:00:00,26.8,30.1,23.5,0.5,95.0,79.0,11.7,31.39,Caution,24,10,2017,297,43,Wet,La Nina,0,4.59,0
2017-10-25 08:00:00,26.7,29.0,24.9,2.7,92.0,82.0,10.8,30.6,Caution,25,10,2017,298,43,Wet,La Nina,0,3.900000000000002,0
2017-10-26 08:00:00,26.7,28.9,24.5,2.0,95.0,82.0,6.3,31.1,Caution,26,10,2017,299,43,Wet,La Nina,0,4.400000000000002,0
2017-10-27 08:00:00,26.8,29.0,24.8,1.9,95.0,85.0,11.6,31.39,Caution,27,10,2017,300,43,Wet,La Nina,0,4.59,0
2017-10-28 08:00:00,27.0,29.5,25.1,3.1,94.0,84.0,11.4,31.8,Caution,28,10,2017,301,43,Wet,La Nina,0,4.800000000000001,0
2017-10-29 08:00:00,26.6,28.4,24.8,0.2,97.0,87.0,7.9,30.18,Caution,29,10,2017,302,43,Wet,La Nina,0,3.5799999999999983,0
2017-10-30 08:00:00,26.9,29.6,24.6,0.8,97.0,85.0,9.2,32.04,Caution,30,10,2017,303,44,Wet,La Nina,0,5.140000000000001,0
2017-10-31 08:00:00,26.4,28.8,24.4,36.9,93.0,86.0,21.6,29.27,Caution,31,10,2017,304,44,Wet,La Nina,0,2.870000000000001,0
2017-11-01 08:00:00,25.5,26.5,23.6,16.0,96.0,91.0,17.9,26.61,Normal,1,11,2017,305,44,Wet,La Nina,0,1.1099999999999994,0
2017-11-02 08:00:00,26.2,29.0,24.2,2.4,95.0,86.0,20.5,28.81,Caution,2,11,2017,306,44,Wet,La Nina,0,2.6099999999999994,0
2017-11-03 08:00:00,26.8,29.8,24.5,7.5,98.0,85.0,12.0,31.91,Caution,3,11,2017,307,44,Wet,La Nina,0,5.109999999999999,0
2017-11-04 08:00:00,26.7,29.4,24.6,8.4,94.0,86.0,13.2,30.93,Caution,4,11,2017,308,44,Wet,La Nina,0,4.23,0
2017-11-05 08:00:00,26.7,29.1,25.0,0.7,94.0,86.0,19.8,30.93,Caution,5,11,2017,309,44,Wet,La Nina,0,4.23,0
2017-11-06 08:00:00,27.3,30.6,24.0,1.1,99.0,84.0,14.9,33.71,Extreme Caution,6,11,2017,310,45,Wet,La Nina,0,6.41,0
2017-11-07 08:00:00,27.4,31.0,24.2,1.5,96.0,83.0,10.8,33.42,Extreme Caution,7,11,2017,311,45,Wet,La Nina,0,6.020000000000003,0
2017-11-08 08:00:00,27.5,31.2,25.1,0.7,97.0,83.0,11.9,33.95,Extreme Caution,8,11,2017,312,45,Wet,La Nina,0,6.450000000000003,0
2017-11-09 08:00:00,25.8,27.1,24.8,85.6,93.0,89.0,34.2,27.61,Caution,9,11,2017,313,45,Wet,La Nina,0,1.8099999999999987,0
2017-11-10 08:00:00,26.6,29.0,24.8,15.1,97.0,88.0,20.7,30.18,Caution,10,11,2017,314,45,Wet,La Nina,0,3.5799999999999983,0
2017-11-11 08:00:00,26.8,29.7,23.8,0.7,99.0,87.0,11.2,32.08,Caution,11,11,2017,315,45,Wet,La Nina,0,5.279999999999998,0
2017-11-12 08:00:00,27.0,30.6,24.1,0.5,98.0,84.0,10.6,32.53,Caution,12,11,2017,316,45,Wet,La Nina,0,5.530000000000001,0
2017-11-13 08:00:00,27.2,29.8,24.9,0.3,98.0,84.0,10.8,33.18,Extreme Caution,13,11,2017,317,46,Wet,La Nina,0,5.98,0
2017-11-14 08:00:00,27.3,30.5,24.5,2.8,98.0,85.0,10.0,33.5,Extreme Caution,14,11,2017,318,46,Wet,La Nina,0,6.199999999999999,0
2017-11-15 08:00:00,26.9,30.6,24.1,1.9,99.0,88.0,9.5,32.4,Caution,15,11,2017,319,46,Wet,La Nina,0,5.5,0
2017-11-16 08:00:00,27.2,30.8,24.6,0.8,98.0,83.0,14.8,33.18,Extreme Caution,16,11,2017,320,46,Wet,La Nina,0,5.98,0
2017-11-17 08:00:00,26.7,29.3,24.5,3.5,95.0,85.0,12.0,31.1,Caution,17,11,2017,321,46,Wet,La Nina,0,4.400000000000002,0
2017-11-18 08:00:00,27.7,30.8,25.3,1.4,99.0,83.0,10.9,35.07,Extreme Caution,18,11,2017,322,46,Wet,La Nina,0,7.370000000000001,0
2017-11-19 08:00:00,27.4,30.1,25.4,0.5,96.0,84.0,10.8,33.42,Extreme Caution,19,11,2017,323,46,Wet,La Nina,0,6.020000000000003,0
2017-11-20 08:00:00,27.1,30.4,24.3,3.1,98.0,86.0,9.5,32.85,Caution,20,11,2017,324,47,Wet,La Nina,0,5.75,0
2017-11-21 08:00:00,27.1,30.0,24.6,1.0,98.0,84.0,8.3,32.85,Caution,21,11,2017,325,47,Wet,La Nina,0,5.75,0
2017-11-22 08:00:00,27.2,30.6,24.5,0.5,97.0,84.0,7.4,32.98,Caution,22,11,2017,326,47,Wet,La Nina,0,5.779999999999998,0
2017-11-23 08:00:00,27.6,31.5,25.1,0.3,93.0,79.0,13.2,33.43,Extreme Caution,23,11,2017,327,47,Wet,La Nina,0,5.829999999999998,0
2017-11-24 08:00:00,27.1,30.2,25.0,3.8,94.0,82.0,15.1,32.1,Caution,24,11,2017,328,47,Wet,La Nina,0,5.0,0
2017-11-25 08:00:00,27.3,30.7,24.9,1.4,97.0,83.0,15.6,33.3,Extreme Caution,25,11,2017,329,47,Wet,La Nina,0,5.9999999999999964,0
2017-11-26 08:00:00,27.0,31.4,23.9,0.3,97.0,80.0,14.5,32.35,Caution,26,11,2017,330,47,Wet,La Nina,0,5.350000000000001,0
2017-11-27 08:00:00,27.4,31.5,24.3,0.4,96.0,80.0,16.7,33.42,Extreme Caution,27,11,2017,331,48,Wet,La Nina,0,6.020000000000003,0
2017-11-28 08:00:00,27.5,31.6,24.1,0.1,96.0,80.0,17.6,33.74,Extreme Caution,28,11,2017,332,48,Wet,La Nina,0,6.240000000000002,0
2017-11-29 08:00:00,27.8,31.0,25.5,0.9,93.0,80.0,14.8,34.05,Extreme Caution,29,11,2017,333,48,Wet,La Nina,0,6.2499999999999964,0
2017-11-30 08:00:00,27.3,30.2,24.5,1.1,96.0,82.0,16.2,33.1,Extreme Caution,30,11,2017,334,48,Wet,La Nina,0,5.800000000000001,0
2017-12-01 08:00:00,27.1,30.5,24.7,2.7,99.0,85.0,16.6,33.05,Extreme Caution,1,12,2017,335,48,Cool Dry,La Nina,0,5.949999999999996,0
2017-12-02 08:00:00,27.6,31.4,25.0,0.7,99.0,84.0,9.0,34.73,Extreme Caution,2,12,2017,336,48,Cool Dry,La Nina,0,7.1299999999999955,0
2017-12-03 08:00:00,27.4,31.0,24.6,0.5,99.0,86.0,7.3,34.04,Extreme Caution,3,12,2017,337,48,Cool Dry,La Nina,0,6.640000000000001,0
2017-12-04 08:00:00,27.1,29.4,24.7,0.1,97.0,85.0,7.6,32.66,Caution,4,12,2017,338,49,Cool Dry,La Nina,0,5.559999999999995,0
2017-12-05 08:00:00,27.0,30.1,24.8,0.8,84.0,75.0,18.1,30.12,Caution,5,12,2017,339,49,Cool Dry,La Nina,0,3.120000000000001,0
2017-12-06 08:00:00,26.9,30.2,24.8,1.4,96.0,80.0,14.8,31.86,Caution,6,12,2017,340,49,Cool Dry,La Nina,0,4.960000000000001,0
2017-12-07 08:00:00,26.7,29.6,25.0,30.6,94.0,84.0,11.9,30.93,Caution,7,12,2017,341,49,Cool Dry,La Nina,0,4.23,0
2017-12-08 08:00:00,26.7,28.9,24.9,0.7,93.0,86.0,15.8,30.77,Caution,8,12,2017,342,49,Cool Dry,La Nina,0,4.07,0
2017-12-09 08:00:00,27.1,29.9,25.0,0.2,91.0,77.0,9.8,31.55,Caution,9,12,2017,343,49,Cool Dry,La Nina,0,4.449999999999999,0
2017-12-10 08:00:00,26.5,29.8,25.1,2.0,95.0,85.0,11.9,29.71,Caution,10,12,2017,344,49,Cool Dry,La Nina,0,3.210000000000001,0
2017-12-11 08:00:00,26.3,29.0,25.0,4.3,94.0,83.0,15.9,29.05,Caution,11,12,2017,345,50,Cool Dry,La Nina,0,2.75,0
2017-12-12 08:00:00,25.2,26.1,24.4,6.8,92.0,86.0,13.1,26.18,Normal,12,12,2017,346,50,Cool Dry,La Nina,0,0.9800000000000004,0
2017-12-13 08:00:00,26.4,29.0,24.6,0.4,86.0,77.0,18.0,28.83,Caution,13,12,2017,347,50,Cool Dry,La Nina,0,2.4299999999999997,0
2017-12-14 08:00:00,25.9,29.4,23.2,1.3,85.0,74.0,14.7,27.63,Caution,14,12,2017,348,50,Cool Dry,La Nina,0,1.7300000000000004,0
2017-12-15 08:00:00,24.6,28.0,21.6,0.0,86.0,70.0,15.2,25.36,Normal,15,12,2017,349,50,Cool Dry,La Nina,0,0.759999999999998,0
2017-12-16 08:00:00,23.6,26.2,22.4,4.8,90.0,79.0,18.1,24.37,Normal,16,12,2017,350,50,Cool Dry,La Nina,0,0.7699999999999996,0
2017-12-17 08:00:00,24.5,26.9,22.8,16.2,92.0,79.0,28.0,25.41,Normal,17,12,2017,351,50,Cool Dry,La Nina,0,0.9100000000000001,0
2017-12-18 08:00:00,24.4,26.2,23.2,5.5,96.0,89.0,25.9,25.4,Normal,18,12,2017,352,51,Cool Dry,La Nina,0,1.0,0
2017-12-19 08:00:00,25.3,28.0,23.2,4.8,98.0,90.0,10.1,26.44,Normal,19,12,2017,353,51,Cool Dry,La Nina,0,1.1400000000000006,0
2017-12-20 08:00:00,26.4,30.0,24.1,1.8,92.0,78.0,15.9,29.21,Caution,20,12,2017,354,51,Cool Dry,La Nina,0,2.8100000000000023,0
2017-12-21 08:00:00,25.7,28.4,24.1,2.3,82.0,75.0,24.0,26.47,Normal,21,12,2017,355,51,Cool Dry,La Nina,0,0.7699999999999996,0
2017-12-22 08:00:00,26.2,28.9,24.5,0.1,87.0,76.0,28.3,28.4,Caution,22,12,2017,356,51,Cool Dry,La Nina,0,2.1999999999999993,0
2017-12-23 08:00:00,26.6,30.0,23.4,0.1,99.0,83.0,15.9,30.34,Caution,23,12,2017,357,51,Cool Dry,La Nina,0,3.7399999999999984,0
2017-12-24 08:00:00,26.6,30.6,24.0,0.3,98.0,84.0,12.1,30.26,Caution,24,12,2017,358,51,Cool Dry,La Nina,0,3.66,0
2017-12-25 08:00:00,27.0,31.0,25.0,0.4,93.0,79.0,14.0,31.62,Caution,25,12,2017,359,52,Cool Dry,La Nina,0,4.620000000000001,0
2017-12-26 08:00:00,26.3,29.6,24.2,0.4,99.0,86.0,11.6,29.35,Caution,26,12,2017,360,52,Cool Dry,La Nina,0,3.0500000000000007,0
2017-12-27 08:00:00,26.0,29.5,24.3,8.5,96.0,85.0,9.8,28.26,Caution,27,12,2017,361,52,Cool Dry,La Nina,0,2.2600000000000016,0
2017-12-28 08:00:00,25.9,29.3,23.0,0.6,97.0,82.0,13.9,28.0,Caution,28,12,2017,362,52,Cool Dry,La Nina,0,2.1000000000000014,0
2017-12-29 08:00:00,25.2,29.0,22.0,1.2,94.0,81.0,12.9,26.23,Normal,29,12,2017,363,52,Cool Dry,La Nina,0,1.0300000000000011,0
2017-12-30 08:00:00,24.8,28.8,22.5,0.0,91.0,79.0,18.7,25.71,Normal,30,12,2017,364,52,Cool Dry,La Nina,0,0.9100000000000001,0
2017-12-31 08:00:00,25.3,29.2,23.1,0.3,91.0,76.0,14.1,26.26,Normal,31,12,2017,365,52,Cool Dry,La Nina,0,0.9600000000000009,0
2018-01-01 08:00:00,25.2,27.8,23.6,0.9,94.0,80.0,16.4,26.23,Normal,1,1,2018,1,1,Cool Dry,Neutral,0,1.0300000000000011,0
2018-01-02 08:00:00,25.6,28.8,23.5,0.2,90.0,75.0,24.0,26.57,Normal,2,1,2018,2,1,Cool Dry,Neutral,0,0.9699999999999989,0
2018-01-03 08:00:00,25.3,28.5,22.6,4.8,95.0,81.0,15.5,26.37,Normal,3,1,2018,3,1,Cool Dry,Neutral,0,1.0700000000000003,0
2018-01-04 08:00:00,26.1,29.3,23.6,0.0,98.0,82.0,20.9,28.65,Caution,4,1,2018,4,1,Cool Dry,Neutral,0,2.549999999999997,0
2018-01-05 08:00:00,26.7,30.2,24.3,0.3,91.0,80.0,14.8,30.44,Caution,5,1,2018,5,1,Cool Dry,Neutral,0,3.740000000000002,0
2018-01-06 08:00:00,26.2,30.6,22.8,0.0,98.0,80.0,14.8,28.97,Caution,6,1,2018,6,1,Cool Dry,Neutral,0,2.7699999999999996,0
2018-01-07 08:00:00,26.0,28.6,23.2,0.0,97.0,85.0,12.5,28.3,Caution,7,1,2018,7,1,Cool Dry,Neutral,0,2.3000000000000007,0
2018-01-08 08:00:00,26.5,29.9,24.0,0.2,98.0,86.0,10.6,29.93,Caution,8,1,2018,8,2,Cool Dry,Neutral,0,3.4299999999999997,0
2018-01-09 08:00:00,26.5,30.1,24.0,0.2,97.0,85.0,14.9,29.86,Caution,9,1,2018,9,2,Cool Dry,Neutral,0,3.3599999999999994,0
2018-01-10 08:00:00,26.3,29.5,23.8,0.7,86.0,76.0,14.8,28.59,Caution,10,1,2018,10,2,Cool Dry,Neutral,0,2.289999999999999,0
2018-01-11 08:00:00,24.9,28.2,22.0,1.3,80.0,71.0,19.5,25.53,Normal,11,1,2018,11,2,Cool Dry,Neutral,0,0.6300000000000026,0
2018-01-12 08:00:00,23.9,26.3,22.0,0.0,79.0,71.0,17.1,24.41,Normal,12,1,2018,12,2,Cool Dry,Neutral,0,0.5100000000000016,0
2018-01-13 08:00:00,24.1,27.0,22.2,0.0,79.0,71.0,18.5,24.63,Normal,13,1,2018,13,2,Cool Dry,Neutral,0,0.5299999999999976,0
2018-01-14 08:00:00,24.1,27.1,23.0,2.1,91.0,82.0,16.9,24.94,Normal,14,1,2018,14,2,Cool Dry,Neutral,0,0.8399999999999999,0
2018-01-15 08:00:00,25.5,29.0,23.1,0.0,97.0,77.0,13.7,26.64,Normal,15,1,2018,15,3,Cool Dry,Neutral,0,1.1400000000000006,0
2018-01-16 08:00:00,25.7,28.2,23.9,35.6,98.0,85.0,11.6,27.42,Caution,16,1,2018,16,3,Cool Dry,Neutral,0,1.7200000000000024,0
2018-01-17 08:00:00,25.2,27.2,23.8,6.2,99.0,91.0,11.6,26.36,Normal,17,1,2018,17,3,Cool Dry,Neutral,0,1.1600000000000001,0
2018-01-18 08:00:00,26.4,29.8,24.4,14.0,97.0,86.0,13.5,29.54,Caution,18,1,2018,18,3,Cool Dry,Neutral,0,3.1400000000000006,0
2018-01-19 08:00:00,25.6,29.0,23.1,0.0,91.0,77.0,15.7,26.59,Normal,19,1,2018,19,3,Cool Dry,Neutral,0,0.9899999999999984,0
2018-01-20 08:00:00,25.8,30.1,23.2,0.0,96.0,78.0,14.3,27.68,Caution,20,1,2018,20,3,Cool Dry,Neutral,0,1.879999999999999,0
2018-01-21 08:00:00,26.1,29.8,23.1,0.6,99.0,82.0,14.7,28.7,Caution,21,1,2018,21,3,Cool Dry,Neutral,0,2.599999999999998,0
2018-01-22 08:00:00,26.0,29.0,22.9,0.4,99.0,84.0,6.1,28.38,Caution,22,1,2018,22,4,Cool Dry,Neutral,0,2.379999999999999,0
2018-01-23 08:00:00,25.9,28.8,23.4,0.5,97.0,84.0,10.7,28.0,Caution,23,1,2018,23,4,Cool Dry,Neutral,0,2.1000000000000014,0
2018-01-24 08:00:00,25.6,28.3,23.6,5.9,97.0,86.0,7.9,27.12,Caution,24,1,2018,24,4,Cool Dry,Neutral,0,1.5199999999999996,0
2018-01-25 08:00:00,26.3,29.9,23.7,0.8,98.0,82.0,13.4,29.28,Caution,25,1,2018,25,4,Cool Dry,Neutral,0,2.9800000000000004,0
2018-01-26 08:00:00,26.1,28.4,24.0,78.1,96.0,85.0,11.6,28.56,Caution,26,1,2018,26,4,Cool Dry,Neutral,0,2.4599999999999973,0
2018-01-27 08:00:00,24.2,25.0,23.5,43.9,96.0,88.0,15.7,25.18,Normal,27,1,2018,27,4,Cool Dry,Neutral,0,0.9800000000000004,0
2018-01-28 08:00:00,24.7,26.8,22.7,0.7,93.0,84.0,17.9,25.65,Normal,28,1,2018,28,4,Cool Dry,Neutral,0,0.9499999999999993,0
2018-01-29 08:00:00,25.5,28.3,23.1,0.3,97.0,83.0,12.4,26.64,Normal,29,1,2018,29,5,Cool Dry,Neutral,0,1.1400000000000006,0
2018-01-30 08:00:00,25.8,29.3,23.1,0.8,91.0,79.0,12.1,27.56,Caution,30,1,2018,30,5,Cool Dry,Neutral,0,1.759999999999998,0
2018-01-31 08:00:00,25.1,27.5,22.5,2.3,98.0,85.0,9.4,26.22,Normal,31,1,2018,31,5,Cool Dry,Neutral,0,1.1199999999999974,0
2018-02-01 08:00:00,25.6,28.0,23.5,0.1,96.0,83.0,11.8,27.11,Caution,1,2,2018,32,5,Cool Dry,Neutral,0,1.509999999999998,0
2018-02-02 08:00:00,25.4,29.0,22.9,1.0,94.0,81.0,14.8,26.45,Normal,2,2,2018,33,5,Cool Dry,Neutral,0,1.0500000000000007,0
2018-02-03 08:00:00,25.3,28.6,22.8,0.0,89.0,75.0,17.6,26.21,Normal,3,2,2018,34,5,Cool Dry,Neutral,0,0.9100000000000001,0
2018-02-04 08:00:00,25.5,29.2,23.5,0.6,87.0,73.0,15.0,26.38,Normal,4,2,2018,35,5,Cool Dry,Neutral,0,0.879999999999999,0
2018-02-05 08:00:00,24.4,27.2,21.6,1.0,86.0,78.0,18.0,25.14,Normal,5,2,2018,36,6,Cool Dry,Neutral,0,0.740000000000002,0
2018-02-06 08:00:00,24.0,26.8,21.7,0.5,93.0,80.0,14.8,24.88,Normal,6,2,2018,37,6,Cool Dry,Neutral,0,0.879999999999999,0
2018-02-07 08:00:00,24.0,26.9,22.0,2.4,95.0,84.0,7.3,24.94,Normal,7,2,2018,38,6,Cool Dry,Neutral,0,0.9400000000000013,0
2018-02-08 08:00:00,24.6,26.8,22.9,1.5,93.0,83.0,12.1,25.54,Normal,8,2,2018,39,6,Cool Dry,Neutral,0,0.9399999999999977,0
2018-02-09 08:00:00,25.6,28.2,23.7,0.9,96.0,84.0,12.8,27.11,Caution,9,2,2018,40,6,Cool Dry,Neutral,0,1.509999999999998,0
2018-02-10 08:00:00,25.7,27.6,23.6,0.4,97.0,84.0,14.4,27.41,Caution,10,2,2018,41,6,Cool Dry,Neutral,0,1.7100000000000009,0
2018-02-11 08:00:00,26.0,28.4,24.5,0.8,93.0,84.0,11.9,28.15,Caution,11,2,2018,42,6,Cool Dry,Neutral,0,2.1499999999999986,0
2018-02-12 08:00:00,25.7,29.7,23.7,0.5,94.0,76.0,19.3,27.36,Caution,12,2,2018,43,7,Cool Dry,Neutral,0,1.6600000000000001,0
2018-02-13 08:00:00,25.4,28.9,23.1,0.0,87.0,73.0,16.2,26.27,Normal,13,2,2018,44,7,Cool Dry,Neutral,0,0.870000000000001,0
2018-02-14 08:00:00,25.4,28.3,23.1,0.6,92.0,80.0,18.3,26.4,Normal,14,2,2018,45,7,Cool Dry,Neutral,0,1.0,0
2018-02-15 08:00:00,26.5,30.0,23.1,0.3,98.0,83.0,15.2,29.93,Caution,15,2,2018,46,7,Cool Dry,Neutral,0,3.4299999999999997,0
2018-02-16 08:00:00,27.5,31.9,24.5,0.0,93.0,77.0,17.8,33.12,Extreme Caution,16,2,2018,47,7,Cool Dry,Neutral,0,5.619999999999997,0
2018-02-17 08:00:00,27.0,31.9,23.0,0.1,96.0,75.0,16.3,32.17,Caution,17,2,2018,48,7,Cool Dry,Neutral,0,5.170000000000002,0
2018-02-18 08:00:00,26.4,30.1,22.1,1.2,93.0,80.0,17.3,29.27,Caution,18,2,2018,49,7,Cool Dry,Neutral,0,2.870000000000001,0
2018-02-19 08:00:00,26.5,31.7,22.6,0.0,96.0,74.0,16.8,29.78,Caution,19,2,2018,50,8,Cool Dry,Neutral,0,3.280000000000001,0
2018-02-20 08:00:00,27.3,31.9,24.7,1.2,88.0,75.0,20.3,31.55,Caution,20,2,2018,51,8,Cool Dry,Neutral,0,4.25,0
2018-02-21 08:00:00,27.7,31.9,24.7,0.0,89.0,74.0,19.8,32.89,Caution,21,2,2018,52,8,Cool Dry,Neutral,0,5.190000000000001,0
2018-02-22 08:00:00,26.9,31.6,22.1,0.0,99.0,75.0,23.1,32.4,Caution,22,2,2018,53,8,Cool Dry,Neutral,0,5.5,0
2018-02-23 08:00:00,26.3,30.6,22.8,0.0,94.0,73.0,23.5,29.05,Caution,23,2,2018,54,8,Cool Dry,Neutral,0,2.75,0
2018-02-24 08:00:00,27.1,32.0,23.6,0.0,90.0,69.0,14.0,31.37,Caution,24,2,2018,55,8,Cool Dry,Neutral,0,4.27,0
2018-02-25 08:00:00,27.2,30.9,24.4,0.5,88.0,74.0,15.9,31.28,Caution,25,2,2018,56,8,Cool Dry,Neutral,0,4.080000000000002,0
2018-02-26 08:00:00,27.2,31.2,24.5,0.3,90.0,74.0,15.8,31.65,Caution,26,2,2018,57,9,Cool Dry,Neutral,0,4.449999999999999,0
2018-02-27 08:00:00,27.0,30.5,24.4,0.9,92.0,76.0,18.4,31.45,Caution,27,2,2018,58,9,Cool Dry,Neutral,0,4.449999999999999,0
2018-02-28 08:00:00,27.4,31.4,24.3,0.2,98.0,79.0,14.7,33.83,Extreme Caution,28,2,2018,59,9,Cool Dry,Neutral,0,6.43,0
2018-03-01 08:00:00,27.5,30.9,24.5,1.4,96.0,78.0,16.9,33.74,Extreme Caution,1,3,2018,60,9,Dry,Neutral,0,6.240000000000002,0
2018-03-02 08:00:00,27.6,31.5,24.5,0.2,92.0,76.0,16.9,33.22,Extreme Caution,2,3,2018,61,9,Dry,Neutral,0,5.619999999999997,0
2018-03-03 08:00:00,27.7,31.2,24.8,0.5,91.0,77.0,19.3,33.31,Extreme Caution,3,3,2018,62,9,Dry,Neutral,0,5.610000000000003,0
2018-03-04 08:00:00,27.4,31.6,23.1,0.2,88.0,73.0,21.3,31.83,Caution,4,3,2018,63,9,Dry,Neutral,0,4.43,0
2018-03-05 08:00:00,27.8,32.3,24.4,0.0,92.0,71.0,21.7,33.83,Extreme Caution,5,3,2018,64,10,Dry,Neutral,0,6.029999999999998,0
2018-03-06 08:00:00,27.9,32.5,24.1,0.0,95.0,75.0,15.8,34.83,Extreme Caution,6,3,2018,65,10,Dry,Neutral,0,6.93,0
2018-03-07 08:00:00,27.8,31.8,24.3,1.2,95.0,75.0,9.3,34.5,Extreme Caution,7,3,2018,66,10,Dry,Neutral,0,6.699999999999999,0
2018-03-08 08:00:00,26.7,29.9,24.2,10.2,93.0,80.0,7.4,30.77,Caution,8,3,2018,67,10,Dry,Neutral,0,4.07,0
2018-03-09 08:00:00,25.9,28.5,24.2,2.0,91.0,79.0,15.9,27.82,Caution,9,3,2018,68,10,Dry,Neutral,0,1.9200000000000017,0
2018-03-10 08:00:00,25.8,29.5,22.9,0.3,81.0,69.0,17.8,26.55,Normal,10,3,2018,69,10,Dry,Neutral,0,0.75,0
2018-03-11 08:00:00,25.7,29.8,23.0,0.0,85.0,67.0,18.4,26.54,Normal,11,3,2018,70,10,Dry,Neutral,0,0.8399999999999999,0
2018-03-12 08:00:00,26.0,29.5,23.1,0.3,89.0,71.0,9.7,28.0,Caution,12,3,2018,71,11,Dry,Neutral,0,2.0,0
2018-03-13 08:00:00,26.2,30.1,23.0,0.5,90.0,72.0,17.2,28.55,Caution,13,3,2018,72,11,Dry,Neutral,0,2.3500000000000014,0
2018-03-14 08:00:00,26.6,31.3,22.8,0.0,93.0,70.0,18.6,29.85,Caution,14,3,2018,73,11,Dry,Neutral,0,3.25,0
2018-03-15 08:00:00,27.7,32.2,24.5,0.2,81.0,65.0,22.7,31.5,Caution,15,3,2018,74,11,Dry,Neutral,0,3.8000000000000007,0
2018-03-16 08:00:00,27.2,30.5,24.4,1.6,92.0,76.0,11.9,32.02,Caution,16,3,2018,75,11,Dry,Neutral,0,4.820000000000004,0
2018-03-17 08:00:00,27.4,31.6,23.6,0.0,96.0,73.0,18.2,33.42,Extreme Caution,17,3,2018,76,11,Dry,Neutral,0,6.020000000000003,0
2018-03-18 08:00:00,27.6,32.8,23.1,0.1,92.0,69.0,20.3,33.22,Extreme Caution,18,3,2018,77,11,Dry,Neutral,0,5.619999999999997,0
2018-03-19 08:00:00,27.5,32.5,24.0,0.0,88.0,70.0,23.4,32.11,Caution,19,3,2018,78,12,Dry,Neutral,0,4.609999999999999,0
2018-03-20 08:00:00,28.0,32.3,24.1,0.6,91.0,72.0,10.8,34.23,Extreme Caution,20,3,2018,79,12,Dry,Neutral,0,6.229999999999997,0
2018-03-21 08:00:00,27.3,30.6,24.5,0.7,90.0,74.0,15.8,31.93,Caution,21,3,2018,80,12,Dry,Neutral,0,4.629999999999999,0
2018-03-22 08:00:00,25.6,27.9,23.5,1.7,89.0,75.0,19.4,26.54,Normal,22,3,2018,81,12,Dry,Neutral,0,0.9399999999999977,0
2018-03-23 08:00:00,26.4,30.0,23.9,0.0,76.0,62.0,17.7,28.23,Caution,23,3,2018,82,12,Dry,Neutral,0,1.8300000000000018,0
2018-03-24 08:00:00,25.2,29.4,21.8,0.0,79.0,63.0,19.5,25.84,Normal,24,3,2018,83,12,Dry,Neutral,0,0.6400000000000006,0
2018-03-25 08:00:00,25.9,30.6,21.9,0.0,92.0,66.0,19.4,27.85,Caution,25,3,2018,84,12,Dry,Neutral,0,1.9500000000000028,0
2018-03-26 08:00:00,26.4,30.6,22.8,0.0,94.0,69.0,13.8,29.34,Caution,26,3,2018,85,13,Dry,Neutral,0,2.9400000000000013,0
2018-03-27 08:00:00,26.4,30.0,23.5,0.5,86.0,70.0,11.2,28.83,Caution,27,3,2018,86,13,Dry,Neutral,0,2.4299999999999997,0
2018-03-28 08:00:00,26.9,30.1,24.2,0.2,89.0,69.0,10.8,30.65,Caution,28,3,2018,87,13,Dry,Neutral,0,3.75,0
2018-03-29 08:00:00,27.0,30.0,24.1,0.5,90.0,72.0,10.8,31.09,Caution,29,3,2018,88,13,Dry,Neutral,0,4.09,0
2018-03-30 08:00:00,26.5,30.1,24.4,2.9,86.0,75.0,11.5,29.07,Caution,30,3,2018,89,13,Dry,Neutral,0,2.5700000000000003,0
2018-03-31 08:00:00,26.7,29.7,24.3,0.5,85.0,69.0,14.1,29.48,Caution,31,3,2018,90,13,Dry,Neutral,0,2.780000000000001,0
2018-04-01 08:00:00,27.2,30.6,24.1,0.1,90.0,69.0,12.0,31.65,Caution,1,4,2018,91,13,Dry,Neutral,0,4.449999999999999,0
2018-04-02 08:00:00,27.2,30.6,24.6,0.9,89.0,73.0,11.2,31.46,Caution,2,4,2018,92,14,Dry,Neutral,0,4.260000000000002,0
2018-04-03 08:00:00,27.4,30.6,25.2,0.7,83.0,74.0,12.5,31.01,Caution,3,4,2018,93,14,Dry,Neutral,0,3.610000000000003,0
2018-04-04 08:00:00,27.4,30.6,24.8,0.0,83.0,72.0,13.5,31.01,Caution,4,4,2018,94,14,Dry,Neutral,0,3.610000000000003,0
2018-04-05 08:00:00,27.5,31.0,24.5,0.0,85.0,69.0,19.7,31.52,Caution,5,4,2018,95,14,Dry,Neutral,0,4.02,0
2018-04-06 08:00:00,28.0,31.7,24.7,0.9,85.0,65.0,13.5,32.9,Caution,6,4,2018,96,14,Dry,Neutral,0,4.899999999999999,0
2018-04-07 08:00:00,28.4,33.2,25.3,0.0,84.0,64.0,18.0,33.86,Extreme Caution,7,4,2018,97,14,Dry,Neutral,0,5.460000000000001,0
2018-04-08 08:00:00,27.7,31.5,25.1,0.9,88.0,68.0,20.7,32.68,Caution,8,4,2018,98,14,Dry,Neutral,0,4.98,0
2018-04-09 08:00:00,26.3,29.9,24.7,36.2,94.0,84.0,19.8,29.05,Caution,9,4,2018,99,15,Dry,Neutral,0,2.75,0
2018-04-10 08:00:00,27.8,31.8,24.1,1.8,99.0,78.0,18.5,35.42,Extreme Caution,10,4,2018,100,15,Dry,Neutral,0,7.620000000000001,0
2018-04-11 08:00:00,28.2,32.0,25.5,0.0,89.0,76.0,12.2,34.39,Extreme Caution,11,4,2018,101,15,Dry,Neutral,0,6.190000000000001,0
2018-04-12 08:00:00,28.9,33.3,25.0,0.2,96.0,73.0,20.2,38.6,Extreme Caution,12,4,2018,102,15,Dry,Neutral,0,9.700000000000003,0
2018-04-13 08:00:00,29.1,33.6,25.5,0.0,92.0,71.0,18.7,38.15,Extreme Caution,13,4,2018,103,15,Dry,Neutral,0,9.049999999999997,0
2018-04-14 08:00:00,29.0,33.7,25.1,0.0,92.0,71.0,21.0,37.8,Extreme Caution,14,4,2018,104,15,Dry,Neutral,0,8.799999999999997,0
2018-04-15 08:00:00,28.9,33.0,25.3,0.2,93.0,72.0,11.9,37.73,Extreme Caution,15,4,2018,105,15,Dry,Neutral,0,8.829999999999998,0
2018-04-16 08:00:00,28.7,33.7,24.8,0.1,93.0,69.0,13.2,37.03,Extreme Caution,16,4,2018,106,16,Dry,Neutral,0,8.330000000000002,0
2018-04-17 08:00:00,28.7,33.9,24.5,0.0,92.0,68.0,20.9,36.76,Extreme Caution,17,4,2018,107,16,Dry,Neutral,0,8.059999999999999,0
2018-04-18 08:00:00,28.5,32.8,24.6,0.0,92.0,69.0,14.8,36.09,Extreme Caution,18,4,2018,108,16,Dry,Neutral,0,7.590000000000003,0
2018-04-19 08:00:00,28.8,34.2,24.5,0.0,95.0,69.0,18.4,37.95,Extreme Caution,19,4,2018,109,16,Dry,Neutral,0,9.150000000000002,0
2018-04-20 08:00:00,29.2,34.0,25.4,0.0,87.0,65.0,18.2,37.05,Extreme Caution,20,4,2018,110,16,Dry,Neutral,0,7.849999999999998,0
2018-04-21 08:00:00,29.8,34.8,26.0,0.0,94.0,68.0,19.5,41.38,Extreme Caution,21,4,2018,111,16,Dry,Neutral,0,11.580000000000002,0
2018-04-22 08:00:00,29.5,32.8,26.6,0.5,84.0,67.0,13.4,37.2,Extreme Caution,22,4,2018,112,16,Dry,Neutral,0,7.700000000000003,0
2018-04-23 08:00:00,29.8,34.5,26.1,0.1,87.0,66.0,20.3,39.08,Extreme Caution,23,4,2018,113,17,Dry,Neutral,0,9.279999999999998,0
2018-04-24 08:00:00,30.0,34.0,26.6,0.5,82.0,66.0,12.2,38.24,Extreme Caution,24,4,2018,114,17,Dry,Neutral,0,8.240000000000002,0
2018-04-25 08:00:00,29.2,33.0,26.5,2.2,81.0,70.0,11.6,35.54,Extreme Caution,25,4,2018,115,17,Dry,Neutral,0,6.34,0
2018-04-26 08:00:00,29.4,33.0,25.8,0.0,89.0,68.0,12.2,38.31,Extreme Caution,26,4,2018,116,17,Dry,Neutral,0,8.910000000000004,0
2018-04-27 08:00:00,29.8,34.2,26.0,0.0,87.0,65.0,14.3,39.08,Extreme Caution,27,4,2018,117,17,Dry,Neutral,0,9.279999999999998,0
2018-04-28 08:00:00,29.8,34.2,26.1,0.1,88.0,66.0,15.5,39.4,Extreme Caution,28,4,2018,118,17,Dry,Neutral,0,9.599999999999998,0
2018-04-29 08:00:00,29.8,34.2,26.2,0.7,87.0,67.0,15.3,39.08,Extreme Caution,29,4,2018,119,17,Dry,Neutral,0,9.279999999999998,0
2018-04-30 08:00:00,30.0,34.3,26.2,0.0,86.0,65.0,15.2,39.46,Extreme Caution,30,4,2018,120,18,Dry,Neutral,0,9.46,0
2018-05-01 08:00:00,29.7,34.1,26.2,0.4,87.0,68.0,16.1,38.74,Extreme Caution,1,5,2018,121,18,Dry,Neutral,0,9.040000000000003,0
2018-05-02 08:00:00,30.7,36.0,26.9,0.0,83.0,62.0,21.4,40.9,Extreme Caution,2,5,2018,122,18,Dry,Neutral,0,10.2,0
2018-05-03 08:00:00,30.3,34.6,27.3,0.9,83.0,66.0,19.1,39.53,Extreme Caution,3,5,2018,123,18,Dry,Neutral,0,9.23,0
2018-05-04 08:00:00,30.9,36.0,27.2,0.2,81.0,61.0,19.6,40.89,Extreme Caution,4,5,2018,124,18,Dry,Neutral,0,9.990000000000002,0
2018-05-05 08:00:00,28.9,31.2,27.1,6.1,80.0,71.0,16.4,34.46,Extreme Caution,5,5,2018,125,18,Dry,Neutral,0,5.560000000000002,0
2018-05-06 08:00:00,30.0,33.3,27.0,0.2,81.0,66.0,14.1,37.95,Extreme Caution,6,5,2018,126,18,Dry,Neutral,0,7.950000000000003,0
2018-05-07 08:00:00,30.2,34.0,26.9,0.1,86.0,69.0,13.7,40.16,Extreme Caution,7,5,2018,127,19,Dry,Neutral,0,9.959999999999997,0
2018-05-08 08:00:00,29.5,33.7,26.9,0.6,84.0,70.0,20.6,37.2,Extreme Caution,8,5,2018,128,19,Dry,Neutral,0,7.700000000000003,0
2018-05-09 08:00:00,30.1,34.0,26.5,0.0,85.0,64.0,12.2,39.48,Extreme Caution,9,5,2018,129,19,Dry,Neutral,0,9.379999999999995,0
2018-05-10 08:00:00,30.1,33.8,26.7,0.1,82.0,64.0,12.5,38.57,Extreme Caution,10,5,2018,130,19,Dry,Neutral,0,8.469999999999999,0
2018-05-11 08:00:00,30.0,34.0,26.8,0.4,83.0,65.0,13.2,38.54,Extreme Caution,11,5,2018,131,19,Dry,Neutral,0,8.54,0
2018-05-12 08:00:00,29.8,34.0,26.9,0.4,86.0,69.0,7.4,38.77,Extreme Caution,12,5,2018,132,19,Dry,Neutral,0,8.970000000000002,0
2018-05-13 08:00:00,30.2,34.8,27.2,0.1,84.0,67.0,12.3,39.51,Extreme Caution,13,5,2018,133,19,Dry,Neutral,0,9.309999999999999,0
2018-05-14 08:00:00,30.7,34.5,27.7,0.6,84.0,65.0,13.0,41.25,Extreme Caution,14,5,2018,134,20,Dry,Neutral,0,10.55,0
2018-05-15 08:00:00,30.0,33.2,27.2,5.3,82.0,69.0,20.4,38.24,Extreme Caution,15,5,2018,135,20,Dry,Neutral,0,8.240000000000002,0
2018-05-16 08:00:00,30.3,34.4,26.1,0.1,92.0,66.0,14.5,42.62,Danger,16,5,2018,136,20,Dry,Neutral,0,12.319999999999997,1
2018-05-17 08:00:00,30.5,34.5,27.4,0.2,79.0,65.0,13.1,38.92,Extreme Caution,17,5,2018,137,20,Dry,Neutral,0,8.420000000000002,0
2018-05-18 08:00:00,30.4,34.5,26.5,1.2,83.0,66.0,11.4,39.87,Extreme Caution,18,5,2018,138,20,Dry,Neutral,0,9.469999999999999,0
2018-05-19 08:00:00,30.4,33.9,27.2,0.2,83.0,65.0,15.4,39.87,Extreme Caution,19,5,2018,139,20,Dry,Neutral,0,9.469999999999999,0
2018-05-20 08:00:00,30.1,33.5,27.3,0.8,85.0,67.0,13.3,39.48,Extreme Caution,20,5,2018,140,20,Dry,Neutral,0,9.379999999999995,0
2018-05-21 08:00:00,29.1,33.3,25.9,1.8,92.0,74.0,11.6,38.15,Extreme Caution,21,5,2018,141,21,Dry,Neutral,0,9.049999999999997,0
2018-05-22 08:00:00,29.6,34.0,26.6,1.7,88.0,72.0,8.4,38.7,Extreme Caution,22,5,2018,142,21,Dry,Neutral,0,9.100000000000001,0
2018-05-23 08:00:00,30.8,34.7,27.6,0.0,82.0,65.0,10.2,40.9,Extreme Caution,23,5,2018,143,21,Dry,Neutral,0,10.099999999999998,0
2018-05-24 08:00:00,30.7,34.9,27.1,0.2,84.0,66.0,10.5,41.25,Extreme Caution,24,5,2018,144,21,Dry,Neutral,0,10.55,0
2018-05-25 08:00:00,29.8,33.5,26.8,2.8,87.0,71.0,12.7,39.08,Extreme Caution,25,5,2018,145,21,Dry,Neutral,0,9.279999999999998,0
2018-05-26 08:00:00,30.4,34.2,27.1,1.1,85.0,69.0,11.3,40.53,Extreme Caution,26,5,2018,146,21,Dry,Neutral,0,10.130000000000003,0
2018-05-27 08:00:00,30.7,34.2,27.3,0.3,83.0,68.0,14.6,40.9,Extreme Caution,27,5,2018,147,21,Dry,Neutral,0,10.2,0
2018-05-28 08:00:00,30.7,34.8,27.1,0.0,88.0,67.0,19.6,42.7,Danger,28,5,2018,148,22,Dry,Neutral,0,12.000000000000004,1
2018-05-29 08:00:00,30.5,34.2,27.5,0.5,84.0,67.0,12.2,40.55,Extreme Caution,29,5,2018,149,22,Dry,Neutral,0,10.049999999999997,0
2018-05-30 08:00:00,30.5,35.0,27.2,0.0,87.0,67.0,16.6,41.58,Extreme Caution,30,5,2018,150,22,Dry,Neutral,0,11.079999999999998,0
2018-05-31 08:00:00,30.7,34.5,27.5,0.1,87.0,67.0,14.8,42.33,Danger,31,5,2018,151,22,Dry,Neutral,0,11.629999999999999,1
2018-06-01 08:00:00,29.8,34.2,26.5,3.7,88.0,71.0,16.6,39.4,Extreme Caution,1,6,2018,152,22,Wet,Neutral,0,9.599999999999998,0
2018-06-02 08:00:00,28.5,33.8,25.9,11.8,94.0,78.0,23.1,36.61,Extreme Caution,2,6,2018,153,22,Wet,Neutral,0,8.11,0
2018-06-03 08:00:00,29.2,31.2,27.5,3.1,81.0,74.0,19.2,35.54,Extreme Caution,3,6,2018,154,22,Wet,Neutral,0,6.34,0
2018-06-04 08:00:00,30.7,34.8,27.7,1.7,89.0,67.0,16.5,43.08,Danger,4,6,2018,155,23,Wet,Neutral,0,12.379999999999999,1
2018-06-05 08:00:00,29.1,32.5,26.0,8.6,94.0,78.0,16.3,38.74,Extreme Caution,5,6,2018,156,23,Wet,Neutral,0,9.64,0
2018-06-06 08:00:00,27.9,30.8,26.0,16.2,95.0,83.0,17.5,34.83,Extreme Caution,6,6,2018,157,23,Wet,Neutral,0,6.93,0
2018-06-07 08:00:00,26.7,28.9,25.8,21.9,97.0,91.0,16.4,31.43,Caution,7,6,2018,158,23,Wet,Neutral,0,4.73,0
2018-06-08 08:00:00,26.9,27.5,26.0,52.0,93.0,90.0,25.0,31.33,Caution,8,6,2018,159,23,Wet,Neutral,0,4.43,0
2018-06-09 08:00:00,26.2,26.7,25.9,71.2,94.0,92.0,30.8,28.76,Caution,9,6,2018,160,23,Wet,Neutral,0,2.5600000000000023,0
2018-06-10 08:00:00,26.4,27.0,26.0,35.7,92.0,90.0,31.9,29.21,Caution,10,6,2018,161,23,Wet,Neutral,0,2.8100000000000023,0
2018-06-11 08:00:00,26.4,27.1,25.9,42.3,93.0,91.0,31.4,29.27,Caution,11,6,2018,162,24,Wet,Neutral,0,2.870000000000001,0
2018-06-12 08:00:00,26.6,28.0,25.8,31.8,93.0,90.0,31.0,29.85,Caution,12,6,2018,163,24,Wet,Neutral,0,3.25,0
2018-06-13 08:00:00,26.8,28.0,26.0,20.4,92.0,89.0,27.5,30.88,Caution,13,6,2018,164,24,Wet,Neutral,0,4.079999999999998,0
2018-06-14 08:00:00,27.2,28.6,26.2,11.7,92.0,87.0,27.7,32.02,Caution,14,6,2018,165,24,Wet,Neutral,0,4.820000000000004,0
2018-06-15 08:00:00,27.4,29.3,25.5,6.0,97.0,86.0,24.7,33.63,Extreme Caution,15,6,2018,166,24,Wet,Neutral,0,6.230000000000004,0
2018-06-16 08:00:00,27.5,30.0,25.9,11.2,92.0,85.0,31.2,32.91,Caution,16,6,2018,167,24,Wet,Neutral,0,5.409999999999997,0
2018-06-17 08:00:00,27.4,28.9,26.0,5.0,92.0,86.0,23.6,32.61,Caution,17,6,2018,168,24,Wet,Neutral,0,5.210000000000001,0
2018-06-18 08:00:00,28.6,30.2,27.2,0.5,87.0,79.0,20.6,35.14,Extreme Caution,18,6,2018,169,25,Wet,Neutral,0,6.539999999999999,0
2018-06-19 08:00:00,28.4,30.5,26.0,0.3,96.0,81.0,18.7,36.79,Extreme Caution,19,6,2018,170,25,Wet,Neutral,0,8.39,0
2018-06-20 08:00:00,27.8,30.1,26.1,7.6,95.0,85.0,12.6,34.5,Extreme Caution,20,6,2018,171,25,Wet,Neutral,0,6.699999999999999,0
2018-06-21 08:00:00,26.9,29.0,25.3,9.6,96.0,87.0,12.7,31.86,Caution,21,6,2018,172,25,Wet,Neutral,0,4.960000000000001,0
2018-06-22 08:00:00,26.7,29.5,24.5,19.8,97.0,88.0,15.5,31.43,Caution,22,6,2018,173,25,Wet,Neutral,0,4.73,0
2018-06-23 08:00:00,27.0,30.5,25.0,10.4,98.0,87.0,10.7,32.53,Caution,23,6,2018,174,25,Wet,Neutral,0,5.530000000000001,0
2018-06-24 08:00:00,27.4,30.9,24.8,5.6,96.0,84.0,9.4,33.42,Extreme Caution,24,6,2018,175,25,Wet,Neutral,0,6.020000000000003,0
2018-06-25 08:00:00,26.7,28.5,25.0,6.5,96.0,88.0,5.8,31.26,Caution,25,6,2018,176,26,Wet,Neutral,0,4.560000000000002,0
2018-06-26 08:00:00,26.6,29.0,24.8,10.0,96.0,89.0,7.2,30.1,Caution,26,6,2018,177,26,Wet,Neutral,0,3.5,0
2018-06-27 08:00:00,26.6,28.6,25.0,9.8,97.0,89.0,8.4,30.18,Caution,27,6,2018,178,26,Wet,Neutral,0,3.5799999999999983,0
2018-06-28 08:00:00,27.8,29.8,25.3,1.0,97.0,83.0,19.7,34.96,Extreme Caution,28,6,2018,179,26,Wet,Neutral,0,7.16,0
2018-06-29 08:00:00,27.7,29.5,26.0,2.0,91.0,83.0,20.1,33.31,Extreme Caution,29,6,2018,180,26,Wet,Neutral,0,5.610000000000003,0
2018-06-30 08:00:00,27.3,28.6,25.6,7.7,93.0,85.0,19.9,32.51,Caution,30,6,2018,181,26,Wet,Neutral,0,5.209999999999997,0
2018-07-01 08:00:00,27.0,29.3,25.6,8.3,93.0,86.0,20.6,31.62,Caution,1,7,2018,182,26,Wet,Neutral,0,4.620000000000001,0
2018-07-02 08:00:00,27.5,29.0,26.4,4.4,90.0,85.0,19.3,32.51,Caution,2,7,2018,183,27,Wet,Neutral,0,5.009999999999998,0
2018-07-03 08:00:00,27.3,28.7,26.1,4.2,93.0,85.0,21.1,32.51,Caution,3,7,2018,184,27,Wet,Neutral,0,5.209999999999997,0
2018-07-04 08:00:00,27.1,28.5,25.4,10.2,93.0,86.0,19.8,31.92,Caution,4,7,2018,185,27,Wet,Neutral,0,4.82,0
2018-07-05 08:00:00,27.2,29.5,25.5,12.0,94.0,85.0,21.1,32.4,Caution,5,7,2018,186,27,Wet,Neutral,0,5.199999999999999,0
2018-07-06 08:00:00,27.2,30.0,25.3,11.2,96.0,86.0,18.4,32.79,Caution,6,7,2018,187,27,Wet,Neutral,0,5.59,0
2018-07-07 08:00:00,27.0,29.9,25.4,15.6,95.0,87.0,12.8,31.99,Caution,7,7,2018,188,27,Wet,Neutral,0,4.989999999999998,0
2018-07-08 08:00:00,26.3,29.1,24.7,18.5,97.0,91.0,12.5,29.22,Caution,8,7,2018,189,27,Wet,Neutral,0,2.919999999999998,0
2018-07-09 08:00:00,26.7,28.8,25.2,19.8,94.0,87.0,21.1,30.93,Caution,9,7,2018,190,28,Wet,Neutral,0,4.23,0
2018-07-10 08:00:00,26.3,27.3,25.6,19.2,93.0,89.0,22.5,28.99,Caution,10,7,2018,191,28,Wet,Neutral,0,2.6899999999999977,0
2018-07-11 08:00:00,26.2,27.8,25.0,31.4,94.0,90.0,23.9,28.76,Caution,11,7,2018,192,28,Wet,Neutral,0,2.5600000000000023,0
2018-07-12 08:00:00,26.4,28.0,24.5,12.9,98.0,89.0,17.2,29.61,Caution,12,7,2018,193,28,Wet,Neutral,0,3.210000000000001,0
2018-07-13 08:00:00,26.3,28.4,25.3,36.7,95.0,89.0,10.4,29.11,Caution,13,7,2018,194,28,Wet,Neutral,0,2.8099999999999987,0
2018-07-14 08:00:00,25.8,27.2,24.8,67.5,95.0,92.0,17.9,27.66,Caution,14,7,2018,195,28,Wet,Neutral,0,1.8599999999999994,0
2018-07-15 08:00:00,26.1,27.4,25.4,47.2,94.0,91.0,24.8,28.47,Caution,15,7,2018,196,28,Wet,Neutral,0,2.3699999999999974,0
2018-07-16 08:00:00,26.2,27.4,25.4,47.2,93.0,90.0,26.6,28.71,Caution,16,7,2018,197,29,Wet,Neutral,0,2.5100000000000016,0
2018-07-17 08:00:00,25.8,26.1,25.4,62.7,94.0,92.0,29.9,27.63,Caution,17,7,2018,198,29,Wet,Neutral,0,1.8299999999999983,0
2018-07-18 08:00:00,26.8,28.5,25.6,20.0,93.0,87.0,27.2,31.05,Caution,18,7,2018,199,29,Wet,Neutral,0,4.25,0
2018-07-19 08:00:00,26.8,28.9,25.5,29.2,93.0,88.0,25.9,31.05,Caution,19,7,2018,200,29,Wet,Neutral,0,4.25,0
2018-07-20 08:00:00,26.7,28.7,25.8,19.0,93.0,88.0,29.2,30.77,Caution,20,7,2018,201,29,Wet,Neutral,0,4.07,0
2018-07-21 08:00:00,26.7,27.8,26.0,23.6,93.0,88.0,39.5,30.77,Caution,21,7,2018,202,29,Wet,Neutral,0,4.07,0
2018-07-22 08:00:00,26.5,27.5,25.3,28.2,94.0,89.0,28.9,29.64,Caution,22,7,2018,203,29,Wet,Neutral,0,3.1400000000000006,0
2018-07-23 08:00:00,25.8,26.9,24.5,35.1,97.0,92.0,19.6,27.7,Caution,23,7,2018,204,30,Wet,Neutral,0,1.8999999999999986,0
2018-07-24 08:00:00,26.1,27.7,24.7,12.6,96.0,91.0,15.3,28.56,Caution,24,7,2018,205,30,Wet,Neutral,0,2.4599999999999973,0
2018-07-25 08:00:00,26.4,28.6,24.65,19.0,95.0,89.0,18.1,29.41,Caution,25,7,2018,206,30,Wet,Neutral,0,3.0100000000000016,0
2018-07-26 08:00:00,25.5,26.8,24.6,43.8,96.0,92.0,11.3,26.61,Normal,26,7,2018,207,30,Wet,Neutral,0,1.1099999999999994,0
2018-07-27 08:00:00,25.7,27.0,24.8,15.2,97.0,92.0,12.1,27.41,Caution,27,7,2018,208,30,Wet,Neutral,0,1.7100000000000009,0
2018-07-28 08:00:00,26.3,27.8,24.8,10.6,96.0,90.0,17.3,29.16,Caution,28,7,2018,209,30,Wet,Neutral,0,2.8599999999999994,0
2018-07-29 08:00:00,26.4,28.1,25.0,5.4,96.0,89.0,18.3,29.47,Caution,29,7,2018,210,30,Wet,Neutral,0,3.0700000000000003,0
2018-07-30 08:00:00,27.0,28.9,25.4,4.1,96.0,88.0,18.7,32.17,Caution,30,7,2018,211,31,Wet,Neutral,0,5.170000000000002,0
2018-07-31 08:00:00,27.1,28.8,25.4,6.7,96.0,88.0,17.2,32.48,Caution,31,7,2018,212,31,Wet,Neutral,0,5.3799999999999955,0
2018-08-01 08:00:00,27.0,29.5,25.4,18.3,95.0,88.0,23.8,31.99,Caution,1,8,2018,213,31,Wet,Neutral,0,4.989999999999998,0
2018-08-02 08:00:00,26.7,28.8,25.0,17.2,95.0,88.0,16.7,31.1,Caution,2,8,2018,214,31,Wet,Neutral,0,4.400000000000002,0
2018-08-03 08:00:00,26.5,28.0,25.0,9.1,94.0,87.0,19.9,29.64,Caution,3,8,2018,215,31,Wet,Neutral,0,3.1400000000000006,0
2018-08-04 08:00:00,26.4,29.2,24.5,14.9,98.0,88.0,18.7,29.61,Caution,4,8,2018,216,31,Wet,Neutral,0,3.210000000000001,0
2018-08-05 08:00:00,26.7,29.3,25.0,4.2,98.0,89.0,14.6,31.6,Caution,5,8,2018,217,31,Wet,Neutral,0,4.900000000000002,0
2018-08-06 08:00:00,26.8,28.6,25.2,14.3,95.0,87.0,12.0,31.39,Caution,6,8,2018,218,32,Wet,Neutral,0,4.59,0
2018-08-07 08:00:00,27.1,29.5,25.4,8.8,97.0,86.0,16.1,32.66,Caution,7,8,2018,219,32,Wet,Neutral,0,5.559999999999995,0
2018-08-08 08:00:00,27.1,28.9,26.2,5.4,89.0,84.0,23.6,31.19,Caution,8,8,2018,220,32,Wet,Neutral,0,4.09,0
2018-08-09 08:00:00,26.4,27.5,25.8,23.4,93.0,90.0,22.8,29.27,Caution,9,8,2018,221,32,Wet,Neutral,0,2.870000000000001,0
2018-08-10 08:00:00,26.2,27.5,25.3,38.1,94.0,91.0,29.5,28.76,Caution,10,8,2018,222,32,Wet,Neutral,0,2.5600000000000023,0
2018-08-11 08:00:00,25.9,26.9,25.6,36.1,93.0,91.0,33.9,27.88,Caution,11,8,2018,223,32,Wet,Neutral,0,1.9800000000000004,0
2018-08-12 08:00:00,26.0,27.2,25.2,37.0,93.0,90.0,35.0,28.15,Caution,12,8,2018,224,32,Wet,Neutral,0,2.1499999999999986,0
2018-08-13 08:00:00,26.1,27.5,25.5,30.8,92.0,90.0,35.7,28.38,Caution,13,8,2018,225,33,Wet,Neutral,0,2.2799999999999976,0
2018-08-14 08:00:00,26.9,27.9,26.1,17.5,92.0,86.0,34.7,31.16,Caution,14,8,2018,226,33,Wet,Neutral,0,4.260000000000002,0
2018-08-15 08:00:00,27.5,29.4,25.9,6.8,90.0,82.0,30.2,32.51,Caution,15,8,2018,227,33,Wet,Neutral,0,5.009999999999998,0
2018-08-16 08:00:00,27.0,29.1,25.2,6.4,94.0,86.0,26.7,31.8,Caution,16,8,2018,228,33,Wet,Neutral,0,4.800000000000001,0
2018-08-17 08:00:00,26.7,28.7,25.5,17.7,92.0,87.0,23.2,30.6,Caution,17,8,2018,229,33,Wet,Neutral,0,3.900000000000002,0
2018-08-18 08:00:00,26.1,27.5,25.0,34.1,93.0,89.0,22.6,28.43,Caution,18,8,2018,230,33,Wet,Neutral,0,2.3299999999999983,0
2018-08-19 08:00:00,26.1,27.1,25.2,19.4,92.0,89.0,22.8,28.38,Caution,19,8,2018,231,33,Wet,Neutral,0,2.2799999999999976,0
2018-08-20 08:00:00,26.5,27.9,25.5,11.3,93.0,87.0,26.4,29.56,Caution,20,8,2018,232,34,Wet,Neutral,0,3.0599999999999987,0
2018-08-21 08:00:00,27.0,28.8,25.7,9.4,93.0,86.0,31.2,31.62,Caution,21,8,2018,233,34,Wet,Neutral,0,4.620000000000001,0
2018-08-22 08:00:00,27.6,29.5,26.2,4.6,90.0,82.0,29.8,32.8,Caution,22,8,2018,234,34,Wet,Neutral,0,5.199999999999996,0
2018-08-23 08:00:00,27.7,29.4,26.0,4.9,88.0,82.0,30.9,32.68,Caution,23,8,2018,235,34,Wet,Neutral,0,4.98,0
2018-08-24 08:00:00,26.7,28.4,25.9,8.8,91.0,87.0,27.7,30.44,Caution,24,8,2018,236,34,Wet,Neutral,0,3.740000000000002,0
2018-08-25 08:00:00,26.3,27.8,25.5,12.6,93.0,88.0,26.6,28.99,Caution,25,8,2018,237,34,Wet,Neutral,0,2.6899999999999977,0
2018-08-26 08:00:00,26.8,28.5,25.1,1.0,97.0,87.0,21.4,31.73,Caution,26,8,2018,238,34,Wet,Neutral,0,4.93,0
2018-08-27 08:00:00,27.3,30.0,25.0,6.7,98.0,86.0,10.4,33.5,Extreme Caution,27,8,2018,239,35,Wet,Neutral,0,6.199999999999999,0
2018-08-28 08:00:00,27.3,29.8,24.7,0.5,99.0,86.0,18.1,33.71,Extreme Caution,28,8,2018,240,35,Wet,Neutral,0,6.41,0
2018-08-29 08:00:00,27.9,31.0,25.1,0.0,99.0,82.0,13.5,35.77,Extreme Caution,29,8,2018,241,35,Wet,Neutral,0,7.8700000000000045,0
2018-08-30 08:00:00,27.3,30.5,24.8,0.4,96.0,84.0,12.4,33.1,Extreme Caution,30,8,2018,242,35,Wet,Neutral,0,5.800000000000001,0
2018-08-31 08:00:00,26.6,29.4,24.3,8.6,96.0,88.0,11.8,30.1,Caution,31,8,2018,243,35,Wet,Neutral,0,3.5,0
2018-09-01 08:00:00,26.3,28.6,24.7,15.2,96.0,89.0,9.0,29.16,Caution,1,9,2018,244,35,Wet,Neutral,0,2.8599999999999994,0
2018-09-02 08:00:00,26.5,29.5,24.2,27.1,96.0,88.0,14.1,29.78,Caution,2,9,2018,245,35,Wet,Neutral,0,3.280000000000001,0
2018-09-03 08:00:00,26.0,28.0,25.0,17.1,93.0,88.0,20.2,28.15,Caution,3,9,2018,246,36,Wet,Neutral,0,2.1499999999999986,0
2018-09-04 08:00:00,26.1,27.9,24.7,10.2,95.0,88.0,16.2,28.52,Caution,4,9,2018,247,36,Wet,Neutral,0,2.419999999999998,0
2018-09-05 08:00:00,26.1,28.8,24.4,19.1,97.0,91.0,16.1,28.61,Caution,5,9,2018,248,36,Wet,Neutral,0,2.509999999999998,0
2018-09-06 08:00:00,25.8,27.7,24.4,56.1,97.0,91.0,17.5,27.7,Caution,6,9,2018,249,36,Wet,Neutral,0,1.8999999999999986,0
2018-09-07 08:00:00,26.1,27.3,25.0,15.9,94.0,89.0,23.7,28.47,Caution,7,9,2018,250,36,Wet,Neutral,0,2.3699999999999974,0
2018-09-08 08:00:00,27.4,29.6,25.2,5.0,94.0,84.0,18.2,33.01,Extreme Caution,8,9,2018,251,36,Wet,Neutral,0,5.609999999999999,0
2018-09-09 08:00:00,27.6,29.8,25.9,2.8,93.0,86.0,15.6,33.43,Extreme Caution,9,9,2018,252,36,Wet,Neutral,0,5.829999999999998,0
2018-09-10 08:00:00,27.1,30.0,25.2,6.8,95.0,87.0,14.8,32.29,Caution,10,9,2018,253,37,Wet,Neutral,0,5.189999999999998,0
2018-09-11 08:00:00,26.9,29.5,25.0,7.3,94.0,85.0,17.2,31.51,Caution,11,9,2018,254,37,Wet,Neutral,0,4.610000000000003,0
2018-09-12 08:00:00,26.3,28.8,24.0,12.1,96.0,88.0,16.0,29.16,Caution,12,9,2018,255,37,Wet,Neutral,0,2.8599999999999994,0
2018-09-13 08:00:00,27.1,29.6,25.1,5.1,95.0,86.0,13.0,32.29,Caution,13,9,2018,256,37,Wet,Neutral,0,5.189999999999998,0
2018-09-14 08:00:00,27.2,28.2,26.0,31.3,92.0,87.0,44.8,32.02,Caution,14,9,2018,257,37,Wet,Neutral,0,4.820000000000004,0
2018-09-15 08:00:00,26.3,27.1,25.4,24.5,93.0,89.0,45.8,28.99,Caution,15,9,2018,258,37,Wet,Neutral,0,2.6899999999999977,0
2018-09-16 08:00:00,26.3,28.7,24.8,7.1,97.0,91.0,11.4,29.22,Caution,16,9,2018,259,37,Wet,Neutral,0,2.919999999999998,0
2018-09-17 08:00:00,26.1,29.0,23.8,12.1,99.0,91.0,16.6,28.7,Caution,17,9,2018,260,38,Wet,Neutral,0,2.599999999999998,0
2018-09-18 08:00:00,27.0,29.2,24.9,3.4,98.0,88.0,10.8,32.53,Caution,18,9,2018,261,38,Wet,Neutral,0,5.530000000000001,0
2018-09-19 08:00:00,26.7,29.1,25.1,1.6,98.0,89.0,7.9,31.6,Caution,19,9,2018,262,38,Wet,Neutral,0,4.900000000000002,0
2018-09-20 08:00:00,26.8,30.8,24.6,11.9,96.0,87.0,12.7,31.56,Caution,20,9,2018,263,38,Wet,Neutral,0,4.759999999999998,0
2018-09-21 08:00:00,26.8,29.4,24.5,4.9,97.0,89.0,9.6,31.73,Caution,21,9,2018,264,38,Wet,Neutral,0,4.93,0
2018-09-22 08:00:00,27.2,29.9,24.5,2.4,98.0,85.0,7.7,33.18,Extreme Caution,22,9,2018,265,38,Wet,Neutral,0,5.98,0
2018-09-23 08:00:00,27.2,30.0,24.7,3.1,97.0,85.0,10.9,32.98,Caution,23,9,2018,266,38,Wet,Neutral,0,5.779999999999998,0
2018-09-24 08:00:00,27.5,30.0,24.6,1.3,99.0,86.0,16.1,34.38,Extreme Caution,24,9,2018,267,39,Wet,Neutral,0,6.880000000000003,0
2018-09-25 08:00:00,28.0,30.5,26.2,2.8,92.0,81.0,16.6,34.46,Extreme Caution,25,9,2018,268,39,Wet,Neutral,0,6.460000000000001,0
2018-09-26 08:00:00,26.9,30.0,25.0,9.9,97.0,88.0,14.7,32.04,Caution,26,9,2018,269,39,Wet,Neutral,0,5.140000000000001,0
2018-09-27 08:00:00,27.5,29.8,25.1,3.6,95.0,84.0,20.5,33.53,Extreme Caution,27,9,2018,270,39,Wet,Neutral,0,6.030000000000001,0
2018-09-28 08:00:00,27.6,29.8,25.9,3.7,93.0,84.0,18.7,33.43,Extreme Caution,28,9,2018,271,39,Wet,Neutral,0,5.829999999999998,0
2018-09-29 08:00:00,27.8,30.0,25.4,0.8,94.0,81.0,16.0,34.28,Extreme Caution,29,9,2018,272,39,Wet,Neutral,0,6.48,0
2018-09-30 08:00:00,27.4,30.1,24.8,0.4,96.0,83.0,15.2,33.42,Extreme Caution,30,9,2018,273,39,Wet,Neutral,0,6.020000000000003,0
2018-10-01 08:00:00,27.3,30.0,24.4,4.2,95.0,83.0,9.4,32.9,Caution,1,10,2018,274,40,Wet,Neutral,0,5.599999999999998,0
2018-10-02 08:00:00,26.4,28.9,24.3,23.4,98.0,89.0,9.4,29.61,Caution,2,10,2018,275,40,Wet,Neutral,0,3.210000000000001,0
2018-10-03 08:00:00,26.6,29.6,24.5,6.9,96.0,85.0,13.0,30.1,Caution,3,10,2018,276,40,Wet,Neutral,0,3.5,0
2018-10-04 08:00:00,27.0,29.5,24.6,1.3,90.0,81.0,12.7,31.09,Caution,4,10,2018,277,40,Wet,Neutral,0,4.09,0
2018-10-05 08:00:00,26.9,29.8,24.0,0.0,92.0,80.0,11.7,31.16,Caution,5,10,2018,278,40,Wet,Neutral,0,4.260000000000002,0
2018-10-06 08:00:00,27.0,29.8,24.7,0.0,94.0,82.0,12.1,31.8,Caution,6,10,2018,279,40,Wet,Neutral,0,4.800000000000001,0
2018-10-07 08:00:00,27.3,30.2,24.7,4.9,95.0,85.0,8.7,32.9,Caution,7,10,2018,280,40,Wet,Neutral,0,5.599999999999998,0
2018-10-08 08:00:00,27.4,30.2,25.7,4.9,94.0,86.0,7.0,33.01,Extreme Caution,8,10,2018,281,41,Wet,Neutral,0,5.609999999999999,0
2018-10-09 08:00:00,27.6,30.0,25.6,2.6,94.0,86.0,8.4,33.64,Extreme Caution,9,10,2018,282,41,Wet,Neutral,0,6.039999999999999,0
2018-10-10 08:00:00,27.6,30.1,25.7,4.3,95.0,86.0,8.7,33.85,Extreme Caution,10,10,2018,283,41,Wet,Neutral,0,6.25,0
2018-10-11 08:00:00,27.6,29.2,25.4,0.5,95.0,86.0,9.7,33.85,Extreme Caution,11,10,2018,284,41,Wet,Neutral,0,6.25,0
2018-10-12 08:00:00,28.0,31.0,25.0,0.8,97.0,83.0,12.4,35.64,Extreme Caution,12,10,2018,285,41,Wet,Neutral,0,7.640000000000001,0
2018-10-13 08:00:00,28.2,31.6,25.4,0.6,96.0,80.0,14.3,36.09,Extreme Caution,13,10,2018,286,41,Wet,Neutral,0,7.890000000000004,0
2018-10-14 08:00:00,27.5,30.2,25.8,2.5,92.0,83.0,10.7,32.91,Caution,14,10,2018,287,41,Wet,Neutral,0,5.409999999999997,0
2018-10-15 08:00:00,26.7,29.2,24.5,5.5,96.0,90.0,7.9,31.26,Caution,15,10,2018,288,42,Wet,Neutral,0,4.560000000000002,0
2018-10-16 08:00:00,27.3,29.5,25.2,3.6,96.0,87.0,6.6,33.1,Extreme Caution,16,10,2018,289,42,Wet,Neutral,0,5.800000000000001,0
2018-10-17 08:00:00,26.9,30.2,24.0,4.8,98.0,86.0,10.5,32.22,Caution,17,10,2018,290,42,Wet,Neutral,0,5.32,0
2018-10-18 08:00:00,27.1,29.5,24.8,4.4,96.0,87.0,8.6,32.48,Caution,18,10,2018,291,42,Wet,Neutral,0,5.3799999999999955,0
2018-10-19 08:00:00,27.4,30.6,24.0,1.9,100.0,84.0,11.0,34.25,Extreme Caution,19,10,2018,292,42,Wet,Neutral,0,6.850000000000001,0
2018-10-20 08:00:00,27.7,31.1,24.9,1.6,98.0,83.0,6.8,34.85,Extreme Caution,20,10,2018,293,42,Wet,Neutral,0,7.150000000000002,0
2018-10-21 08:00:00,27.5,30.8,24.9,1.7,97.0,84.0,14.2,33.95,Extreme Caution,21,10,2018,294,42,Wet,Neutral,0,6.450000000000003,0
2018-10-22 08:00:00,27.6,31.0,24.2,1.0,96.0,76.0,15.3,34.07,Extreme Caution,22,10,2018,295,43,Wet,Neutral,0,6.469999999999999,0
2018-10-23 08:00:00,27.1,29.7,24.4,0.1,96.0,79.0,9.4,32.48,Caution,23,10,2018,296,43,Wet,Neutral,0,5.3799999999999955,0
2018-10-24 08:00:00,26.9,29.5,23.9,1.5,94.0,82.0,8.3,31.51,Caution,24,10,2018,297,43,Wet,Neutral,0,4.610000000000003,0
2018-10-25 08:00:00,27.4,30.0,24.3,1.6,97.0,82.0,10.6,33.63,Extreme Caution,25,10,2018,298,43,Wet,Neutral,0,6.230000000000004,0
2018-10-26 08:00:00,27.4,30.5,24.4,1.9,92.0,79.0,11.7,32.61,Caution,26,10,2018,299,43,Wet,Neutral,0,5.210000000000001,0
2018-10-27 08:00:00,27.4,30.8,24.5,0.4,99.0,83.0,11.5,34.04,Extreme Caution,27,10,2018,300,43,Wet,Neutral,0,6.640000000000001,0
2018-10-28 08:00:00,26.8,30.5,23.3,3.3,92.0,79.0,15.1,30.88,Caution,28,10,2018,301,43,Wet,Neutral,0,4.079999999999998,0
2018-10-29 08:00:00,26.5,28.5,22.9,0.0,92.0,74.0,18.0,29.49,Caution,29,10,2018,302,44,Wet,Neutral,0,2.9899999999999984,0
2018-10-30 08:00:00,26.1,27.4,25.2,30.5,93.0,90.0,36.6,28.43,Caution,30,10,2018,303,44,Wet,Neutral,0,2.3299999999999983,0
2018-10-31 08:00:00,27.5,30.4,25.2,4.5,97.0,85.0,13.1,33.95,Extreme Caution,31,10,2018,304,44,Wet,Neutral,0,6.450000000000003,0
2018-11-01 08:00:00,27.8,31.0,25.1,0.7,96.0,82.0,11.3,34.73,Extreme Caution,1,11,2018,305,44,Wet,Neutral,0,6.929999999999996,0
2018-11-02 08:00:00,27.6,31.0,24.5,0.6,99.0,82.0,11.1,34.73,Extreme Caution,2,11,2018,306,44,Wet,Neutral,0,7.1299999999999955,0
2018-11-03 08:00:00,27.5,30.8,24.8,0.9,99.0,87.0,7.4,34.38,Extreme Caution,3,11,2018,307,44,Wet,Neutral,0,6.880000000000003,0
2018-11-04 08:00:00,27.3,32.0,24.0,0.6,98.0,80.0,8.9,33.5,Extreme Caution,4,11,2018,308,44,Wet,Neutral,0,6.199999999999999,0
2018-11-05 08:00:00,27.4,31.4,24.8,1.8,97.0,80.0,19.6,33.63,Extreme Caution,5,11,2018,309,45,Wet,Neutral,0,6.230000000000004,0
2018-11-06 08:00:00,27.5,31.2,24.8,0.9,94.0,80.0,18.0,33.32,Extreme Caution,6,11,2018,310,45,Wet,Neutral,0,5.82,0
2018-11-07 08:00:00,27.0,30.6,24.2,0.5,94.0,80.0,18.0,31.8,Caution,7,11,2018,311,45,Wet,Neutral,0,4.800000000000001,0
2018-11-08 08:00:00,27.1,31.6,23.9,0.0,94.0,77.0,12.4,32.1,Caution,8,11,2018,312,45,Wet,Neutral,0,5.0,0
2018-11-09 08:00:00,27.0,30.8,24.2,0.5,96.0,79.0,14.3,32.17,Caution,9,11,2018,313,45,Wet,Neutral,0,5.170000000000002,0
2018-11-10 08:00:00,26.9,31.1,23.8,0.0,93.0,77.0,15.4,31.33,Caution,10,11,2018,314,45,Wet,Neutral,0,4.43,0
2018-11-11 08:00:00,26.8,31.2,23.2,0.2,96.0,76.0,14.6,31.56,Caution,11,11,2018,315,45,Wet,Neutral,0,4.759999999999998,0
2018-11-12 08:00:00,27.0,30.1,24.5,4.7,94.0,80.0,10.7,31.8,Caution,12,11,2018,316,46,Wet,Neutral,0,4.800000000000001,0
2018-11-13 08:00:00,26.5,29.9,22.2,1.2,99.0,84.0,15.8,30.01,Caution,13,11,2018,317,46,Wet,Neutral,0,3.5100000000000016,0
2018-11-14 08:00:00,27.3,31.7,24.2,0.0,98.0,77.0,17.1,33.5,Extreme Caution,14,11,2018,318,46,Wet,Neutral,0,6.199999999999999,0
2018-11-15 08:00:00,27.1,31.8,23.0,0.0,97.0,75.0,16.7,32.66,Caution,15,11,2018,319,46,Wet,Neutral,0,5.559999999999995,0
2018-11-16 08:00:00,27.4,31.8,23.5,0.0,93.0,72.0,12.6,32.81,Caution,16,11,2018,320,46,Wet,Neutral,0,5.410000000000004,0
2018-11-17 08:00:00,27.1,31.6,23.5,1.9,98.0,76.0,16.3,32.85,Caution,17,11,2018,321,46,Wet,Neutral,0,5.75,0
2018-11-18 08:00:00,26.9,31.0,23.2,0.4,95.0,79.0,12.2,31.69,Caution,18,11,2018,322,46,Wet,Neutral,0,4.790000000000003,0
2018-11-19 08:00:00,27.2,30.7,24.1,0.0,91.0,74.0,13.9,31.83,Caution,19,11,2018,323,47,Wet,Neutral,0,4.629999999999999,0
2018-11-20 08:00:00,27.3,30.4,25.5,0.6,84.0,73.0,16.1,30.88,Caution,20,11,2018,324,47,Wet,Neutral,0,3.5799999999999983,0
2018-11-21 08:00:00,25.7,27.9,23.9,5.5,97.0,86.0,11.6,27.41,Caution,21,11,2018,325,47,Wet,Neutral,0,1.7100000000000009,0
2018-11-22 08:00:00,27.2,30.8,24.2,1.1,94.0,80.0,17.1,32.4,Caution,22,11,2018,326,47,Wet,Neutral,0,5.199999999999999,0
2018-11-23 08:00:00,26.7,29.7,24.5,1.5,96.0,84.0,9.0,31.26,Caution,23,11,2018,327,47,Wet,Neutral,0,4.560000000000002,0
2018-11-24 08:00:00,26.8,29.6,24.5,1.8,92.0,81.0,9.9,30.88,Caution,24,11,2018,328,47,Wet,Neutral,0,4.079999999999998,0
2018-11-25 08:00:00,26.7,30.5,23.2,0.2,96.0,79.0,18.9,31.26,Caution,25,11,2018,329,47,Wet,Neutral,0,4.560000000000002,0
2018-11-26 08:00:00,26.7,30.0,24.1,0.2,92.0,79.0,11.0,30.6,Caution,26,11,2018,330,48,Wet,Neutral,0,3.900000000000002,0
2018-11-27 08:00:00,26.7,31.5,23.5,0.4,99.0,76.0,15.8,31.76,Caution,27,11,2018,331,48,Wet,Neutral,0,5.060000000000002,0
2018-11-28 08:00:00,26.9,30.3,23.9,1.9,98.0,81.0,11.3,32.22,Caution,28,11,2018,332,48,Wet,Neutral,0,5.32,0
2018-11-29 08:00:00,27.0,30.6,24.0,1.7,96.0,79.0,11.9,32.17,Caution,29,11,2018,333,48,Wet,Neutral,0,5.170000000000002,0
2018-11-30 08:00:00,26.4,30.4,23.5,0.0,95.0,77.0,17.3,29.41,Caution,30,11,2018,334,48,Wet,Neutral,0,3.0100000000000016,0
2018-12-01 08:00:00,26.8,31.2,24.0,2.0,92.0,76.0,16.7,30.88,Caution,1,12,2018,335,48,Cool Dry,Neutral,0,4.079999999999998,0
2018-12-02 08:00:00,26.7,31.4,22.2,0.1,97.0,77.0,19.5,31.43,Caution,2,12,2018,336,48,Cool Dry,Neutral,0,4.73,0
2018-12-03 08:00:00,27.8,32.6,24.6,1.8,95.0,72.0,11.0,34.5,Extreme Caution,3,12,2018,337,49,Cool Dry,Neutral,0,6.699999999999999,0
2018-12-04 08:00:00,26.8,31.1,24.3,6.8,99.0,84.0,14.7,32.08,Caution,4,12,2018,338,49,Cool Dry,Neutral,0,5.279999999999998,0
2018-12-05 08:00:00,27.4,31.2,23.6,1.0,98.0,80.0,14.0,33.83,Extreme Caution,5,12,2018,339,49,Cool Dry,Neutral,0,6.43,0
2018-12-06 08:00:00,27.6,32.2,23.9,0.2,99.0,77.0,20.3,34.73,Extreme Caution,6,12,2018,340,49,Cool Dry,Neutral,0,7.1299999999999955,0
2018-12-07 08:00:00,27.3,31.9,23.4,0.2,98.0,78.0,16.7,33.5,Extreme Caution,7,12,2018,341,49,Cool Dry,Neutral,0,6.199999999999999,0
2018-12-08 08:00:00,27.4,32.0,23.9,0.0,94.0,73.0,16.4,33.01,Extreme Caution,8,12,2018,342,49,Cool Dry,Neutral,0,5.609999999999999,0
2018-12-09 08:00:00,26.9,31.8,22.6,0.2,99.0,78.0,17.7,32.4,Caution,9,12,2018,343,49,Cool Dry,Neutral,0,5.5,0
2018-12-10 08:00:00,27.8,31.5,25.1,0.6,90.0,74.0,11.2,33.4,Extreme Caution,10,12,2018,344,50,Cool Dry,Neutral,0,5.599999999999998,0
2018-12-11 08:00:00,27.4,31.6,23.5,0.0,98.0,77.0,11.2,33.83,Extreme Caution,11,12,2018,345,50,Cool Dry,Neutral,0,6.43,0
2018-12-12 08:00:00,27.4,32.2,24.1,0.1,92.0,74.0,15.6,32.61,Caution,12,12,2018,346,50,Cool Dry,Neutral,0,5.210000000000001,0
2018-12-13 08:00:00,27.3,31.1,24.5,2.1,89.0,75.0,17.7,31.74,Caution,13,12,2018,347,50,Cool Dry,Neutral,0,4.439999999999998,0
2018-12-14 08:00:00,26.7,30.2,24.6,2.9,92.0,78.0,15.8,30.6,Caution,14,12,2018,348,50,Cool Dry,Neutral,0,3.900000000000002,0
2018-12-15 08:00:00,26.9,30.9,24.2,0.0,89.0,74.0,20.6,30.65,Caution,15,12,2018,349,50,Cool Dry,Neutral,0,3.75,0
2018-12-16 08:00:00,26.9,30.4,24.5,3.8,96.0,79.0,13.1,31.86,Caution,16,12,2018,350,50,Cool Dry,Neutral,0,4.960000000000001,0
2018-12-17 08:00:00,26.6,30.0,22.9,0.7,94.0,76.0,11.2,29.93,Caution,17,12,2018,351,51,Cool Dry,Neutral,0,3.3299999999999983,0
2018-12-18 08:00:00,26.3,30.9,22.8,0.0,96.0,75.0,18.0,29.16,Caution,18,12,2018,352,51,Cool Dry,Neutral,0,2.8599999999999994,0
2018-12-19 08:00:00,26.0,30.9,22.2,0.9,94.0,76.0,17.1,28.19,Caution,19,12,2018,353,51,Cool Dry,Neutral,0,2.1900000000000013,0
2018-12-20 08:00:00,26.0,29.2,23.4,6.3,94.0,79.0,13.7,28.19,Caution,20,12,2018,354,51,Cool Dry,Neutral,0,2.1900000000000013,0
2018-12-21 08:00:00,25.3,27.2,23.1,7.5,99.0,90.0,11.2,26.47,Normal,21,12,2018,355,51,Cool Dry,Neutral,0,1.1699999999999982,0
2018-12-22 08:00:00,27.0,31.1,24.4,0.9,98.0,81.0,14.1,32.53,Caution,22,12,2018,356,51,Cool Dry,Neutral,0,5.530000000000001,0
2018-12-23 08:00:00,24.5,25.4,23.6,105.7,99.0,96.0,14.3,25.59,Normal,23,12,2018,357,51,Cool Dry,Neutral,0,1.0899999999999999,0
2018-12-24 08:00:00,25.4,27.0,24.2,5.3,97.0,92.0,6.5,26.53,Normal,24,12,2018,358,52,Cool Dry,Neutral,0,1.1300000000000026,0
2018-12-25 08:00:00,26.5,29.5,23.9,0.3,97.0,86.0,13.4,29.86,Caution,25,12,2018,359,52,Cool Dry,Neutral,0,3.3599999999999994,0
2018-12-26 08:00:00,26.2,29.0,23.2,0.8,99.0,88.0,5.4,29.02,Caution,26,12,2018,360,52,Cool Dry,Neutral,0,2.8200000000000003,0
2018-12-27 08:00:00,26.0,28.2,24.2,1.2,97.0,87.0,13.4,28.3,Caution,27,12,2018,361,52,Cool Dry,Neutral,0,2.3000000000000007,0
2018-12-28 08:00:00,24.8,27.3,23.2,36.1,94.0,87.0,25.7,25.79,Normal,28,12,2018,362,52,Cool Dry,Neutral,0,0.9899999999999984,0
2018-12-29 08:00:00,22.7,23.6,21.5,59.4,95.0,88.0,26.7,23.51,Normal,29,12,2018,363,52,Cool Dry,Neutral,0,0.8100000000000023,0
2018-12-30 08:00:00,23.4,25.0,22.0,29.2,97.0,92.0,15.9,24.33,Normal,30,12,2018,364,52,Cool Dry,Neutral,0,0.9299999999999997,0
2018-12-31 08:00:00,24.5,27.0,22.8,36.0,99.0,92.0,21.4,25.59,Normal,31,12,2018,365,1,Cool Dry,Neutral,0,1.0899999999999999,0
2019-01-01 08:00:00,25.7,28.8,22.5,1.9,96.0,84.0,20.8,27.39,Caution,1,1,2019,1,1,Cool Dry,El Nino,1,1.6900000000000013,0
2019-01-02 08:00:00,25.8,29.5,22.0,0.2,99.0,82.0,17.7,27.75,Caution,2,1,2019,2,1,Cool Dry,El Nino,1,1.9499999999999993,0
2019-01-03 08:00:00,26.1,29.5,23.1,6.0,94.0,82.0,14.8,28.47,Caution,3,1,2019,3,1,Cool Dry,El Nino,1,2.3699999999999974,0
2019-01-04 08:00:00,25.2,29.6,22.0,0.2,97.0,82.0,20.1,26.31,Normal,4,1,2019,4,1,Cool Dry,El Nino,1,1.1099999999999994,0
2019-01-05 08:00:00,25.2,29.5,21.4,0.1,98.0,81.0,20.7,26.33,Normal,5,1,2019,5,1,Cool Dry,El Nino,1,1.129999999999999,0
2019-01-06 08:00:00,24.5,28.2,21.0,1.8,98.0,83.0,15.2,25.56,Normal,6,1,2019,6,1,Cool Dry,El Nino,1,1.0599999999999987,0
2019-01-07 08:00:00,24.5,28.8,20.7,0.0,99.0,81.0,19.1,25.59,Normal,7,1,2019,7,2,Cool Dry,El Nino,1,1.0899999999999999,0
2019-01-08 08:00:00,25.2,29.3,21.9,0.0,98.0,80.0,20.5,26.33,Normal,8,1,2019,8,2,Cool Dry,El Nino,1,1.129999999999999,0
2019-01-09 08:00:00,25.2,29.1,21.9,1.1,97.0,82.0,15.9,26.31,Normal,9,1,2019,9,2,Cool Dry,El Nino,1,1.1099999999999994,0
2019-01-10 08:00:00,25.2,29.5,22.4,0.5,99.0,83.0,19.4,26.36,Normal,10,1,2019,10,2,Cool Dry,El Nino,1,1.1600000000000001,0
2019-01-11 08:00:00,25.4,29.4,22.2,1.0,98.0,82.0,18.9,26.55,Normal,11,1,2019,11,2,Cool Dry,El Nino,1,1.1500000000000021,0
2019-01-12 08:00:00,25.9,30.0,23.2,0.3,94.0,78.0,12.3,27.91,Caution,12,1,2019,12,2,Cool Dry,El Nino,1,2.0100000000000016,0
2019-01-13 08:00:00,25.3,29.6,21.1,0.3,98.0,79.0,13.2,26.44,Normal,13,1,2019,13,2,Cool Dry,El Nino,1,1.1400000000000006,0
2019-01-14 08:00:00,24.8,30.0,21.0,0.0,100.0,80.0,21.7,25.95,Normal,14,1,2019,14,3,Cool Dry,El Nino,1,1.1499999999999986,0
2019-01-15 08:00:00,24.9,29.0,20.9,0.0,100.0,79.0,18.7,26.06,Normal,15,1,2019,15,3,Cool Dry,El Nino,1,1.1600000000000001,0
2019-01-16 08:00:00,24.2,28.8,20.5,0.0,99.0,80.0,18.1,25.26,Normal,16,1,2019,16,3,Cool Dry,El Nino,1,1.0600000000000023,0
2019-01-17 08:00:00,25.0,29.8,21.4,0.0,99.0,76.0,13.2,26.14,Normal,17,1,2019,17,3,Cool Dry,El Nino,1,1.1400000000000006,0
2019-01-18 08:00:00,24.4,28.8,20.5,0.1,99.0,77.0,22.7,25.48,Normal,18,1,2019,18,3,Cool Dry,El Nino,1,1.0800000000000018,0
2019-01-19 08:00:00,25.1,29.2,21.4,0.0,100.0,80.0,21.3,26.28,Normal,19,1,2019,19,3,Cool Dry,El Nino,1,1.1799999999999997,0
2019-01-20 08:00:00,25.6,30.0,22.2,0.0,97.0,79.0,14.4,27.12,Caution,20,1,2019,20,3,Cool Dry,El Nino,1,1.5199999999999996,0
2019-01-21 08:00:00,25.8,29.0,23.5,0.0,90.0,75.0,18.9,27.54,Caution,21,1,2019,21,4,Cool Dry,El Nino,1,1.7399999999999984,0
2019-01-22 08:00:00,26.2,29.6,24.0,0.0,85.0,72.0,17.3,28.3,Caution,22,1,2019,22,4,Cool Dry,El Nino,1,2.1000000000000014,0
2019-01-23 08:00:00,25.7,28.8,23.4,0.4,87.0,75.0,17.7,26.6,Normal,23,1,2019,23,4,Cool Dry,El Nino,1,0.9000000000000021,0
2019-01-24 08:00:00,25.9,29.6,22.5,1.1,95.0,76.0,15.5,27.94,Caution,24,1,2019,24,4,Cool Dry,El Nino,1,2.0400000000000027,0
2019-01-25 08:00:00,25.5,29.4,21.9,0.0,94.0,75.0,12.2,26.56,Normal,25,1,2019,25,4,Cool Dry,El Nino,1,1.0599999999999987,0
2019-01-26 08:00:00,24.5,27.8,21.2,0.7,90.0,73.0,17.3,25.36,Normal,26,1,2019,26,4,Cool Dry,El Nino,1,0.8599999999999994,0
2019-01-27 08:00:00,23.9,27.4,19.8,0.3,96.0,73.0,19.6,24.85,Normal,27,1,2019,27,4,Cool Dry,El Nino,1,0.9500000000000028,0
2019-01-28 08:00:00,23.6,27.4,20.0,0.2,97.0,75.0,17.6,24.55,Normal,28,1,2019,28,5,Cool Dry,El Nino,1,0.9499999999999993,0
2019-01-29 08:00:00,23.4,27.8,20.0,0.1,96.0,77.0,23.4,24.3,Normal,29,1,2019,29,5,Cool Dry,El Nino,1,0.9000000000000021,0
2019-01-30 08:00:00,24.2,28.9,21.0,0.0,98.0,76.0,18.4,25.23,Normal,30,1,2019,30,5,Cool Dry,El Nino,1,1.0300000000000011,0
2019-01-31 08:00:00,24.9,29.0,22.1,0.0,94.0,80.0,19.9,25.9,Normal,31,1,2019,31,5,Cool Dry,El Nino,1,1.0,0
2019-02-01 08:00:00,24.3,28.5,20.9,0.5,97.0,74.0,17.8,25.32,Normal,1,2,2019,32,5,Cool Dry,El Nino,1,1.0199999999999996,0
2019-02-02 08:00:00,24.6,28.8,21.0,0.3,99.0,78.0,25.1,25.7,Normal,2,2,2019,33,5,Cool Dry,El Nino,1,1.0999999999999979,0
2019-02-03 08:00:00,25.7,30.0,23.0,0.0,90.0,77.0,13.0,27.29,Caution,3,2,2019,34,5,Cool Dry,El Nino,1,1.5899999999999999,0
2019-02-04 08:00:00,25.2,30.2,20.4,0.3,99.0,75.0,19.7,26.36,Normal,4,2,2019,35,6,Cool Dry,El Nino,1,1.1600000000000001,0
2019-02-05 08:00:00,25.4,29.5,21.3,0.0,90.0,71.0,15.8,26.35,Normal,5,2,2019,36,6,Cool Dry,El Nino,1,0.9500000000000028,0
2019-02-06 08:00:00,24.9,28.9,20.9,0.0,93.0,74.0,17.7,25.87,Normal,6,2,2019,37,6,Cool Dry,El Nino,1,0.9700000000000024,0
2019-02-07 08:00:00,24.7,29.4,20.2,0.0,98.0,71.0,16.9,25.78,Normal,7,2,2019,38,6,Cool Dry,El Nino,1,1.0800000000000018,0
2019-02-08 08:00:00,25.2,29.4,20.5,0.0,100.0,78.0,23.4,26.39,Normal,8,2,2019,39,6,Cool Dry,El Nino,1,1.1900000000000013,0
2019-02-09 08:00:00,25.9,30.5,22.6,0.0,96.0,75.0,24.3,27.97,Caution,9,2,2019,40,6,Cool Dry,El Nino,1,2.0700000000000003,0
2019-02-10 08:00:00,26.1,30.4,22.4,0.9,98.0,77.0,17.6,28.65,Caution,10,2,2019,41,6,Cool Dry,El Nino,1,2.549999999999997,0
2019-02-11 08:00:00,25.6,30.6,21.2,0.0,97.0,74.0,20.9,27.12,Caution,11,2,2019,42,7,Cool Dry,El Nino,1,1.5199999999999996,0
2019-02-12 08:00:00,26.1,29.8,22.6,0.0,94.0,72.0,23.0,28.47,Caution,12,2,2019,43,7,Cool Dry,El Nino,1,2.3699999999999974,0
2019-02-13 08:00:00,25.3,29.4,21.1,0.5,98.0,78.0,21.1,26.44,Normal,13,2,2019,44,7,Cool Dry,El Nino,1,1.1400000000000006,0
2019-02-14 08:00:00,25.2,30.5,20.0,0.1,96.0,68.0,21.3,26.28,Normal,14,2,2019,45,7,Cool Dry,El Nino,1,1.0800000000000018,0
2019-02-15 08:00:00,25.9,30.2,21.9,0.0,94.0,66.0,19.8,27.91,Caution,15,2,2019,46,7,Cool Dry,El Nino,1,2.0100000000000016,0
2019-02-16 08:00:00,25.6,30.9,21.0,0.0,95.0,72.0,20.1,27.1,Caution,16,2,2019,47,7,Cool Dry,El Nino,1,1.5,0
2019-02-17 08:00:00,26.2,29.9,24.0,0.2,80.0,69.0,20.7,28.06,Caution,17,2,2019,48,7,Cool Dry,El Nino,1,1.8599999999999994,0
2019-02-18 08:00:00,26.0,30.0,22.4,0.0,92.0,67.0,26.1,28.11,Caution,18,2,2019,49,8,Cool Dry,El Nino,1,2.1099999999999994,0
2019-02-19 08:00:00,26.2,30.6,21.8,0.0,93.0,67.0,24.9,28.71,Caution,19,2,2019,50,8,Cool Dry,El Nino,1,2.5100000000000016,0
2019-02-20 08:00:00,25.7,30.2,21.9,0.1,81.0,64.0,24.7,26.44,Normal,20,2,2019,51,8,Cool Dry,El Nino,1,0.740000000000002,0
2019-02-21 08:00:00,26.0,30.2,21.4,0.0,95.0,66.0,22.9,28.23,Caution,21,2,2019,52,8,Cool Dry,El Nino,1,2.2300000000000004,0
2019-02-22 08:00:00,25.6,29.0,21.4,0.0,97.0,73.0,16.1,27.12,Caution,22,2,2019,53,8,Cool Dry,El Nino,1,1.5199999999999996,0
2019-02-23 08:00:00,25.6,29.8,20.6,0.0,97.0,71.0,13.0,27.12,Caution,23,2,2019,54,8,Cool Dry,El Nino,1,1.5199999999999996,0
2019-02-24 08:00:00,25.9,30.0,22.5,0.0,93.0,71.0,19.2,27.88,Caution,24,2,2019,55,8,Cool Dry,El Nino,1,1.9800000000000004,0
2019-02-25 08:00:00,26.2,29.4,23.4,0.0,83.0,70.0,15.9,28.2,Caution,25,2,2019,56,9,Cool Dry,El Nino,1,2.0,0
2019-02-26 08:00:00,25.9,29.4,23.0,0.9,78.0,67.0,17.3,26.58,Normal,26,2,2019,57,9,Cool Dry,El Nino,1,0.6799999999999997,0
2019-02-27 08:00:00,25.8,30.4,21.5,0.1,96.0,70.0,20.0,27.68,Caution,27,2,2019,58,9,Cool Dry,El Nino,1,1.879999999999999,0
2019-02-28 08:00:00,26.2,30.2,22.5,0.6,95.0,73.0,21.2,28.81,Caution,28,2,2019,59,9,Cool Dry,El Nino,1,2.6099999999999994,0
2019-03-01 08:00:00,26.2,29.9,22.2,0.0,93.0,71.0,16.6,28.71,Caution,1,3,2019,60,9,Dry,El Nino,1,2.5100000000000016,0
2019-03-02 08:00:00,25.9,31.0,20.5,0.2,88.0,62.0,18.9,27.72,Caution,2,3,2019,61,9,Dry,El Nino,1,1.8200000000000003,0
2019-03-03 08:00:00,26.8,30.7,23.2,0.2,94.0,72.0,14.8,31.22,Caution,3,3,2019,62,9,Dry,El Nino,1,4.419999999999998,0
2019-03-04 08:00:00,27.6,31.9,24.6,0.0,86.0,69.0,20.7,31.99,Caution,4,3,2019,63,10,Dry,El Nino,1,4.389999999999997,0
2019-03-05 08:00:00,27.1,31.8,22.7,0.0,88.0,68.0,23.6,31.01,Caution,5,3,2019,64,10,Dry,El Nino,1,3.91,0
2019-03-06 08:00:00,27.3,31.9,23.4,0.0,91.0,71.0,22.7,32.12,Caution,6,3,2019,65,10,Dry,El Nino,1,4.819999999999997,0
2019-03-07 08:00:00,27.6,31.6,24.0,1.2,88.0,70.0,17.1,32.39,Caution,7,3,2019,66,10,Dry,El Nino,1,4.789999999999999,0
2019-03-08 08:00:00,27.6,32.3,23.8,0.1,86.0,66.0,24.3,31.99,Caution,8,3,2019,67,10,Dry,El Nino,1,4.389999999999997,0
2019-03-09 08:00:00,27.2,32.1,21.9,0.0,95.0,68.0,18.6,32.59,Caution,9,3,2019,68,10,Dry,El Nino,1,5.390000000000004,0
2019-03-10 08:00:00,27.3,32.3,24.5,0.0,91.0,70.0,18.5,32.12,Caution,10,3,2019,69,10,Dry,El Nino,1,4.819999999999997,0
2019-03-11 08:00:00,27.4,31.9,24.1,0.1,93.0,73.0,20.9,32.81,Caution,11,3,2019,70,11,Dry,El Nino,1,5.410000000000004,0
2019-03-12 08:00:00,27.6,31.5,24.5,2.4,94.0,74.0,13.9,33.64,Extreme Caution,12,3,2019,71,11,Dry,El Nino,1,6.039999999999999,0
2019-03-13 08:00:00,27.7,31.5,24.2,0.6,80.0,66.0,13.9,31.36,Caution,13,3,2019,72,11,Dry,El Nino,1,3.66,0
2019-03-14 08:00:00,27.8,30.6,24.5,0.9,91.0,67.0,15.8,33.61,Extreme Caution,14,3,2019,73,11,Dry,El Nino,1,5.809999999999999,0
2019-03-15 08:00:00,26.6,30.0,24.6,3.3,93.0,80.0,11.5,29.85,Caution,15,3,2019,74,11,Dry,El Nino,1,3.25,0
2019-03-16 08:00:00,26.9,31.5,23.6,0.1,94.0,69.0,19.6,31.51,Caution,16,3,2019,75,11,Dry,El Nino,1,4.610000000000003,0
2019-03-17 08:00:00,27.6,32.0,24.4,0.4,86.0,68.0,17.0,31.99,Caution,17,3,2019,76,11,Dry,El Nino,1,4.389999999999997,0
2019-03-18 08:00:00,27.8,33.0,22.6,0.0,98.0,68.0,21.3,35.19,Extreme Caution,18,3,2019,77,12,Dry,El Nino,1,7.389999999999997,0
2019-03-19 08:00:00,27.9,33.2,22.5,0.0,98.0,67.0,20.3,35.54,Extreme Caution,19,3,2019,78,12,Dry,El Nino,1,7.640000000000001,0
2019-03-20 08:00:00,27.8,33.2,22.5,0.0,94.0,64.0,24.5,34.28,Extreme Caution,20,3,2019,79,12,Dry,El Nino,1,6.48,0
2019-03-21 08:00:00,27.9,33.0,23.1,0.0,91.0,65.0,22.2,33.92,Extreme Caution,21,3,2019,80,12,Dry,El Nino,1,6.020000000000003,0
2019-03-22 08:00:00,28.3,32.7,23.5,0.0,91.0,64.0,17.7,35.18,Extreme Caution,22,3,2019,81,12,Dry,El Nino,1,6.879999999999999,0
2019-03-23 08:00:00,27.9,32.8,24.4,0.0,82.0,65.0,19.3,32.15,Caution,23,3,2019,82,12,Dry,El Nino,1,4.25,0
2019-03-24 08:00:00,27.4,32.3,23.2,0.6,90.0,62.0,22.4,32.22,Caution,24,3,2019,83,12,Dry,El Nino,1,4.82,0
2019-03-25 08:00:00,27.3,32.2,21.9,0.0,96.0,66.0,23.9,33.1,Extreme Caution,25,3,2019,84,13,Dry,El Nino,1,5.800000000000001,0
2019-03-26 08:00:00,28.2,32.2,25.0,0.0,82.0,60.0,16.0,32.94,Caution,26,3,2019,85,13,Dry,El Nino,1,4.739999999999998,0
2019-03-27 08:00:00,28.3,31.6,25.2,0.0,84.0,65.0,23.0,33.57,Extreme Caution,27,3,2019,86,13,Dry,El Nino,1,5.27,0
2019-03-28 08:00:00,28.6,32.3,25.5,0.4,85.0,68.0,19.0,34.64,Extreme Caution,28,3,2019,87,13,Dry,El Nino,1,6.039999999999999,0
2019-03-29 08:00:00,28.6,33.9,24.3,0.1,86.0,67.0,21.0,34.89,Extreme Caution,29,3,2019,88,13,Dry,El Nino,1,6.289999999999999,0
2019-03-30 08:00:00,28.2,33.1,24.3,0.1,80.0,65.0,20.8,32.6,Caution,30,3,2019,89,13,Dry,El Nino,1,4.400000000000002,0
2019-03-31 08:00:00,28.5,33.4,24.6,0.0,84.0,63.0,26.4,34.15,Extreme Caution,31,3,2019,90,13,Dry,El Nino,1,5.649999999999999,0
2019-04-01 08:00:00,28.0,33.0,23.5,0.2,84.0,65.0,20.5,32.73,Caution,1,4,2019,91,14,Dry,El Nino,1,4.729999999999997,0
2019-04-02 08:00:00,28.3,33.0,24.9,0.6,83.0,62.0,18.8,33.39,Extreme Caution,2,4,2019,92,14,Dry,El Nino,1,5.09,0
2019-04-03 08:00:00,28.7,33.0,24.9,0.0,84.0,61.0,16.6,34.73,Extreme Caution,3,4,2019,93,14,Dry,El Nino,1,6.029999999999998,0
2019-04-04 08:00:00,28.7,33.2,25.5,0.0,81.0,65.0,28.2,34.12,Extreme Caution,4,4,2019,94,14,Dry,El Nino,1,5.419999999999998,0
2019-04-05 08:00:00,29.5,34.0,25.8,0.2,86.0,64.0,16.2,37.76,Extreme Caution,5,4,2019,95,14,Dry,El Nino,1,8.259999999999998,0
2019-04-06 08:00:00,29.2,33.2,25.6,0.0,82.0,66.0,19.9,35.77,Extreme Caution,6,4,2019,96,14,Dry,El Nino,1,6.570000000000004,0
2019-04-07 08:00:00,29.8,34.2,26.4,0.0,80.0,64.0,13.7,37.06,Extreme Caution,7,4,2019,97,14,Dry,El Nino,1,7.260000000000002,0
2019-04-08 08:00:00,29.7,34.8,25.9,0.0,84.0,61.0,24.2,37.85,Extreme Caution,8,4,2019,98,15,Dry,El Nino,1,8.150000000000002,0
2019-04-09 08:00:00,30.0,34.3,26.8,0.5,84.0,68.0,25.0,38.84,Extreme Caution,9,4,2019,99,15,Dry,El Nino,1,8.840000000000003,0
2019-04-10 08:00:00,30.1,35.2,26.5,0.0,79.0,63.0,25.0,37.69,Extreme Caution,10,4,2019,100,15,Dry,El Nino,1,7.589999999999996,0
2019-04-11 08:00:00,29.3,32.4,26.1,0.6,92.0,71.0,20.7,38.86,Extreme Caution,11,4,2019,101,15,Dry,El Nino,1,9.559999999999999,0
2019-04-12 08:00:00,29.2,33.5,26.9,0.9,91.0,75.0,12.0,38.21,Extreme Caution,12,4,2019,102,15,Dry,El Nino,1,9.010000000000002,0
2019-04-13 08:00:00,29.8,33.2,26.6,0.7,84.0,69.0,15.9,38.17,Extreme Caution,13,4,2019,103,15,Dry,El Nino,1,8.370000000000001,0
2019-04-14 08:00:00,30.3,35.2,26.6,0.3,80.0,62.0,20.4,38.6,Extreme Caution,14,4,2019,104,15,Dry,El Nino,1,8.3,0
2019-04-15 08:00:00,29.9,34.1,26.1,0.0,86.0,64.0,15.1,39.11,Extreme Caution,15,4,2019,105,16,Dry,El Nino,1,9.21,0
2019-04-16 08:00:00,30.3,33.7,27.4,1.2,84.0,63.0,12.5,39.86,Extreme Caution,16,4,2019,106,16,Dry,El Nino,1,9.559999999999999,0
2019-04-17 08:00:00,30.1,33.7,27.3,0.4,83.0,66.0,17.4,38.87,Extreme Caution,17,4,2019,107,16,Dry,El Nino,1,8.769999999999996,0
2019-04-18 08:00:00,30.2,34.1,27.0,1.1,83.0,68.0,11.4,39.2,Extreme Caution,18,4,2019,108,16,Dry,El Nino,1,9.000000000000004,0
2019-04-19 08:00:00,30.4,34.7,26.8,0.1,88.0,66.0,13.3,41.57,Extreme Caution,19,4,2019,109,16,Dry,El Nino,1,11.170000000000002,0
2019-04-20 08:00:00,30.1,35.7,25.2,0.0,84.0,59.0,23.3,39.17,Extreme Caution,20,4,2019,110,16,Dry,El Nino,1,9.07,0
2019-04-21 08:00:00,30.8,35.2,27.6,0.1,81.0,63.0,14.0,40.55,Extreme Caution,21,4,2019,111,16,Dry,El Nino,1,9.749999999999996,0
2019-04-22 08:00:00,30.4,35.8,26.4,0.0,82.0,61.0,26.1,39.55,Extreme Caution,22,4,2019,112,17,Dry,El Nino,1,9.149999999999999,0
2019-04-23 08:00:00,30.3,35.3,26.3,0.0,85.0,59.0,24.5,40.18,Extreme Caution,23,4,2019,113,17,Dry,El Nino,1,9.879999999999999,0
2019-04-24 08:00:00,30.2,35.0,26.2,0.0,81.0,62.0,24.0,38.59,Extreme Caution,24,4,2019,114,17,Dry,El Nino,1,8.390000000000004,0
2019-04-25 08:00:00,30.4,36.1,26.1,0.0,85.0,59.0,22.1,40.53,Extreme Caution,25,4,2019,115,17,Dry,El Nino,1,10.130000000000003,0
2019-04-26 08:00:00,30.1,35.8,26.0,0.0,80.0,60.0,22.9,37.98,Extreme Caution,26,4,2019,116,17,Dry,El Nino,1,7.8799999999999955,0
2019-04-27 08:00:00,29.3,35.2,23.8,0.0,90.0,61.0,25.1,38.26,Extreme Caution,27,4,2019,117,17,Dry,El Nino,1,8.959999999999997,0
2019-04-28 08:00:00,29.7,35.2,26.8,0.6,80.0,65.0,18.5,36.76,Extreme Caution,28,4,2019,118,17,Dry,El Nino,1,7.059999999999999,0
2019-04-29 08:00:00,30.0,34.9,26.3,0.1,83.0,62.0,18.7,38.54,Extreme Caution,29,4,2019,119,18,Dry,El Nino,1,8.54,0
2019-04-30 08:00:00,30.4,35.1,26.5,0.0,83.0,61.0,17.3,39.87,Extreme Caution,30,4,2019,120,18,Dry,El Nino,1,9.469999999999999,0
2019-05-01 08:00:00,30.2,34.2,27.0,0.8,86.0,67.0,20.3,40.16,Extreme Caution,1,5,2019,121,18,Dry,El Nino,1,9.959999999999997,0
2019-05-02 08:00:00,28.9,33.8,25.8,3.6,94.0,74.0,18.2,38.02,Extreme Caution,2,5,2019,122,18,Dry,El Nino,1,9.120000000000005,0
2019-05-03 08:00:00,29.6,33.2,26.7,0.8,82.0,71.0,20.1,36.98,Extreme Caution,3,5,2019,123,18,Dry,El Nino,1,7.3799999999999955,0
2019-05-04 08:00:00,29.4,32.3,27.1,1.8,84.0,71.0,15.5,36.88,Extreme Caution,4,5,2019,124,18,Dry,El Nino,1,7.480000000000004,0
2019-05-05 08:00:00,28.8,31.9,26.6,6.8,93.0,78.0,23.1,37.38,Extreme Caution,5,5,2019,125,18,Dry,El Nino,1,8.580000000000002,0
2019-05-06 08:00:00,27.6,30.0,25.9,18.2,93.0,85.0,20.9,33.43,Extreme Caution,6,5,2019,126,19,Dry,El Nino,1,5.829999999999998,0
2019-05-07 08:00:00,27.2,29.5,25.9,24.4,96.0,89.0,19.7,32.79,Caution,7,5,2019,127,19,Dry,El Nino,1,5.59,0
2019-05-08 08:00:00,27.2,30.0,25.5,20.0,96.0,88.0,12.2,32.79,Caution,8,5,2019,128,19,Dry,El Nino,1,5.59,0
2019-05-09 08:00:00,27.7,30.8,25.6,15.6,96.0,85.0,20.2,34.4,Extreme Caution,9,5,2019,129,19,Dry,El Nino,1,6.699999999999999,0
2019-05-10 08:00:00,28.2,30.5,26.5,2.9,92.0,82.0,18.9,35.1,Extreme Caution,10,5,2019,130,19,Dry,El Nino,1,6.900000000000002,0
2019-05-11 08:00:00,27.9,30.1,26.0,9.1,95.0,85.0,16.5,34.83,Extreme Caution,11,5,2019,131,19,Dry,El Nino,1,6.93,0
2019-05-12 08:00:00,28.6,31.0,26.4,3.1,97.0,84.0,13.4,37.78,Extreme Caution,12,5,2019,132,19,Dry,El Nino,1,9.18,0
2019-05-13 08:00:00,28.8,32.5,26.0,6.5,93.0,82.0,12.2,37.38,Extreme Caution,13,5,2019,133,20,Dry,El Nino,1,8.580000000000002,0
2019-05-14 08:00:00,29.7,33.0,26.8,1.3,93.0,79.0,10.6,40.66,Extreme Caution,14,5,2019,134,20,Dry,El Nino,1,10.959999999999997,0
2019-05-15 08:00:00,29.7,32.2,27.2,0.4,92.0,77.0,11.2,40.33,Extreme Caution,15,5,2019,135,20,Dry,El Nino,1,10.629999999999999,0
2019-05-16 08:00:00,30.0,33.5,26.5,0.8,93.0,74.0,17.8,41.81,Extreme Caution,16,5,2019,136,20,Dry,El Nino,1,11.810000000000002,0
2019-05-17 08:00:00,29.7,32.3,27.5,3.4,89.0,78.0,16.5,39.36,Extreme Caution,17,5,2019,137,20,Dry,El Nino,1,9.66,0
2019-05-18 08:00:00,29.6,32.1,27.3,1.0,91.0,77.0,21.0,39.64,Extreme Caution,18,5,2019,138,20,Dry,El Nino,1,10.04,0
2019-05-19 08:00:00,29.6,32.0,27.0,0.1,96.0,80.0,20.1,41.27,Extreme Caution,19,5,2019,139,20,Dry,El Nino,1,11.670000000000002,0
2019-05-20 08:00:00,29.1,32.0,26.6,2.5,93.0,81.0,15.5,38.44,Extreme Caution,20,5,2019,140,21,Dry,El Nino,1,9.339999999999996,0
2019-05-21 08:00:00,28.9,31.5,26.8,4.6,91.0,81.0,16.1,37.17,Extreme Caution,21,5,2019,141,21,Dry,El Nino,1,8.270000000000003,0
2019-05-22 08:00:00,28.5,31.0,26.1,6.5,97.0,84.0,17.1,37.42,Extreme Caution,22,5,2019,142,21,Dry,El Nino,1,8.920000000000002,0
2019-05-23 08:00:00,28.6,31.4,26.2,9.1,94.0,82.0,16.3,36.96,Extreme Caution,23,5,2019,143,21,Dry,El Nino,1,8.36,0
2019-05-24 08:00:00,28.2,31.7,25.7,5.3,93.0,81.0,8.4,35.35,Extreme Caution,24,5,2019,144,21,Dry,El Nino,1,7.150000000000002,0
2019-05-25 08:00:00,28.1,30.4,25.9,7.2,94.0,82.0,17.3,35.26,Extreme Caution,25,5,2019,145,21,Dry,El Nino,1,7.159999999999997,0
2019-05-26 08:00:00,26.8,29.4,25.4,9.4,95.0,88.0,9.6,31.39,Caution,26,5,2019,146,21,Dry,El Nino,1,4.59,0
2019-05-27 08:00:00,27.6,31.8,25.5,7.3,96.0,85.0,13.6,34.07,Extreme Caution,27,5,2019,147,22,Dry,El Nino,1,6.469999999999999,0
2019-05-28 08:00:00,28.3,32.2,25.5,6.0,96.0,82.0,10.2,36.44,Extreme Caution,28,5,2019,148,22,Dry,El Nino,1,8.139999999999997,0
2019-05-29 08:00:00,29.2,32.3,27.0,2.0,91.0,79.0,6.7,38.21,Extreme Caution,29,5,2019,149,22,Dry,El Nino,1,9.010000000000002,0
2019-05-30 08:00:00,29.7,33.1,26.8,0.2,91.0,76.0,8.9,40.0,Extreme Caution,30,5,2019,150,22,Dry,El Nino,1,10.3,0
2019-05-31 08:00:00,30.1,33.6,27.2,1.0,95.0,75.0,14.0,42.92,Danger,31,5,2019,151,22,Dry,El Nino,1,12.82,1
2019-06-01 08:00:00,30.4,34.2,27.4,0.2,89.0,73.0,14.7,41.92,Extreme Caution,1,6,2019,152,22,Wet,El Nino,1,11.520000000000003,0
2019-06-02 08:00:00,30.8,34.5,26.9,0.6,94.0,69.0,20.3,45.46,Danger,2,6,2019,153,22,Wet,El Nino,1,14.66,1
2019-06-03 08:00:00,29.8,33.5,27.2,1.4,88.0,75.0,17.7,39.4,Extreme Caution,3,6,2019,154,23,Wet,El Nino,1,9.599999999999998,0
2019-06-04 08:00:00,29.7,33.6,26.0,9.5,94.0,74.0,10.8,40.99,Extreme Caution,4,6,2019,155,23,Wet,El Nino,1,11.290000000000003,0
2019-06-05 08:00:00,30.3,33.3,27.0,0.3,84.0,69.0,18.1,39.86,Extreme Caution,5,6,2019,156,23,Wet,El Nino,1,9.559999999999999,0
2019-06-06 08:00:00,30.6,35.0,27.2,0.0,84.0,66.0,19.3,40.9,Extreme Caution,6,6,2019,157,23,Wet,El Nino,1,10.299999999999997,0
2019-06-07 08:00:00,30.7,34.3,27.4,0.1,86.0,67.0,18.3,41.97,Extreme Caution,7,6,2019,158,23,Wet,El Nino,1,11.27,0
2019-06-08 08:00:00,30.5,34.4,26.5,2.0,93.0,69.0,12.2,43.79,Danger,8,6,2019,159,23,Wet,El Nino,1,13.29,1
2019-06-09 08:00:00,29.5,34.5,26.5,6.6,91.0,76.0,18.2,39.27,Extreme Caution,9,6,2019,160,23,Wet,El Nino,1,9.770000000000003,0
2019-06-10 08:00:00,28.8,32.5,26.3,9.6,93.0,80.0,21.0,37.38,Extreme Caution,10,6,2019,161,24,Wet,El Nino,1,8.580000000000002,0
2019-06-11 08:00:00,28.7,31.8,26.7,21.0,93.0,83.0,21.1,37.03,Extreme Caution,11,6,2019,162,24,Wet,El Nino,1,8.330000000000002,0
2019-06-12 08:00:00,29.0,30.8,26.7,2.3,91.0,82.0,17.9,37.51,Extreme Caution,12,6,2019,163,24,Wet,El Nino,1,8.509999999999998,0
2019-06-13 08:00:00,28.4,30.2,27.0,10.1,94.0,86.0,21.7,36.27,Extreme Caution,13,6,2019,164,24,Wet,El Nino,1,7.8700000000000045,0
2019-06-14 08:00:00,28.4,31.2,26.8,10.7,93.0,85.0,26.1,36.01,Extreme Caution,14,6,2019,165,24,Wet,El Nino,1,7.609999999999999,0
2019-06-15 08:00:00,28.7,30.9,26.5,4.7,92.0,84.0,23.7,36.76,Extreme Caution,15,6,2019,166,24,Wet,El Nino,1,8.059999999999999,0
2019-06-16 08:00:00,28.2,31.5,25.5,10.8,96.0,85.0,22.1,36.09,Extreme Caution,16,6,2019,167,24,Wet,El Nino,1,7.890000000000004,0
2019-06-17 08:00:00,28.9,33.1,26.5,4.1,95.0,82.0,17.8,38.31,Extreme Caution,17,6,2019,168,25,Wet,El Nino,1,9.410000000000004,0
2019-06-18 08:00:00,29.4,32.8,26.6,0.0,91.0,76.0,18.8,38.92,Extreme Caution,18,6,2019,169,25,Wet,El Nino,1,9.520000000000003,0
2019-06-19 08:00:00,29.4,32.5,26.2,4.3,95.0,78.0,12.3,40.17,Extreme Caution,19,6,2019,170,25,Wet,El Nino,1,10.770000000000003,0
2019-06-20 08:00:00,29.4,32.7,26.9,5.1,93.0,80.0,10.8,39.54,Extreme Caution,20,6,2019,171,25,Wet,El Nino,1,10.14,0
2019-06-21 08:00:00,28.9,32.2,26.1,4.5,96.0,82.0,15.9,38.6,Extreme Caution,21,6,2019,172,25,Wet,El Nino,1,9.700000000000003,0
2019-06-22 08:00:00,28.8,32.2,26.2,4.9,95.0,81.0,17.6,37.95,Extreme Caution,22,6,2019,173,25,Wet,El Nino,1,9.150000000000002,0
2019-06-23 08:00:00,28.3,31.4,26.2,14.7,95.0,85.0,22.7,36.18,Extreme Caution,23,6,2019,174,25,Wet,El Nino,1,7.879999999999999,0
2019-06-24 08:00:00,27.7,30.0,25.3,11.6,95.0,85.0,17.5,34.18,Extreme Caution,24,6,2019,175,26,Wet,El Nino,1,6.48,0
2019-06-25 08:00:00,27.7,29.5,26.3,6.0,93.0,86.0,15.9,33.74,Extreme Caution,25,6,2019,176,26,Wet,El Nino,1,6.040000000000003,0
2019-06-26 08:00:00,27.3,29.8,26.0,14.9,93.0,88.0,18.6,32.51,Caution,26,6,2019,177,26,Wet,El Nino,1,5.209999999999997,0
2019-06-27 08:00:00,26.8,28.8,25.8,46.8,93.0,89.0,22.3,31.05,Caution,27,6,2019,178,26,Wet,El Nino,1,4.25,0
2019-06-28 08:00:00,27.1,28.8,26.0,14.0,93.0,88.0,27.7,31.92,Caution,28,6,2019,179,26,Wet,El Nino,1,4.82,0
2019-06-29 08:00:00,26.8,28.1,26.0,26.9,93.0,88.0,28.7,31.05,Caution,29,6,2019,180,26,Wet,El Nino,1,4.25,0
2019-06-30 08:00:00,26.6,28.4,26.0,28.3,94.0,90.0,26.2,29.93,Caution,30,6,2019,181,26,Wet,El Nino,1,3.3299999999999983,0
2019-07-01 08:00:00,26.2,26.9,25.6,48.9,95.0,91.0,23.5,28.81,Caution,1,7,2019,182,27,Wet,El Nino,1,2.6099999999999994,0
2019-07-02 08:00:00,27.0,28.8,25.4,6.4,96.0,90.0,10.2,32.17,Caution,2,7,2019,183,27,Wet,El Nino,1,5.170000000000002,0
2019-07-03 08:00:00,28.3,31.1,25.9,0.4,94.0,82.0,11.2,35.93,Extreme Caution,3,7,2019,184,27,Wet,El Nino,1,7.629999999999999,0
2019-07-04 08:00:00,28.2,31.4,25.5,6.3,95.0,81.0,12.3,35.84,Extreme Caution,4,7,2019,185,27,Wet,El Nino,1,7.640000000000004,0
2019-07-05 08:00:00,27.7,29.8,25.5,4.8,96.0,86.0,15.5,34.4,Extreme Caution,5,7,2019,186,27,Wet,El Nino,1,6.699999999999999,0
2019-07-06 08:00:00,27.9,30.1,25.8,4.5,93.0,84.0,19.0,34.37,Extreme Caution,6,7,2019,187,27,Wet,El Nino,1,6.469999999999999,0
2019-07-07 08:00:00,28.2,30.5,26.3,3.0,94.0,84.0,17.8,35.59,Extreme Caution,7,7,2019,188,27,Wet,El Nino,1,7.390000000000004,0
2019-07-08 08:00:00,28.4,30.4,26.3,4.3,94.0,80.0,18.7,36.27,Extreme Caution,8,7,2019,189,28,Wet,El Nino,1,7.8700000000000045,0
2019-07-09 08:00:00,28.0,30.0,25.9,6.8,96.0,84.0,19.0,35.4,Extreme Caution,9,7,2019,190,28,Wet,El Nino,1,7.399999999999999,0
2019-07-10 08:00:00,27.7,30.0,25.0,12.1,94.0,85.0,20.1,33.96,Extreme Caution,10,7,2019,191,28,Wet,El Nino,1,6.260000000000002,0
2019-07-11 08:00:00,28.5,31.0,25.8,0.6,97.0,83.0,12.2,37.42,Extreme Caution,11,7,2019,192,28,Wet,El Nino,1,8.920000000000002,0
2019-07-12 08:00:00,28.2,31.6,25.4,10.0,95.0,84.0,8.5,35.84,Extreme Caution,12,7,2019,193,28,Wet,El Nino,1,7.640000000000004,0
2019-07-13 08:00:00,28.1,30.7,26.1,6.2,94.0,83.0,14.0,35.26,Extreme Caution,13,7,2019,194,28,Wet,El Nino,1,7.159999999999997,0
2019-07-14 08:00:00,27.4,30.5,25.8,8.8,95.0,85.0,14.7,33.22,Extreme Caution,14,7,2019,195,28,Wet,El Nino,1,5.82,0
2019-07-15 08:00:00,26.9,28.5,25.2,10.4,98.0,87.0,10.2,32.22,Caution,15,7,2019,196,29,Wet,El Nino,1,5.32,0
2019-07-16 08:00:00,26.4,27.5,25.6,29.3,93.0,89.0,27.6,29.27,Caution,16,7,2019,197,29,Wet,El Nino,1,2.870000000000001,0
2019-07-17 08:00:00,26.2,26.6,25.7,32.4,93.0,90.0,38.4,28.71,Caution,17,7,2019,198,29,Wet,El Nino,1,2.5100000000000016,0
2019-07-18 08:00:00,27.2,28.6,26.1,9.8,92.0,87.0,29.3,32.02,Caution,18,7,2019,199,29,Wet,El Nino,1,4.820000000000004,0
2019-07-19 08:00:00,28.1,30.4,26.4,3.7,90.0,83.0,24.5,34.31,Extreme Caution,19,7,2019,200,29,Wet,El Nino,1,6.210000000000001,0
2019-07-20 08:00:00,27.8,29.9,25.5,7.6,96.0,87.0,14.0,34.73,Extreme Caution,20,7,2019,201,29,Wet,El Nino,1,6.929999999999996,0
2019-07-21 08:00:00,27.2,29.8,25.6,8.5,97.0,88.0,9.7,32.98,Caution,21,7,2019,202,29,Wet,El Nino,1,5.779999999999998,0
2019-07-22 08:00:00,27.1,30.4,25.5,11.3,96.0,87.0,10.6,32.48,Caution,22,7,2019,203,30,Wet,El Nino,1,5.3799999999999955,0
2019-07-23 08:00:00,26.7,28.9,25.2,3.9,97.0,89.0,9.2,31.43,Caution,23,7,2019,204,30,Wet,El Nino,1,4.73,0
2019-07-24 08:00:00,27.0,29.5,25.4,14.1,95.0,88.0,14.5,31.99,Caution,24,7,2019,205,30,Wet,El Nino,1,4.989999999999998,0
2019-07-25 08:00:00,26.9,29.2,25.4,13.2,95.0,88.0,18.9,31.69,Caution,25,7,2019,206,30,Wet,El Nino,1,4.790000000000003,0
2019-07-26 08:00:00,27.0,28.9,25.4,6.4,95.0,87.0,17.8,31.99,Caution,26,7,2019,207,30,Wet,El Nino,1,4.989999999999998,0
2019-07-27 08:00:00,26.3,28.5,24.8,13.0,96.0,89.0,14.8,29.16,Caution,27,7,2019,208,30,Wet,El Nino,1,2.8599999999999994,0
2019-07-28 08:00:00,26.0,27.9,25.1,34.1,93.0,90.0,18.8,28.15,Caution,28,7,2019,209,30,Wet,El Nino,1,2.1499999999999986,0
2019-07-29 08:00:00,26.4,29.0,25.2,24.6,95.0,90.0,18.1,29.41,Caution,29,7,2019,210,31,Wet,El Nino,1,3.0100000000000016,0
2019-07-30 08:00:00,26.4,28.9,24.9,2.6,98.0,89.0,20.0,29.61,Caution,30,7,2019,211,31,Wet,El Nino,1,3.210000000000001,0
2019-07-31 08:00:00,27.4,29.5,25.9,3.2,95.0,85.0,20.5,33.22,Extreme Caution,31,7,2019,212,31,Wet,El Nino,1,5.82,0
2019-08-01 08:00:00,27.0,29.1,25.9,15.3,94.0,87.0,26.3,31.8,Caution,1,8,2019,213,31,Wet,El Nino,1,4.800000000000001,0
2019-08-02 08:00:00,26.2,27.5,25.3,33.3,94.0,90.0,24.6,28.76,Caution,2,8,2019,214,31,Wet,El Nino,1,2.5600000000000023,0
2019-08-03 08:00:00,25.7,26.0,25.4,82.6,93.0,91.0,34.4,27.34,Caution,3,8,2019,215,31,Wet,El Nino,1,1.6400000000000006,0
2019-08-04 08:00:00,25.9,26.3,25.5,89.7,93.0,91.0,34.2,27.88,Caution,4,8,2019,216,31,Wet,El Nino,1,1.9800000000000004,0
2019-08-05 08:00:00,26.5,27.6,25.6,11.6,93.0,89.0,25.8,29.56,Caution,5,8,2019,217,32,Wet,El Nino,1,3.0599999999999987,0
2019-08-06 08:00:00,26.4,27.5,25.8,27.2,93.0,90.0,28.3,29.27,Caution,6,8,2019,218,32,Wet,El Nino,1,2.870000000000001,0
2019-08-07 08:00:00,26.7,27.8,26.0,10.8,92.0,88.0,33.7,30.6,Caution,7,8,2019,219,32,Wet,El Nino,1,3.900000000000002,0
2019-08-08 08:00:00,26.9,28.5,26.0,12.8,92.0,88.0,40.0,31.16,Caution,8,8,2019,220,32,Wet,El Nino,1,4.260000000000002,0
2019-08-09 08:00:00,27.0,28.5,26.0,19.7,92.0,87.0,36.1,31.45,Caution,9,8,2019,221,32,Wet,El Nino,1,4.449999999999999,0
2019-08-10 08:00:00,27.6,28.5,26.4,8.3,91.0,83.0,32.4,33.01,Extreme Caution,10,8,2019,222,32,Wet,El Nino,1,5.409999999999997,0
2019-08-11 08:00:00,28.3,29.5,27.4,2.6,84.0,79.0,33.2,33.57,Extreme Caution,11,8,2019,223,32,Wet,El Nino,1,5.27,0
2019-08-12 08:00:00,27.9,29.7,26.8,4.5,88.0,82.0,29.2,33.26,Extreme Caution,12,8,2019,224,33,Wet,El Nino,1,5.359999999999999,0
2019-08-13 08:00:00,27.6,29.1,26.4,11.8,90.0,84.0,32.6,32.8,Caution,13,8,2019,225,33,Wet,El Nino,1,5.199999999999996,0
2019-08-14 08:00:00,28.1,29.8,27.0,4.1,89.0,83.0,27.8,34.08,Extreme Caution,14,8,2019,226,33,Wet,El Nino,1,5.979999999999997,0
2019-08-15 08:00:00,28.2,29.5,27.3,0.8,87.0,82.0,26.7,33.92,Extreme Caution,15,8,2019,227,33,Wet,El Nino,1,5.720000000000002,0
2019-08-16 08:00:00,28.1,30.0,26.4,2.2,92.0,83.0,24.2,34.78,Extreme Caution,16,8,2019,228,33,Wet,El Nino,1,6.68,0
2019-08-17 08:00:00,27.9,29.8,26.4,2.4,91.0,85.0,21.3,33.92,Extreme Caution,17,8,2019,229,33,Wet,El Nino,1,6.020000000000003,0
2019-08-18 08:00:00,27.8,30.1,25.7,5.7,95.0,86.0,17.6,34.5,Extreme Caution,18,8,2019,230,33,Wet,El Nino,1,6.699999999999999,0
2019-08-19 08:00:00,27.6,30.1,25.9,6.1,96.0,87.0,18.9,34.07,Extreme Caution,19,8,2019,231,34,Wet,El Nino,1,6.469999999999999,0
2019-08-20 08:00:00,27.3,29.5,25.6,7.9,95.0,87.0,19.0,32.9,Caution,20,8,2019,232,34,Wet,El Nino,1,5.599999999999998,0
2019-08-21 08:00:00,26.3,28.7,24.1,16.1,97.0,89.0,18.7,29.22,Caution,21,8,2019,233,34,Wet,El Nino,1,2.919999999999998,0
2019-08-22 08:00:00,27.0,28.6,25.7,17.9,93.0,86.0,17.4,31.62,Caution,22,8,2019,234,34,Wet,El Nino,1,4.620000000000001,0
2019-08-23 08:00:00,26.8,27.9,25.4,21.5,93.0,87.0,26.4,31.05,Caution,23,8,2019,235,34,Wet,El Nino,1,4.25,0
2019-08-24 08:00:00,26.4,27.9,25.8,13.8,94.0,90.0,26.6,29.34,Caution,24,8,2019,236,34,Wet,El Nino,1,2.9400000000000013,0
2019-08-25 08:00:00,26.9,28.9,25.5,20.8,96.0,89.0,18.5,31.86,Caution,25,8,2019,237,34,Wet,El Nino,1,4.960000000000001,0
2019-08-26 08:00:00,26.7,29.5,24.9,74.9,96.0,89.0,17.4,31.26,Caution,26,8,2019,238,35,Wet,El Nino,1,4.560000000000002,0
2019-08-27 08:00:00,26.0,26.5,25.5,36.0,95.0,91.0,14.3,28.23,Caution,27,8,2019,239,35,Wet,El Nino,1,2.2300000000000004,0
2019-08-28 08:00:00,26.5,28.9,25.1,10.1,96.0,89.0,19.8,29.78,Caution,28,8,2019,240,35,Wet,El Nino,1,3.280000000000001,0
2019-08-29 08:00:00,26.7,28.5,25.2,17.6,93.0,86.0,18.6,30.77,Caution,29,8,2019,241,35,Wet,El Nino,1,4.07,0
2019-08-30 08:00:00,27.0,29.2,25.2,6.7,94.0,86.0,15.2,31.8,Caution,30,8,2019,242,35,Wet,El Nino,1,4.800000000000001,0
2019-08-31 08:00:00,26.0,28.0,24.7,14.0,95.0,90.0,10.2,28.23,Caution,31,8,2019,243,35,Wet,El Nino,1,2.2300000000000004,0
2019-09-01 08:00:00,26.7,30.6,24.4,16.0,94.0,85.0,13.3,30.93,Caution,1,9,2019,244,35,Wet,El Nino,1,4.23,0
2019-09-02 08:00:00,26.6,28.4,25.6,15.8,93.0,88.0,21.9,29.85,Caution,2,9,2019,245,36,Wet,El Nino,1,3.25,0
2019-09-03 08:00:00,26.4,28.1,24.9,9.0,99.0,90.0,25.8,29.67,Caution,3,9,2019,246,36,Wet,El Nino,1,3.270000000000003,0
2019-09-04 08:00:00,28.4,30.1,27.4,0.1,83.0,78.0,23.4,33.67,Extreme Caution,4,9,2019,247,36,Wet,El Nino,1,5.270000000000003,0
2019-09-05 08:00:00,28.1,29.7,26.9,2.1,87.0,80.0,27.6,33.63,Extreme Caution,5,9,2019,248,36,Wet,El Nino,1,5.530000000000001,0
2019-09-06 08:00:00,27.8,30.2,26.2,4.8,92.0,82.0,29.8,33.83,Extreme Caution,6,9,2019,249,36,Wet,El Nino,1,6.029999999999998,0
2019-09-07 08:00:00,27.2,29.2,25.8,16.7,93.0,86.0,30.6,32.21,Caution,7,9,2019,250,36,Wet,El Nino,1,5.010000000000002,0
2019-09-08 08:00:00,26.8,28.9,25.9,16.0,93.0,89.0,26.9,31.05,Caution,8,9,2019,251,36,Wet,El Nino,1,4.25,0
2019-09-09 08:00:00,26.6,28.0,26.0,16.9,93.0,89.0,24.3,29.85,Caution,9,9,2019,252,37,Wet,El Nino,1,3.25,0
2019-09-10 08:00:00,26.4,28.0,24.8,14.4,95.0,88.0,15.3,29.41,Caution,10,9,2019,253,37,Wet,El Nino,1,3.0100000000000016,0
2019-09-11 08:00:00,26.1,27.6,24.8,10.5,96.0,90.0,13.3,28.56,Caution,11,9,2019,254,37,Wet,El Nino,1,2.4599999999999973,0
2019-09-12 08:00:00,25.6,27.0,24.4,216.2,98.0,92.0,31.1,27.13,Caution,12,9,2019,255,37,Wet,El Nino,1,1.5299999999999976,0
2019-09-13 08:00:00,26.4,28.5,25.0,23.5,97.0,91.0,9.5,29.54,Caution,13,9,2019,256,37,Wet,El Nino,1,3.1400000000000006,0
2019-09-14 08:00:00,26.6,29.5,25.3,17.3,94.0,88.0,15.5,29.93,Caution,14,9,2019,257,37,Wet,El Nino,1,3.3299999999999983,0
2019-09-15 08:00:00,25.9,27.1,25.2,30.2,94.0,91.0,25.3,27.91,Caution,15,9,2019,258,37,Wet,El Nino,1,2.0100000000000016,0
2019-09-16 08:00:00,25.7,26.5,25.3,29.9,93.0,91.0,24.8,27.34,Caution,16,9,2019,259,38,Wet,El Nino,1,1.6400000000000006,0
2019-09-17 08:00:00,26.0,27.8,24.8,31.8,92.0,88.0,32.4,28.11,Caution,17,9,2019,260,38,Wet,El Nino,1,2.1099999999999994,0
2019-09-18 08:00:00,26.0,27.2,25.1,18.9,93.0,88.0,31.3,28.15,Caution,18,9,2019,261,38,Wet,El Nino,1,2.1499999999999986,0
2019-09-19 08:00:00,26.0,27.6,25.2,26.7,93.0,89.0,21.9,28.15,Caution,19,9,2019,262,38,Wet,El Nino,1,2.1499999999999986,0
2019-09-20 08:00:00,25.5,26.8,24.5,42.6,94.0,90.0,24.1,26.56,Normal,20,9,2019,263,38,Wet,El Nino,1,1.0599999999999987,0
2019-09-21 08:00:00,26.4,28.9,23.5,0.6,98.0,83.0,17.3,29.61,Caution,21,9,2019,264,38,Wet,El Nino,1,3.210000000000001,0
2019-09-22 08:00:00,26.8,29.6,23.8,0.0,96.0,82.0,12.8,31.56,Caution,22,9,2019,265,38,Wet,El Nino,1,4.759999999999998,0
2019-09-23 08:00:00,27.6,30.5,24.7,0.6,97.0,84.0,9.4,34.29,Extreme Caution,23,9,2019,266,39,Wet,El Nino,1,6.689999999999998,0
2019-09-24 08:00:00,27.3,29.3,25.0,1.9,98.0,87.0,6.0,33.5,Extreme Caution,24,9,2019,267,39,Wet,El Nino,1,6.199999999999999,0
2019-09-25 08:00:00,27.4,30.1,25.0,3.0,99.0,87.0,6.2,34.04,Extreme Caution,25,9,2019,268,39,Wet,El Nino,1,6.640000000000001,0
2019-09-26 08:00:00,27.5,29.9,25.6,5.2,95.0,86.0,8.2,33.53,Extreme Caution,26,9,2019,269,39,Wet,El Nino,1,6.030000000000001,0
2019-09-27 08:00:00,27.9,30.2,25.6,1.3,97.0,86.0,6.8,35.3,Extreme Caution,27,9,2019,270,39,Wet,El Nino,1,7.399999999999999,0
2019-09-28 08:00:00,28.1,30.6,25.6,2.1,94.0,84.0,9.4,35.26,Extreme Caution,28,9,2019,271,39,Wet,El Nino,1,7.159999999999997,0
2019-09-29 08:00:00,27.5,29.7,26.0,6.9,93.0,84.0,17.9,33.12,Extreme Caution,29,9,2019,272,39,Wet,El Nino,1,5.619999999999997,0
2019-09-30 08:00:00,27.0,28.5,25.9,6.4,93.0,87.0,22.0,31.62,Caution,30,9,2019,273,40,Wet,El Nino,1,4.620000000000001,0
2019-10-01 08:00:00,27.1,29.6,24.9,2.9,98.0,88.0,12.6,32.85,Caution,1,10,2019,274,40,Wet,El Nino,1,5.75,0
2019-10-02 08:00:00,26.5,30.0,24.2,4.6,98.0,89.0,8.7,29.93,Caution,2,10,2019,275,40,Wet,El Nino,1,3.4299999999999997,0
2019-10-03 08:00:00,27.0,30.3,24.2,2.7,96.0,84.0,10.3,32.17,Caution,3,10,2019,276,40,Wet,El Nino,1,5.170000000000002,0
2019-10-04 08:00:00,26.7,29.0,24.9,8.8,95.0,87.0,10.6,31.1,Caution,4,10,2019,277,40,Wet,El Nino,1,4.400000000000002,0
2019-10-05 08:00:00,27.3,30.0,24.8,0.5,96.0,85.0,12.5,33.1,Extreme Caution,5,10,2019,278,40,Wet,El Nino,1,5.800000000000001,0
2019-10-06 08:00:00,27.3,30.4,24.2,1.8,99.0,84.0,10.5,33.71,Extreme Caution,6,10,2019,279,40,Wet,El Nino,1,6.41,0
2019-10-07 08:00:00,27.7,32.0,24.4,0.3,96.0,80.0,10.9,34.4,Extreme Caution,7,10,2019,280,41,Wet,El Nino,1,6.699999999999999,0
2019-10-08 08:00:00,27.9,31.1,24.8,3.0,99.0,82.0,6.6,35.77,Extreme Caution,8,10,2019,281,41,Wet,El Nino,1,7.8700000000000045,0
2019-10-09 08:00:00,27.3,31.1,24.8,2.1,99.0,85.0,8.9,33.71,Extreme Caution,9,10,2019,282,41,Wet,El Nino,1,6.41,0
2019-10-10 08:00:00,27.2,30.4,24.4,2.5,95.0,84.0,9.7,32.59,Caution,10,10,2019,283,41,Wet,El Nino,1,5.390000000000004,0
2019-10-11 08:00:00,26.9,29.4,24.6,4.5,99.0,85.0,15.0,32.4,Caution,11,10,2019,284,41,Wet,El Nino,1,5.5,0
2019-10-12 08:00:00,27.0,30.4,25.0,1.8,94.0,82.0,11.0,31.8,Caution,12,10,2019,285,41,Wet,El Nino,1,4.800000000000001,0
2019-10-13 08:00:00,27.4,30.9,24.4,0.7,96.0,77.0,14.5,33.42,Extreme Caution,13,10,2019,286,41,Wet,El Nino,1,6.020000000000003,0
2019-10-14 08:00:00,27.0,30.9,23.5,0.6,98.0,80.0,10.4,32.53,Caution,14,10,2019,287,42,Wet,El Nino,1,5.530000000000001,0
2019-10-15 08:00:00,27.3,31.2,23.6,0.8,99.0,79.0,12.9,33.71,Extreme Caution,15,10,2019,288,42,Wet,El Nino,1,6.41,0
2019-10-16 08:00:00,27.3,31.1,24.2,0.8,98.0,81.0,10.1,33.5,Extreme Caution,16,10,2019,289,42,Wet,El Nino,1,6.199999999999999,0
2019-10-17 08:00:00,27.6,30.6,24.6,0.4,97.0,82.0,9.3,34.29,Extreme Caution,17,10,2019,290,42,Wet,El Nino,1,6.689999999999998,0
2019-10-18 08:00:00,28.1,30.6,25.6,0.9,95.0,80.0,11.1,35.5,Extreme Caution,18,10,2019,291,42,Wet,El Nino,1,7.399999999999999,0
2019-10-19 08:00:00,27.7,30.4,25.5,8.7,93.0,84.0,9.0,33.74,Extreme Caution,19,10,2019,292,42,Wet,El Nino,1,6.040000000000003,0
2019-10-20 08:00:00,27.6,30.9,25.15,3.6,95.0,82.0,14.0,33.85,Extreme Caution,20,10,2019,293,42,Wet,El Nino,1,6.25,0
2019-10-21 08:00:00,27.7,30.1,24.8,0.3,97.0,83.0,9.7,34.62,Extreme Caution,21,10,2019,294,43,Wet,El Nino,1,6.919999999999998,0
2019-10-22 08:00:00,27.7,30.5,24.9,0.6,95.0,80.0,6.5,34.18,Extreme Caution,22,10,2019,295,43,Wet,El Nino,1,6.48,0
2019-10-23 08:00:00,27.9,30.8,25.0,3.3,93.0,80.0,7.9,34.37,Extreme Caution,23,10,2019,296,43,Wet,El Nino,1,6.469999999999999,0
2019-10-24 08:00:00,27.7,30.6,24.5,1.9,96.0,83.0,11.2,34.4,Extreme Caution,24,10,2019,297,43,Wet,El Nino,1,6.699999999999999,0
2019-10-25 08:00:00,28.0,31.4,24.7,1.2,97.0,78.0,10.5,35.64,Extreme Caution,25,10,2019,298,43,Wet,El Nino,1,7.640000000000001,0
2019-10-26 08:00:00,27.9,32.2,24.5,0.1,97.0,77.0,13.2,35.3,Extreme Caution,26,10,2019,299,43,Wet,El Nino,1,7.399999999999999,0
2019-10-27 08:00:00,28.2,32.2,25.1,4.1,95.0,77.0,18.2,35.84,Extreme Caution,27,10,2019,300,43,Wet,El Nino,1,7.640000000000004,0
2019-10-28 08:00:00,27.4,30.8,25.3,2.7,95.0,82.0,17.1,33.22,Extreme Caution,28,10,2019,301,44,Wet,El Nino,1,5.82,0
2019-10-29 08:00:00,28.0,31.0,25.6,0.7,93.0,79.0,21.3,34.69,Extreme Caution,29,10,2019,302,44,Wet,El Nino,1,6.689999999999998,0
2019-10-30 08:00:00,26.8,30.0,24.1,1.8,98.0,87.0,11.2,31.91,Caution,30,10,2019,303,44,Wet,El Nino,1,5.109999999999999,0
2019-10-31 08:00:00,27.8,32.0,24.9,12.3,95.0,80.0,12.6,34.5,Extreme Caution,31,10,2019,304,44,Wet,El Nino,1,6.699999999999999,0
2019-11-01 08:00:00,26.6,29.5,25.4,31.8,95.0,88.0,8.9,30.02,Caution,1,11,2019,305,44,Wet,El Nino,1,3.419999999999998,0
2019-11-02 08:00:00,26.7,29.4,24.6,6.1,96.0,88.0,10.9,31.26,Caution,2,11,2019,306,44,Wet,El Nino,1,4.560000000000002,0
2019-11-03 08:00:00,26.8,29.2,24.0,11.3,97.0,86.0,14.8,31.73,Caution,3,11,2019,307,44,Wet,El Nino,1,4.93,0
2019-11-04 08:00:00,27.0,30.0,25.0,7.9,96.0,87.0,17.6,32.17,Caution,4,11,2019,308,45,Wet,El Nino,1,5.170000000000002,0
2019-11-05 08:00:00,26.9,29.3,25.5,11.9,95.0,88.0,10.5,31.69,Caution,5,11,2019,309,45,Wet,El Nino,1,4.790000000000003,0
2019-11-06 08:00:00,26.8,30.0,25.6,9.6,96.0,89.0,14.5,31.56,Caution,6,11,2019,310,45,Wet,El Nino,1,4.759999999999998,0
2019-11-07 08:00:00,26.9,29.6,24.9,0.7,96.0,85.0,15.6,31.86,Caution,7,11,2019,311,45,Wet,El Nino,1,4.960000000000001,0
2019-11-08 08:00:00,27.1,30.8,24.6,8.7,95.0,85.0,14.5,32.29,Caution,8,11,2019,312,45,Wet,El Nino,1,5.189999999999998,0
2019-11-09 08:00:00,27.1,30.6,24.9,5.5,96.0,87.0,8.0,32.48,Caution,9,11,2019,313,45,Wet,El Nino,1,5.3799999999999955,0
2019-11-10 08:00:00,26.4,29.0,23.9,0.2,92.0,84.0,10.8,29.21,Caution,10,11,2019,314,45,Wet,El Nino,1,2.8100000000000023,0
2019-11-11 08:00:00,26.8,29.8,25.3,0.5,98.0,83.0,10.8,31.91,Caution,11,11,2019,315,46,Wet,El Nino,1,5.109999999999999,0
2019-11-12 08:00:00,26.6,28.9,24.2,0.9,88.0,81.0,10.1,29.46,Caution,12,11,2019,316,46,Wet,El Nino,1,2.8599999999999994,0
2019-11-13 08:00:00,26.4,29.4,24.0,0.0,91.0,78.0,15.0,29.14,Caution,13,11,2019,317,46,Wet,El Nino,1,2.740000000000002,0
2019-11-14 08:00:00,25.6,27.2,24.0,1.9,96.0,85.0,14.7,27.11,Caution,14,11,2019,318,46,Wet,El Nino,1,1.509999999999998,0
2019-11-15 08:00:00,26.9,29.8,24.6,4.6,99.0,84.0,14.4,32.4,Caution,15,11,2019,319,46,Wet,El Nino,1,5.5,0
2019-11-16 08:00:00,27.3,29.8,25.0,1.3,99.0,86.0,9.6,33.71,Extreme Caution,16,11,2019,320,46,Wet,El Nino,1,6.41,0
2019-11-17 08:00:00,27.7,29.700000000000003,25.1,0.8,95.0,82.0,13.0,34.18,Extreme Caution,17,11,2019,321,46,Wet,El Nino,1,6.48,0
2019-11-18 08:00:00,27.0,29.6,24.1,0.7,97.0,85.0,21.3,32.35,Caution,18,11,2019,322,47,Wet,El Nino,1,5.350000000000001,0
2019-11-19 08:00:00,27.9,30.5,25.1,0.3,93.0,81.0,10.3,34.37,Extreme Caution,19,11,2019,323,47,Wet,El Nino,1,6.469999999999999,0
2019-11-20 08:00:00,27.1,30.3,25.0,6.9,95.0,84.0,16.8,32.29,Caution,20,11,2019,324,47,Wet,El Nino,1,5.189999999999998,0
2019-11-21 08:00:00,26.7,29.1,24.5,1.3,97.0,86.0,9.1,31.43,Caution,21,11,2019,325,47,Wet,El Nino,1,4.73,0
2019-11-22 08:00:00,26.9,29.2,24.8,3.6,96.0,86.0,6.9,31.86,Caution,22,11,2019,326,47,Wet,El Nino,1,4.960000000000001,0
2019-11-23 08:00:00,26.7,29.4,24.6,0.9,96.0,88.0,9.7,31.26,Caution,23,11,2019,327,47,Wet,El Nino,1,4.560000000000002,0
2019-11-24 08:00:00,27.1,31.2,24.1,1.7,100.0,85.0,9.0,33.24,Extreme Caution,24,11,2019,328,47,Wet,El Nino,1,6.140000000000001,0
2019-11-25 08:00:00,26.9,30.6,24.4,6.6,97.0,86.0,9.7,32.04,Caution,25,11,2019,329,48,Wet,El Nino,1,5.140000000000001,0
2019-11-26 08:00:00,27.0,31.0,24.1,2.1,99.0,82.0,18.4,32.72,Caution,26,11,2019,330,48,Wet,El Nino,1,5.719999999999999,0
2019-11-27 08:00:00,27.5,31.6,25.0,1.6,100.0,82.0,15.8,34.6,Extreme Caution,27,11,2019,331,48,Wet,El Nino,1,7.100000000000001,0
2019-11-28 08:00:00,27.5,31.0,25.1,0.4,91.0,74.0,16.1,32.71,Caution,28,11,2019,332,48,Wet,El Nino,1,5.210000000000001,0
2019-11-29 08:00:00,26.3,30.6,23.1,0.0,94.0,76.0,17.2,29.05,Caution,29,11,2019,333,48,Wet,El Nino,1,2.75,0
2019-11-30 08:00:00,25.6,29.6,22.5,0.0,95.0,75.0,15.9,27.1,Caution,30,11,2019,334,48,Wet,El Nino,1,1.5,0
2019-12-01 08:00:00,26.4,30.0,23.5,0.0,82.0,69.0,18.5,28.58,Caution,1,12,2019,335,48,Cool Dry,El Nino,1,2.1799999999999997,0
2019-12-02 08:00:00,27.1,30.4,25.2,1.1,79.0,71.0,28.6,29.86,Caution,2,12,2019,336,49,Cool Dry,El Nino,1,2.759999999999998,0
2019-12-03 08:00:00,25.7,26.4,23.9,51.3,87.0,84.0,42.3,26.6,Normal,3,12,2019,337,49,Cool Dry,El Nino,1,0.9000000000000021,0
2019-12-04 08:00:00,27.2,30.2,25.2,0.7,93.0,82.0,24.5,32.21,Caution,4,12,2019,338,49,Cool Dry,El Nino,1,5.010000000000002,0
2019-12-05 08:00:00,26.9,29.5,25.0,1.4,94.0,85.0,7.1,31.51,Caution,5,12,2019,339,49,Cool Dry,El Nino,1,4.610000000000003,0
2019-12-06 08:00:00,26.4,28.9,23.9,1.0,98.0,87.0,13.0,29.61,Caution,6,12,2019,340,49,Cool Dry,El Nino,1,3.210000000000001,0
2019-12-07 08:00:00,26.3,29.0,24.1,0.7,95.0,82.0,12.6,29.11,Caution,7,12,2019,341,49,Cool Dry,El Nino,1,2.8099999999999987,0
2019-12-08 08:00:00,25.6,29.6,23.0,0.0,91.0,76.0,13.4,26.59,Normal,8,12,2019,342,49,Cool Dry,El Nino,1,0.9899999999999984,0
2019-12-09 08:00:00,25.7,29.4,23.1,0.0,94.0,77.0,13.8,27.36,Caution,9,12,2019,343,50,Cool Dry,El Nino,1,1.6600000000000001,0
2019-12-10 08:00:00,25.5,28.4,22.9,4.3,96.0,84.0,11.3,26.61,Normal,10,12,2019,344,50,Cool Dry,El Nino,1,1.1099999999999994,0
2019-12-11 08:00:00,26.2,29.2,23.5,1.9,96.0,85.0,5.8,28.86,Caution,11,12,2019,345,50,Cool Dry,El Nino,1,2.66,0
2019-12-12 08:00:00,26.0,30.0,22.7,1.3,100.0,83.0,16.6,28.41,Caution,12,12,2019,346,50,Cool Dry,El Nino,1,2.41,0
2019-12-13 08:00:00,26.6,31.4,22.7,0.2,100.0,80.0,12.5,30.43,Caution,13,12,2019,347,50,Cool Dry,El Nino,1,3.8299999999999983,0
2019-12-14 08:00:00,27.0,31.1,23.6,0.2,99.0,81.0,14.0,32.72,Caution,14,12,2019,348,50,Cool Dry,El Nino,1,5.719999999999999,0
2019-12-15 08:00:00,27.1,31.3,24.5,0.3,100.0,82.0,17.8,33.24,Extreme Caution,15,12,2019,349,50,Cool Dry,El Nino,1,6.140000000000001,0
2019-12-16 08:00:00,26.8,31.3,23.0,0.0,100.0,82.0,19.8,32.25,Caution,16,12,2019,350,51,Cool Dry,El Nino,1,5.449999999999999,0
2019-12-17 08:00:00,26.5,31.5,22.0,0.0,99.0,78.0,17.3,30.01,Caution,17,12,2019,351,51,Cool Dry,El Nino,1,3.5100000000000016,0
2019-12-18 08:00:00,26.9,31.5,23.2,0.3,98.0,77.0,17.0,32.22,Caution,18,12,2019,352,51,Cool Dry,El Nino,1,5.32,0
2019-12-19 08:00:00,26.5,30.8,23.0,1.8,97.0,80.0,10.8,29.86,Caution,19,12,2019,353,51,Cool Dry,El Nino,1,3.3599999999999994,0
2019-12-20 08:00:00,26.6,30.5,23.1,1.3,97.0,80.0,14.5,30.18,Caution,20,12,2019,354,51,Cool Dry,El Nino,1,3.5799999999999983,0
2019-12-21 08:00:00,26.4,30.6,23.0,2.3,98.0,80.0,16.0,29.61,Caution,21,12,2019,355,51,Cool Dry,El Nino,1,3.210000000000001,0
2019-12-22 08:00:00,26.5,30.4,22.9,0.0,97.0,79.0,10.1,29.86,Caution,22,12,2019,356,51,Cool Dry,El Nino,1,3.3599999999999994,0
2019-12-23 08:00:00,25.9,28.5,22.2,2.3,100.0,85.0,11.7,28.09,Caution,23,12,2019,357,52,Cool Dry,El Nino,1,2.1900000000000013,0
2019-12-24 08:00:00,26.1,31.6,24.5,0.5,87.0,71.0,18.3,28.16,Caution,24,12,2019,358,52,Cool Dry,El Nino,1,2.0599999999999987,0
2019-12-25 08:00:00,26.3,29.2,24.6,27.2,95.0,80.0,22.3,29.11,Caution,25,12,2019,359,52,Cool Dry,El Nino,1,2.8099999999999987,0
2019-12-26 08:00:00,26.8,29.7,24.2,4.3,95.0,84.0,20.1,31.39,Caution,26,12,2019,360,52,Cool Dry,El Nino,1,4.59,0
2019-12-27 08:00:00,27.2,30.0,24.9,0.2,89.0,79.0,16.3,31.46,Caution,27,12,2019,361,52,Cool Dry,El Nino,1,4.260000000000002,0
2019-12-28 08:00:00,26.8,30.2,23.0,0.2,95.0,76.0,23.0,31.39,Caution,28,12,2019,362,52,Cool Dry,El Nino,1,4.59,0
2019-12-29 08:00:00,26.4,30.3,23.5,0.0,94.0,76.0,24.7,29.34,Caution,29,12,2019,363,52,Cool Dry,El Nino,1,2.9400000000000013,0
2019-12-30 08:00:00,26.5,30.9,23.4,0.1,96.0,79.0,13.6,29.78,Caution,30,12,2019,364,1,Cool Dry,El Nino,1,3.280000000000001,0
2019-12-31 08:00:00,26.9,31.1,24.0,0.8,96.0,76.0,14.6,31.86,Caution,31,12,2019,365,1,Cool Dry,El Nino,1,4.960000000000001,0
2020-01-01 08:00:00,26.4,30.8,22.8,2.7,99.0,83.0,20.7,29.67,Caution,1,1,2020,1,1,Cool Dry,La Nina,0,3.270000000000003,0
2020-01-02 08:00:00,26.6,31.2,22.5,0.0,93.0,75.0,17.5,29.85,Caution,2,1,2020,2,1,Cool Dry,La Nina,0,3.25,0
2020-01-03 08:00:00,26.1,31.0,22.3,0.0,93.0,71.0,17.6,28.43,Caution,3,1,2020,3,1,Cool Dry,La Nina,0,2.3299999999999983,0
2020-01-04 08:00:00,26.3,31.0,23.1,0.0,95.0,75.0,17.7,29.11,Caution,4,1,2020,4,1,Cool Dry,La Nina,0,2.8099999999999987,0
2020-01-05 08:00:00,26.2,30.5,23.2,0.0,89.0,71.0,20.7,28.5,Caution,5,1,2020,5,1,Cool Dry,La Nina,0,2.3000000000000007,0
2020-01-06 08:00:00,26.6,31.6,23.0,0.0,90.0,69.0,19.1,29.62,Caution,6,1,2020,6,2,Cool Dry,La Nina,0,3.0199999999999996,0
2020-01-07 08:00:00,26.7,31.8,23.5,10.8,97.0,79.0,18.0,31.43,Caution,7,1,2020,7,2,Cool Dry,La Nina,0,4.73,0
2020-01-08 08:00:00,26.2,29.5,23.0,1.2,95.0,82.0,9.4,28.81,Caution,8,1,2020,8,2,Cool Dry,La Nina,0,2.6099999999999994,0
2020-01-09 08:00:00,25.9,30.6,22.6,0.0,96.0,77.0,13.3,27.97,Caution,9,1,2020,9,2,Cool Dry,La Nina,0,2.0700000000000003,0
2020-01-10 08:00:00,25.8,29.9,22.1,2.2,97.0,79.0,14.5,27.7,Caution,10,1,2020,10,2,Cool Dry,La Nina,0,1.8999999999999986,0
2020-01-11 08:00:00,26.3,30.2,23.1,1.4,96.0,79.0,12.7,29.16,Caution,11,1,2020,11,2,Cool Dry,La Nina,0,2.8599999999999994,0
2020-01-12 08:00:00,26.1,29.2,23.0,2.0,97.0,81.0,7.3,28.61,Caution,12,1,2020,12,2,Cool Dry,La Nina,0,2.509999999999998,0
2020-01-13 08:00:00,26.0,28.9,23.4,1.4,96.0,83.0,14.5,28.26,Caution,13,1,2020,13,3,Cool Dry,La Nina,0,2.2600000000000016,0
2020-01-14 08:00:00,26.1,29.3,22.8,1.2,97.0,79.0,11.2,28.61,Caution,14,1,2020,14,3,Cool Dry,La Nina,0,2.509999999999998,0
2020-01-15 08:00:00,26.4,30.5,23.1,0.8,97.0,77.0,15.9,29.54,Caution,15,1,2020,15,3,Cool Dry,La Nina,0,3.1400000000000006,0
2020-01-16 08:00:00,27.1,31.0,24.3,0.0,93.0,77.0,11.6,31.92,Caution,16,1,2020,16,3,Cool Dry,La Nina,0,4.82,0
2020-01-17 08:00:00,26.5,29.0,24.3,1.8,96.0,85.0,7.4,29.78,Caution,17,1,2020,17,3,Cool Dry,La Nina,0,3.280000000000001,0
2020-01-18 08:00:00,26.5,30.0,23.6,1.3,95.0,81.0,12.7,29.71,Caution,18,1,2020,18,3,Cool Dry,La Nina,0,3.210000000000001,0
2020-01-19 08:00:00,26.0,29.1,23.0,1.1,94.0,79.0,13.6,28.19,Caution,19,1,2020,19,3,Cool Dry,La Nina,0,2.1900000000000013,0
2020-01-20 08:00:00,26.0,29.9,22.8,0.2,91.0,74.0,20.5,28.08,Caution,20,1,2020,20,4,Cool Dry,La Nina,0,2.0799999999999983,0
2020-01-21 08:00:00,25.3,29.0,21.0,0.0,95.0,70.0,25.4,26.37,Normal,21,1,2020,21,4,Cool Dry,La Nina,0,1.0700000000000003,0
2020-01-22 08:00:00,25.7,30.2,22.2,0.0,95.0,69.0,22.9,27.38,Caution,22,1,2020,22,4,Cool Dry,La Nina,0,1.6799999999999997,0
2020-01-23 08:00:00,26.1,31.0,23.1,0.1,91.0,68.0,20.2,28.34,Caution,23,1,2020,23,4,Cool Dry,La Nina,0,2.2399999999999984,0
2020-01-24 08:00:00,25.6,29.1,23.5,2.6,97.0,85.0,9.5,27.12,Caution,24,1,2020,24,4,Cool Dry,La Nina,0,1.5199999999999996,0
2020-01-25 08:00:00,26.4,29.8,23.7,1.3,97.0,83.0,17.9,29.54,Caution,25,1,2020,25,4,Cool Dry,La Nina,0,3.1400000000000006,0
2020-01-26 08:00:00,26.7,30.0,23.7,0.2,94.0,82.0,14.1,30.93,Caution,26,1,2020,26,4,Cool Dry,La Nina,0,4.23,0
2020-01-27 08:00:00,26.3,29.9,23.6,0.3,99.0,81.0,14.8,29.35,Caution,27,1,2020,27,5,Cool Dry,La Nina,0,3.0500000000000007,0
2020-01-28 08:00:00,26.5,30.5,22.8,0.3,97.0,78.0,10.0,29.86,Caution,28,1,2020,28,5,Cool Dry,La Nina,0,3.3599999999999994,0
2020-01-29 08:00:00,25.9,29.7,22.9,0.0,92.0,75.0,13.1,27.85,Caution,29,1,2020,29,5,Cool Dry,La Nina,0,1.9500000000000028,0
2020-01-30 08:00:00,25.6,28.9,22.0,0.0,91.0,71.0,21.0,26.59,Normal,30,1,2020,30,5,Cool Dry,La Nina,0,0.9899999999999984,0
2020-01-31 08:00:00,24.9,28.0,21.7,0.4,85.0,72.0,8.9,25.67,Normal,31,1,2020,31,5,Cool Dry,La Nina,0,0.7700000000000031,0
2020-02-01 08:00:00,24.9,29.4,20.9,0.8,94.0,69.0,18.7,25.9,Normal,1,2,2020,32,5,Cool Dry,La Nina,0,1.0,0
2020-02-02 08:00:00,24.9,29.5,21.4,0.7,91.0,70.0,20.2,25.82,Normal,2,2,2020,33,5,Cool Dry,La Nina,0,0.9200000000000017,0
2020-02-03 08:00:00,24.0,29.0,19.9,0.4,93.0,69.0,20.5,24.88,Normal,3,2,2020,34,6,Cool Dry,La Nina,0,0.879999999999999,0
2020-02-04 08:00:00,25.4,30.5,21.8,0.0,88.0,66.0,12.4,26.29,Normal,4,2,2020,35,6,Cool Dry,La Nina,0,0.8900000000000006,0
2020-02-05 08:00:00,26.8,31.2,23.8,0.0,97.0,70.0,14.8,31.73,Caution,5,2,2020,36,6,Cool Dry,La Nina,0,4.93,0
2020-02-06 08:00:00,27.0,31.8,24.0,0.7,87.0,71.0,20.2,30.57,Caution,6,2,2020,37,6,Cool Dry,La Nina,0,3.5700000000000003,0
2020-02-07 08:00:00,26.4,29.1,24.1,4.9,99.0,83.0,8.9,29.67,Caution,7,2,2020,38,6,Cool Dry,La Nina,0,3.270000000000003,0
2020-02-08 08:00:00,26.8,30.9,24.4,1.5,97.0,80.0,12.3,31.73,Caution,8,2,2020,39,6,Cool Dry,La Nina,0,4.93,0
2020-02-09 08:00:00,25.3,27.6,22.9,0.5,96.0,78.0,15.2,26.39,Normal,9,2,2020,40,6,Cool Dry,La Nina,0,1.0899999999999999,0
2020-02-10 08:00:00,25.3,29.7,21.3,0.0,93.0,68.0,20.9,26.31,Normal,10,2,2020,41,7,Cool Dry,La Nina,0,1.009999999999998,0
2020-02-11 08:00:00,25.4,30.6,20.9,0.0,94.0,65.0,22.7,26.45,Normal,11,2,2020,42,7,Cool Dry,La Nina,0,1.0500000000000007,0
2020-02-12 08:00:00,25.7,31.2,21.5,0.0,96.0,69.0,23.4,27.39,Caution,12,2,2020,43,7,Cool Dry,La Nina,0,1.6900000000000013,0
2020-02-13 08:00:00,25.9,29.8,22.4,2.0,94.0,73.0,20.7,27.91,Caution,13,2,2020,44,7,Cool Dry,La Nina,0,2.0100000000000016,0
2020-02-14 08:00:00,27.1,31.4,22.9,0.0,94.0,69.0,25.2,32.1,Caution,14,2,2020,45,7,Cool Dry,La Nina,0,5.0,0
2020-02-15 08:00:00,26.6,31.6,21.9,0.0,95.0,69.0,27.3,30.02,Caution,15,2,2020,46,7,Cool Dry,La Nina,0,3.419999999999998,0
2020-02-16 08:00:00,27.1,32.0,23.1,0.0,96.0,74.0,20.0,32.48,Caution,16,2,2020,47,7,Cool Dry,La Nina,0,5.3799999999999955,0
2020-02-17 08:00:00,26.4,29.2,23.4,3.8,91.0,76.0,9.1,29.14,Caution,17,2,2020,48,8,Cool Dry,La Nina,0,2.740000000000002,0
2020-02-18 08:00:00,26.0,30.7,22.0,0.2,88.0,67.0,21.1,27.96,Caution,18,2,2020,49,8,Cool Dry,La Nina,0,1.9600000000000009,0
2020-02-19 08:00:00,25.7,31.2,21.2,0.0,84.0,63.0,16.6,26.52,Normal,19,2,2020,50,8,Cool Dry,La Nina,0,0.8200000000000003,0
2020-02-20 08:00:00,25.6,30.7,22.0,0.0,77.0,58.0,20.1,26.23,Normal,20,2,2020,51,8,Cool Dry,La Nina,0,0.629999999999999,0
2020-02-21 08:00:00,25.9,31.0,21.5,0.0,89.0,67.0,28.0,27.75,Caution,21,2,2020,52,8,Cool Dry,La Nina,0,1.8500000000000014,0
2020-02-22 08:00:00,26.0,31.6,22.1,0.0,88.0,63.0,23.5,27.96,Caution,22,2,2020,53,8,Cool Dry,La Nina,0,1.9600000000000009,0
2020-02-23 08:00:00,26.7,31.9,22.8,0.2,97.0,70.0,23.5,31.43,Caution,23,2,2020,54,8,Cool Dry,La Nina,0,4.73,0
2020-02-24 08:00:00,26.7,31.5,22.5,1.0,97.0,73.0,22.6,31.43,Caution,24,2,2020,55,9,Cool Dry,La Nina,0,4.73,0
2020-02-25 08:00:00,26.6,31.8,21.9,0.0,96.0,69.0,23.0,30.1,Caution,25,2,2020,56,9,Cool Dry,La Nina,0,3.5,0
2020-02-26 08:00:00,26.8,31.4,23.1,0.7,95.0,71.0,14.1,31.39,Caution,26,2,2020,57,9,Cool Dry,La Nina,0,4.59,0
2020-02-27 08:00:00,26.8,32.7,21.8,0.1,96.0,67.0,20.9,31.56,Caution,27,2,2020,58,9,Cool Dry,La Nina,0,4.759999999999998,0
2020-02-28 08:00:00,26.9,32.4,22.6,0.0,93.0,65.0,21.7,31.33,Caution,28,2,2020,59,9,Cool Dry,La Nina,0,4.43,0
2020-02-29 08:00:00,27.3,32.6,22.6,0.0,93.0,65.0,25.3,32.51,Caution,29,2,2020,60,9,Cool Dry,La Nina,0,5.209999999999997,0
2020-03-01 08:00:00,27.2,32.0,23.1,0.0,83.0,66.0,18.8,30.51,Caution,1,3,2020,61,9,Dry,La Nina,0,3.3100000000000023,0
2020-03-02 08:00:00,27.3,33.2,22.5,0.0,92.0,64.0,23.2,32.32,Caution,2,3,2020,62,10,Dry,La Nina,0,5.02,0
2020-03-03 08:00:00,27.4,32.8,23.0,0.0,95.0,67.0,16.6,33.22,Extreme Caution,3,3,2020,63,10,Dry,La Nina,0,5.82,0
2020-03-04 08:00:00,27.0,31.8,22.0,0.0,96.0,70.0,16.9,32.17,Caution,4,3,2020,64,10,Dry,La Nina,0,5.170000000000002,0
2020-03-05 08:00:00,27.6,32.7,23.7,0.0,93.0,65.0,21.7,33.43,Extreme Caution,5,3,2020,65,10,Dry,La Nina,0,5.829999999999998,0
2020-03-06 08:00:00,28.2,32.5,24.2,0.1,90.0,67.0,13.6,34.62,Extreme Caution,6,3,2020,66,10,Dry,La Nina,0,6.419999999999998,0
2020-03-07 08:00:00,28.3,32.0,25.5,0.7,88.0,72.0,20.9,34.46,Extreme Caution,7,3,2020,67,10,Dry,La Nina,0,6.16,0
2020-03-08 08:00:00,28.7,33.7,25.1,1.2,97.0,74.0,14.4,38.15,Extreme Caution,8,3,2020,68,10,Dry,La Nina,0,9.45,0
2020-03-09 08:00:00,28.7,33.25,25.1,2.2,96.0,76.0,19.4,37.87,Extreme Caution,9,3,2020,69,11,Dry,La Nina,0,9.169999999999998,0
2020-03-10 08:00:00,28.4,32.8,25.5,0.7,94.0,76.0,15.5,36.27,Extreme Caution,10,3,2020,70,11,Dry,La Nina,0,7.8700000000000045,0
2020-03-11 08:00:00,28.5,33.1,25.3,0.3,81.0,69.0,21.3,33.57,Extreme Caution,11,3,2020,71,11,Dry,La Nina,0,5.07,0
2020-03-12 08:00:00,28.5,33.0,24.0,0.0,92.0,65.0,29.8,36.09,Extreme Caution,12,3,2020,72,11,Dry,La Nina,0,7.590000000000003,0
2020-03-13 08:00:00,28.5,33.2,23.9,0.2,87.0,66.0,14.7,34.83,Extreme Caution,13,3,2020,73,11,Dry,La Nina,0,6.329999999999998,0
2020-03-14 08:00:00,28.4,33.5,24.0,0.1,89.0,66.0,18.1,35.01,Extreme Caution,14,3,2020,74,11,Dry,La Nina,0,6.609999999999999,0
2020-03-15 08:00:00,27.6,30.8,24.5,1.9,89.0,71.0,11.7,32.6,Caution,15,3,2020,75,11,Dry,La Nina,0,5.0,0
2020-03-16 08:00:00,27.7,32.0,24.1,1.6,88.0,69.0,18.4,32.68,Caution,16,3,2020,76,12,Dry,La Nina,0,4.98,0
2020-03-17 08:00:00,27.7,31.8,24.7,0.6,82.0,66.0,19.4,31.64,Caution,17,3,2020,77,12,Dry,La Nina,0,3.9400000000000013,0
2020-03-18 08:00:00,27.7,32.8,23.5,0.2,92.0,66.0,21.7,33.52,Extreme Caution,18,3,2020,78,12,Dry,La Nina,0,5.820000000000004,0
2020-03-19 08:00:00,28.3,32.9,24.5,0.0,88.0,66.0,24.0,34.46,Extreme Caution,19,3,2020,79,12,Dry,La Nina,0,6.16,0
2020-03-20 08:00:00,28.2,32.6,24.0,1.3,91.0,68.0,18.9,34.86,Extreme Caution,20,3,2020,80,12,Dry,La Nina,0,6.66,0
2020-03-21 08:00:00,28.8,33.7,25.0,0.2,87.0,66.0,18.5,35.77,Extreme Caution,21,3,2020,81,12,Dry,La Nina,0,6.970000000000002,0
2020-03-22 08:00:00,29.0,33.8,24.6,0.6,89.0,67.0,18.5,36.95,Extreme Caution,22,3,2020,82,12,Dry,La Nina,0,7.950000000000003,0
2020-03-23 08:00:00,28.7,34.5,23.0,0.0,92.0,61.0,20.4,36.76,Extreme Caution,23,3,2020,83,13,Dry,La Nina,0,8.059999999999999,0
2020-03-24 08:00:00,28.6,33.2,24.8,0.4,81.0,64.0,20.0,33.84,Extreme Caution,24,3,2020,84,13,Dry,La Nina,0,5.240000000000002,0
2020-03-25 08:00:00,28.4,33.7,23.2,0.0,91.0,61.0,25.9,35.51,Extreme Caution,25,3,2020,85,13,Dry,La Nina,0,7.109999999999999,0
2020-03-26 08:00:00,28.7,34.5,24.2,0.0,92.0,63.0,24.9,36.76,Extreme Caution,26,3,2020,86,13,Dry,La Nina,0,8.059999999999999,0
2020-03-27 08:00:00,28.9,34.1,25.1,0.7,89.0,66.0,24.2,36.62,Extreme Caution,27,3,2020,87,13,Dry,La Nina,0,7.719999999999999,0
2020-03-28 08:00:00,29.6,34.5,25.2,0.0,86.0,62.0,20.4,38.09,Extreme Caution,28,3,2020,88,13,Dry,La Nina,0,8.490000000000002,0
2020-03-29 08:00:00,29.4,34.5,25.5,0.4,84.0,63.0,25.7,36.88,Extreme Caution,29,3,2020,89,13,Dry,La Nina,0,7.480000000000004,0
2020-03-30 08:00:00,29.1,33.8,25.0,2.4,83.0,65.0,18.3,35.71,Extreme Caution,30,3,2020,90,14,Dry,La Nina,0,6.609999999999999,0
2020-03-31 08:00:00,29.4,35.2,24.6,0.0,92.0,63.0,19.1,39.22,Extreme Caution,31,3,2020,91,14,Dry,La Nina,0,9.82,0
2020-04-01 08:00:00,29.7,34.8,26.0,0.6,83.0,65.0,19.5,37.57,Extreme Caution,1,4,2020,92,14,Dry,La Nina,0,7.870000000000001,0
2020-04-02 08:00:00,28.6,33.9,23.5,0.9,96.0,66.0,25.5,37.5,Extreme Caution,2,4,2020,93,14,Dry,La Nina,0,8.899999999999999,0
2020-04-03 08:00:00,29.2,35.3,24.2,0.0,89.0,61.0,20.3,37.62,Extreme Caution,3,4,2020,94,14,Dry,La Nina,0,8.419999999999998,0
2020-04-04 08:00:00,29.1,34.4,25.0,0.0,83.0,62.0,19.3,35.71,Extreme Caution,4,4,2020,95,14,Dry,La Nina,0,6.609999999999999,0
2020-04-05 08:00:00,28.7,34.4,23.6,0.0,95.0,62.0,24.0,37.59,Extreme Caution,5,4,2020,96,14,Dry,La Nina,0,8.890000000000004,0
2020-04-06 08:00:00,29.2,34.2,25.4,0.4,89.0,63.0,24.6,37.62,Extreme Caution,6,4,2020,97,15,Dry,La Nina,0,8.419999999999998,0
2020-04-07 08:00:00,29.3,33.5,26.0,1.3,86.0,67.0,18.8,37.1,Extreme Caution,7,4,2020,98,15,Dry,La Nina,0,7.800000000000001,0
2020-04-08 08:00:00,29.2,33.4,26.2,1.7,83.0,67.0,10.6,36.01,Extreme Caution,8,4,2020,99,15,Dry,La Nina,0,6.809999999999999,0
2020-04-09 08:00:00,28.5,31.7,25.5,2.2,96.0,74.0,12.1,37.15,Extreme Caution,9,4,2020,100,15,Dry,La Nina,0,8.649999999999999,0
2020-04-10 08:00:00,29.1,33.6,25.5,0.3,91.0,67.0,16.6,37.86,Extreme Caution,10,4,2020,101,15,Dry,La Nina,0,8.759999999999998,0
2020-04-11 08:00:00,29.4,33.2,26.2,1.5,88.0,67.0,17.9,38.01,Extreme Caution,11,4,2020,102,15,Dry,La Nina,0,8.61,0
2020-04-12 08:00:00,28.5,31.9,25.5,2.4,90.0,75.0,15.6,35.58,Extreme Caution,12,4,2020,103,15,Dry,La Nina,0,7.079999999999998,0
2020-04-13 08:00:00,28.0,32.4,25.6,9.3,88.0,77.0,11.6,33.55,Extreme Caution,13,4,2020,104,16,Dry,La Nina,0,5.549999999999997,0
2020-04-14 08:00:00,27.6,31.5,25.2,1.1,86.0,71.0,21.4,31.99,Caution,14,4,2020,105,16,Dry,La Nina,0,4.389999999999997,0
2020-04-15 08:00:00,28.4,32.2,24.9,3.1,95.0,74.0,13.3,36.53,Extreme Caution,15,4,2020,106,16,Dry,La Nina,0,8.130000000000003,0
2020-04-16 08:00:00,28.3,32.8,25.6,4.0,90.0,77.0,12.0,34.94,Extreme Caution,16,4,2020,107,16,Dry,La Nina,0,6.639999999999997,0
2020-04-17 08:00:00,29.2,33.7,26.1,1.3,86.0,70.0,14.7,36.78,Extreme Caution,17,4,2020,108,16,Dry,La Nina,0,7.580000000000002,0
2020-04-18 08:00:00,29.3,34.2,26.5,1.1,84.0,72.0,12.2,36.57,Extreme Caution,18,4,2020,109,16,Dry,La Nina,0,7.27,0
2020-04-19 08:00:00,30.1,35.0,25.9,0.0,88.0,65.0,23.6,40.47,Extreme Caution,19,4,2020,110,16,Dry,La Nina,0,10.369999999999997,0
2020-04-20 08:00:00,29.9,34.7,26.2,2.2,87.0,67.0,15.6,39.43,Extreme Caution,20,4,2020,111,17,Dry,La Nina,0,9.530000000000001,0
2020-04-21 08:00:00,30.6,35.8,26.8,0.0,83.0,61.0,25.9,40.56,Extreme Caution,21,4,2020,112,17,Dry,La Nina,0,9.96,0
2020-04-22 08:00:00,30.5,35.0,26.3,0.0,91.0,68.0,19.8,43.03,Danger,22,4,2020,113,17,Dry,La Nina,0,12.530000000000001,1
2020-04-23 08:00:00,30.4,35.2,26.6,0.1,83.0,65.0,18.2,39.87,Extreme Caution,23,4,2020,114,17,Dry,La Nina,0,9.469999999999999,0
2020-04-24 08:00:00,30.6,36.1,26.5,0.0,86.0,62.0,22.5,41.6,Extreme Caution,24,4,2020,115,17,Dry,La Nina,0,11.0,0
2020-04-25 08:00:00,30.3,35.5,26.8,0.4,85.0,65.0,17.6,40.18,Extreme Caution,25,4,2020,116,17,Dry,La Nina,0,9.879999999999999,0
2020-04-26 08:00:00,30.2,35.6,26.4,0.1,88.0,66.0,14.3,40.83,Extreme Caution,26,4,2020,117,17,Dry,La Nina,0,10.629999999999999,0
2020-04-27 08:00:00,29.7,34.6,25.2,1.9,89.0,66.0,18.8,39.36,Extreme Caution,27,4,2020,118,18,Dry,La Nina,0,9.66,0
2020-04-28 08:00:00,30.0,36.2,25.5,0.0,86.0,61.0,23.2,39.46,Extreme Caution,28,4,2020,119,18,Dry,La Nina,0,9.46,0
2020-04-29 08:00:00,30.0,34.4,26.6,0.0,82.0,64.0,14.9,38.24,Extreme Caution,29,4,2020,120,18,Dry,La Nina,0,8.240000000000002,0
2020-04-30 08:00:00,29.9,35.2,26.0,0.0,87.0,64.0,21.4,39.43,Extreme Caution,30,4,2020,121,18,Dry,La Nina,0,9.530000000000001,0
2020-05-01 08:00:00,30.3,35.2,26.1,0.4,84.0,63.0,18.0,39.86,Extreme Caution,1,5,2020,122,18,Dry,La Nina,0,9.559999999999999,0
2020-05-02 08:00:00,30.8,35.5,27.4,0.3,83.0,61.0,18.8,41.25,Extreme Caution,2,5,2020,123,18,Dry,La Nina,0,10.45,0
2020-05-03 08:00:00,30.0,33.5,27.6,1.4,86.0,71.0,15.9,39.46,Extreme Caution,3,5,2020,124,18,Dry,La Nina,0,9.46,0
2020-05-04 08:00:00,31.6,36.3,28.1,0.9,80.0,65.0,20.8,42.94,Danger,4,5,2020,125,19,Dry,La Nina,0,11.339999999999996,1
2020-05-05 08:00:00,31.6,37.0,27.7,0.2,84.0,64.0,25.2,44.57,Danger,5,5,2020,126,19,Dry,La Nina,0,12.969999999999999,1
2020-05-06 08:00:00,30.7,35.4,26.9,5.0,91.0,72.0,19.7,43.84,Danger,6,5,2020,127,19,Dry,La Nina,0,13.140000000000004,1
2020-05-07 08:00:00,30.9,34.1,28.0,0.4,82.0,70.0,17.3,41.25,Extreme Caution,7,5,2020,128,19,Dry,La Nina,0,10.350000000000001,0
2020-05-08 08:00:00,31.6,35.8,27.7,0.1,85.0,64.0,16.8,45.0,Danger,8,5,2020,129,19,Dry,La Nina,0,13.399999999999999,1
2020-05-09 08:00:00,30.7,35.8,27.5,1.3,88.0,69.0,18.7,42.7,Danger,9,5,2020,130,19,Dry,La Nina,0,12.000000000000004,1
2020-05-10 08:00:00,29.9,35.1,26.8,2.7,91.0,74.0,7.7,40.74,Extreme Caution,10,5,2020,131,19,Dry,La Nina,0,10.840000000000003,0
2020-05-11 08:00:00,30.9,35.5,27.0,1.0,87.0,66.0,13.8,43.1,Danger,11,5,2020,132,20,Dry,La Nina,0,12.200000000000003,1
2020-05-12 08:00:00,30.5,35.5,26.5,2.6,94.0,71.0,16.3,44.17,Danger,12,5,2020,133,20,Dry,La Nina,0,13.670000000000002,1
2020-05-13 08:00:00,30.0,34.3,26.7,4.8,94.0,73.0,12.2,42.16,Danger,13,5,2020,134,20,Dry,La Nina,0,12.159999999999997,1
2020-05-14 08:00:00,29.8,34.3,27.0,12.2,92.0,75.0,12.8,40.7,Extreme Caution,14,5,2020,135,20,Dry,La Nina,0,10.900000000000002,0
2020-05-15 08:00:00,26.6,28.1,25.9,137.2,93.0,89.0,71.2,29.85,Caution,15,5,2020,136,20,Dry,La Nina,0,3.25,0
2020-05-16 08:00:00,28.1,30.6,26.8,8.4,91.0,84.0,14.8,34.54,Extreme Caution,16,5,2020,137,20,Dry,La Nina,0,6.439999999999998,0
2020-05-17 08:00:00,28.7,32.5,26.2,6.0,96.0,83.0,12.8,37.87,Extreme Caution,17,5,2020,138,20,Dry,La Nina,0,9.169999999999998,0
2020-05-18 08:00:00,29.2,32.1,27.0,4.8,97.0,83.0,12.3,40.04,Extreme Caution,18,5,2020,139,21,Dry,La Nina,0,10.84,0
2020-05-19 08:00:00,28.7,31.6,26.8,10.4,97.0,85.0,11.3,38.15,Extreme Caution,19,5,2020,140,21,Dry,La Nina,0,9.45,0
2020-05-20 08:00:00,29.4,32.8,27.2,8.1,92.0,81.0,10.6,39.22,Extreme Caution,20,5,2020,141,21,Dry,La Nina,0,9.82,0
2020-05-21 08:00:00,29.3,33.0,27.2,2.6,94.0,82.0,13.5,39.48,Extreme Caution,21,5,2020,142,21,Dry,La Nina,0,10.179999999999996,0
2020-05-22 08:00:00,29.4,31.9,27.0,6.9,93.0,81.0,14.8,39.54,Extreme Caution,22,5,2020,143,21,Dry,La Nina,0,10.14,0
2020-05-23 08:00:00,28.1,30.8,25.7,14.9,95.0,86.0,20.9,35.5,Extreme Caution,23,5,2020,144,21,Dry,La Nina,0,7.399999999999999,0
2020-05-24 08:00:00,28.9,32.5,26.1,2.0,94.0,80.0,16.6,38.02,Extreme Caution,24,5,2020,145,21,Dry,La Nina,0,9.120000000000005,0
2020-05-25 08:00:00,29.5,32.0,27.4,0.0,98.0,82.0,9.0,41.55,Extreme Caution,25,5,2020,146,22,Dry,La Nina,0,12.049999999999997,0
2020-05-26 08:00:00,29.6,32.2,27.4,3.5,91.0,78.0,6.1,39.64,Extreme Caution,26,5,2020,147,22,Dry,La Nina,0,10.04,0
2020-05-27 08:00:00,28.9,32.6,26.8,10.2,93.0,82.0,11.5,37.73,Extreme Caution,27,5,2020,148,22,Dry,La Nina,0,8.829999999999998,0
2020-05-28 08:00:00,28.0,32.2,25.4,4.7,96.0,84.0,14.7,35.4,Extreme Caution,28,5,2020,149,22,Dry,La Nina,0,7.399999999999999,0
2020-05-29 08:00:00,28.7,32.5,25.8,3.3,97.0,82.0,13.0,38.15,Extreme Caution,29,5,2020,150,22,Dry,La Nina,0,9.45,0
2020-05-30 08:00:00,28.9,32.3,26.5,2.3,93.0,80.0,11.8,37.73,Extreme Caution,30,5,2020,151,22,Dry,La Nina,0,8.829999999999998,0
2020-05-31 08:00:00,29.4,33.5,25.6,0.0,89.0,70.0,17.0,38.31,Extreme Caution,31,5,2020,152,22,Dry,La Nina,0,8.910000000000004,0
2020-06-01 08:00:00,29.3,32.5,26.5,0.5,95.0,78.0,9.4,39.79,Extreme Caution,1,6,2020,153,23,Wet,La Nina,0,10.489999999999998,0
2020-06-02 08:00:00,29.5,33.0,26.6,0.9,98.0,77.0,15.5,41.55,Extreme Caution,2,6,2020,154,23,Wet,La Nina,0,12.049999999999997,0
2020-06-03 08:00:00,30.1,32.9,27.5,2.2,88.0,73.0,11.3,40.47,Extreme Caution,3,6,2020,155,23,Wet,La Nina,0,10.369999999999997,0
2020-06-04 08:00:00,29.8,33.0,26.9,3.1,91.0,77.0,10.5,40.37,Extreme Caution,4,6,2020,156,23,Wet,La Nina,0,10.569999999999997,0
2020-06-05 08:00:00,30.5,33.8,27.1,1.1,92.0,72.0,8.7,43.41,Danger,5,6,2020,157,23,Wet,La Nina,0,12.909999999999997,1
2020-06-06 08:00:00,30.8,35.0,27.4,0.0,89.0,67.0,13.1,43.47,Danger,6,6,2020,158,23,Wet,La Nina,0,12.669999999999998,1
2020-06-07 08:00:00,29.2,33.8,25.8,4.9,97.0,76.0,14.7,40.04,Extreme Caution,7,6,2020,159,23,Wet,La Nina,0,10.84,0
2020-06-08 08:00:00,29.7,33.3,26.6,0.8,92.0,73.0,17.1,40.33,Extreme Caution,8,6,2020,160,24,Wet,La Nina,0,10.629999999999999,0
2020-06-09 08:00:00,29.8,34.0,25.8,2.0,95.0,74.0,18.8,41.72,Extreme Caution,9,6,2020,161,24,Wet,La Nina,0,11.919999999999998,0
2020-06-10 08:00:00,28.5,32.5,26.1,16.9,91.0,80.0,10.4,35.83,Extreme Caution,10,6,2020,162,24,Wet,La Nina,0,7.329999999999998,0
2020-06-11 08:00:00,26.9,29.6,25.1,45.9,97.0,88.0,18.9,32.04,Caution,11,6,2020,163,24,Wet,La Nina,0,5.140000000000001,0
2020-06-12 08:00:00,26.3,27.5,25.9,20.4,93.0,90.0,18.0,28.99,Caution,12,6,2020,164,24,Wet,La Nina,0,2.6899999999999977,0
2020-06-13 08:00:00,27.8,30.8,25.3,9.5,96.0,86.0,16.3,34.73,Extreme Caution,13,6,2020,165,24,Wet,La Nina,0,6.929999999999996,0
2020-06-14 08:00:00,28.4,31.8,25.9,1.8,92.0,80.0,18.4,35.76,Extreme Caution,14,6,2020,166,24,Wet,La Nina,0,7.359999999999999,0
2020-06-15 08:00:00,27.8,30.2,26.2,6.6,95.0,86.0,8.6,34.5,Extreme Caution,15,6,2020,167,25,Wet,La Nina,0,6.699999999999999,0
2020-06-16 08:00:00,28.8,31.7,25.7,2.0,95.0,80.0,9.5,37.95,Extreme Caution,16,6,2020,168,25,Wet,La Nina,0,9.150000000000002,0
2020-06-17 08:00:00,28.700000000000003,32.2,26.0,0.9,94.0,80.0,10.2,37.31,Extreme Caution,17,6,2020,169,25,Wet,La Nina,0,8.61,0
2020-06-18 08:00:00,28.6,32.2,25.9,7.2,94.0,82.0,11.4,36.96,Extreme Caution,18,6,2020,170,25,Wet,La Nina,0,8.36,0
2020-06-19 08:00:00,27.0,29.6,25.1,11.5,94.0,87.0,7.4,31.8,Caution,19,6,2020,171,25,Wet,La Nina,0,4.800000000000001,0
2020-06-20 08:00:00,27.9,30.5,26.1,3.6,97.0,85.0,12.3,35.3,Extreme Caution,20,6,2020,172,25,Wet,La Nina,0,7.399999999999999,0
2020-06-21 08:00:00,28.8,31.9,26.4,0.4,98.0,83.0,10.0,38.81,Extreme Caution,21,6,2020,173,25,Wet,La Nina,0,10.010000000000002,0
2020-06-22 08:00:00,29.2,32.5,26.0,3.3,95.0,81.0,11.0,39.42,Extreme Caution,22,6,2020,174,26,Wet,La Nina,0,10.220000000000002,0
2020-06-23 08:00:00,28.9,32.4,26.7,5.5,92.0,83.0,14.7,37.45,Extreme Caution,23,6,2020,175,26,Wet,La Nina,0,8.550000000000004,0
2020-06-24 08:00:00,29.1,32.5,26.5,2.2,93.0,80.0,11.8,38.44,Extreme Caution,24,6,2020,176,26,Wet,La Nina,0,9.339999999999996,0
2020-06-25 08:00:00,28.4,32.4,25.5,5.3,96.0,83.0,15.0,36.79,Extreme Caution,25,6,2020,177,26,Wet,La Nina,0,8.39,0
2020-06-26 08:00:00,28.7,31.9,26.1,0.9,91.0,78.0,19.5,36.5,Extreme Caution,26,6,2020,178,26,Wet,La Nina,0,7.800000000000001,0
2020-06-27 08:00:00,28.2,31.8,25.4,9.2,93.0,80.0,19.6,35.35,Extreme Caution,27,6,2020,179,26,Wet,La Nina,0,7.150000000000002,0
2020-06-28 08:00:00,27.0,28.8,25.9,13.8,94.0,88.0,10.5,31.8,Caution,28,6,2020,180,26,Wet,La Nina,0,4.800000000000001,0
2020-06-29 08:00:00,28.0,30.2,25.6,12.0,94.0,82.0,26.6,34.93,Extreme Caution,29,6,2020,181,27,Wet,La Nina,0,6.93,0
2020-06-30 08:00:00,27.9,30.6,25.6,4.3,97.0,85.0,21.0,35.3,Extreme Caution,30,6,2020,182,27,Wet,La Nina,0,7.399999999999999,0
2020-07-01 08:00:00,28.8,31.6,25.6,0.0,95.0,77.0,15.6,37.95,Extreme Caution,1,7,2020,183,27,Wet,La Nina,0,9.150000000000002,0
2020-07-02 08:00:00,28.6,31.6,25.4,5.1,96.0,80.0,8.6,37.5,Extreme Caution,2,7,2020,184,27,Wet,La Nina,0,8.899999999999999,0
2020-07-03 08:00:00,28.7,32.7,25.3,7.3,93.0,77.0,15.8,37.03,Extreme Caution,3,7,2020,185,27,Wet,La Nina,0,8.330000000000002,0
2020-07-04 08:00:00,27.5,31.0,25.5,4.9,96.0,83.0,14.9,33.74,Extreme Caution,4,7,2020,186,27,Wet,La Nina,0,6.240000000000002,0
2020-07-05 08:00:00,27.7,30.0,25.2,16.9,94.0,83.0,9.5,33.96,Extreme Caution,5,7,2020,187,27,Wet,La Nina,0,6.260000000000002,0
2020-07-06 08:00:00,28.2,31.6,25.8,4.7,96.0,83.0,12.8,36.09,Extreme Caution,6,7,2020,188,28,Wet,La Nina,0,7.890000000000004,0
2020-07-07 08:00:00,29.4,33.0,25.9,0.9,99.0,76.0,13.0,41.48,Extreme Caution,7,7,2020,189,28,Wet,La Nina,0,12.079999999999998,0
2020-07-08 08:00:00,29.0,32.6,26.1,3.7,96.0,81.0,11.8,38.97,Extreme Caution,8,7,2020,190,28,Wet,La Nina,0,9.969999999999999,0
2020-07-09 08:00:00,28.7,32.8,25.8,13.3,97.0,82.0,12.2,38.15,Extreme Caution,9,7,2020,191,28,Wet,La Nina,0,9.45,0
2020-07-10 08:00:00,28.0,32.6,24.9,23.5,93.0,82.0,11.0,34.69,Extreme Caution,10,7,2020,192,28,Wet,La Nina,0,6.689999999999998,0
2020-07-11 08:00:00,27.4,31.5,25.2,10.8,96.0,84.0,9.7,33.42,Extreme Caution,11,7,2020,193,28,Wet,La Nina,0,6.020000000000003,0
2020-07-12 08:00:00,28.4,31.0,26.1,6.8,93.0,82.0,10.5,36.01,Extreme Caution,12,7,2020,194,28,Wet,La Nina,0,7.609999999999999,0
2020-07-13 08:00:00,26.9,27.7,25.8,18.0,98.0,90.0,12.1,32.22,Caution,13,7,2020,195,29,Wet,La Nina,0,5.32,0
2020-07-14 08:00:00,28.9,31.3,26.0,1.0,98.0,80.0,10.3,39.19,Extreme Caution,14,7,2020,196,29,Wet,La Nina,0,10.29,0
2020-07-15 08:00:00,28.6,32.1,25.5,3.3,96.0,83.0,9.7,37.5,Extreme Caution,15,7,2020,197,29,Wet,La Nina,0,8.899999999999999,0
2020-07-16 08:00:00,29.3,32.0,26.8,0.9,90.0,74.0,18.7,38.26,Extreme Caution,16,7,2020,198,29,Wet,La Nina,0,8.959999999999997,0
2020-07-17 08:00:00,28.9,32.5,25.3,5.3,96.0,80.0,15.3,38.6,Extreme Caution,17,7,2020,199,29,Wet,La Nina,0,9.700000000000003,0
2020-07-18 08:00:00,29.0,33.3,25.5,0.0,94.0,75.0,18.8,38.38,Extreme Caution,18,7,2020,200,29,Wet,La Nina,0,9.380000000000003,0
2020-07-19 08:00:00,28.8,31.9,26.2,1.5,86.0,75.0,16.6,35.51,Extreme Caution,19,7,2020,201,29,Wet,La Nina,0,6.709999999999997,0
2020-07-20 08:00:00,27.7,30.6,25.1,3.4,96.0,83.0,17.9,34.4,Extreme Caution,20,7,2020,202,30,Wet,La Nina,0,6.699999999999999,0
2020-07-21 08:00:00,28.1,31.4,25.5,13.6,97.0,83.0,12.5,35.99,Extreme Caution,21,7,2020,203,30,Wet,La Nina,0,7.890000000000001,0
2020-07-22 08:00:00,28.9,32.0,26.4,0.8,93.0,79.0,11.2,37.73,Extreme Caution,22,7,2020,204,30,Wet,La Nina,0,8.829999999999998,0
2020-07-23 08:00:00,28.9,33.0,25.5,2.6,97.0,79.0,12.4,38.9,Extreme Caution,23,7,2020,205,30,Wet,La Nina,0,10.0,0
2020-07-24 08:00:00,28.2,31.6,25.9,8.4,94.0,82.0,12.5,35.59,Extreme Caution,24,7,2020,206,30,Wet,La Nina,0,7.390000000000004,0
2020-07-25 08:00:00,28.0,31.6,25.7,6.2,96.0,83.0,13.3,35.4,Extreme Caution,25,7,2020,207,30,Wet,La Nina,0,7.399999999999999,0
2020-07-26 08:00:00,28.1,32.0,25.3,13.2,95.0,82.0,8.7,35.5,Extreme Caution,26,7,2020,208,30,Wet,La Nina,0,7.399999999999999,0
2020-07-27 08:00:00,27.6,31.8,24.9,17.1,96.0,84.0,7.8,34.07,Extreme Caution,27,7,2020,209,31,Wet,La Nina,0,6.469999999999999,0
2020-07-28 08:00:00,27.0,29.5,25.1,6.8,99.0,88.0,11.1,32.72,Caution,28,7,2020,210,31,Wet,La Nina,0,5.719999999999999,0
2020-07-29 08:00:00,26.4,28.1,25.0,88.2,96.0,89.0,13.2,29.47,Caution,29,7,2020,211,31,Wet,La Nina,0,3.0700000000000003,0
2020-07-30 08:00:00,26.6,28.2,25.9,34.9,95.0,90.0,10.9,30.02,Caution,30,7,2020,212,31,Wet,La Nina,0,3.419999999999998,0
2020-07-31 08:00:00,27.2,29.0,26.1,9.1,96.0,89.0,11.0,32.79,Caution,31,7,2020,213,31,Wet,La Nina,0,5.59,0
2020-08-01 08:00:00,27.0,29.6,25.9,9.9,96.0,89.0,11.8,32.17,Caution,1,8,2020,214,31,Wet,La Nina,0,5.170000000000002,0
2020-08-02 08:00:00,26.3,27.3,24.1,4.3,97.0,89.0,8.0,29.22,Caution,2,8,2020,215,31,Wet,La Nina,0,2.919999999999998,0
2020-08-03 08:00:00,28.2,31.2,25.6,0.7,98.0,81.0,12.0,36.6,Extreme Caution,3,8,2020,216,32,Wet,La Nina,0,8.400000000000002,0
2020-08-04 08:00:00,28.3,31.6,25.5,1.9,96.0,82.0,11.4,36.44,Extreme Caution,4,8,2020,217,32,Wet,La Nina,0,8.139999999999997,0
2020-08-05 08:00:00,28.0,31.7,25.5,2.2,94.0,82.0,19.1,34.93,Extreme Caution,5,8,2020,218,32,Wet,La Nina,0,6.93,0
2020-08-06 08:00:00,27.6,30.5,25.4,7.4,96.0,85.0,13.0,34.07,Extreme Caution,6,8,2020,219,32,Wet,La Nina,0,6.469999999999999,0
2020-08-07 08:00:00,26.9,29.4,25.6,21.8,94.0,89.0,14.8,31.51,Caution,7,8,2020,220,32,Wet,La Nina,0,4.610000000000003,0
2020-08-08 08:00:00,26.6,27.6,26.0,26.0,94.0,90.0,15.2,29.93,Caution,8,8,2020,221,32,Wet,La Nina,0,3.3299999999999983,0
2020-08-09 08:00:00,26.8,28.7,25.9,11.7,92.0,88.0,19.8,30.88,Caution,9,8,2020,222,32,Wet,La Nina,0,4.079999999999998,0
2020-08-10 08:00:00,27.7,30.4,25.1,2.8,97.0,85.0,14.5,34.62,Extreme Caution,10,8,2020,223,33,Wet,La Nina,0,6.919999999999998,0
2020-08-11 08:00:00,27.8,31.2,25.6,0.1,96.0,87.0,16.1,34.73,Extreme Caution,11,8,2020,224,33,Wet,La Nina,0,6.929999999999996,0
2020-08-12 08:00:00,27.6,30.0,25.2,1.5,98.0,86.0,7.8,34.51,Extreme Caution,12,8,2020,225,33,Wet,La Nina,0,6.909999999999997,0
2020-08-13 08:00:00,27.1,30.3,25.0,12.6,96.0,87.0,7.9,32.48,Caution,13,8,2020,226,33,Wet,La Nina,0,5.3799999999999955,0
2020-08-14 08:00:00,26.4,28.8,24.6,14.7,95.0,87.0,9.0,29.41,Caution,14,8,2020,227,33,Wet,La Nina,0,3.0100000000000016,0
2020-08-15 08:00:00,27.0,29.3,25.3,11.5,97.0,88.0,10.0,32.35,Caution,15,8,2020,228,33,Wet,La Nina,0,5.350000000000001,0
2020-08-16 08:00:00,27.2,29.5,25.5,7.0,96.0,87.0,6.4,32.79,Caution,16,8,2020,229,33,Wet,La Nina,0,5.59,0
2020-08-17 08:00:00,27.4,29.6,25.5,4.5,96.0,86.0,12.9,33.42,Extreme Caution,17,8,2020,230,34,Wet,La Nina,0,6.020000000000003,0
2020-08-18 08:00:00,26.9,30.0,24.9,19.2,98.0,88.0,11.2,32.22,Caution,18,8,2020,231,34,Wet,La Nina,0,5.32,0
2020-08-19 08:00:00,26.5,29.0,24.8,80.5,96.0,89.0,14.0,29.78,Caution,19,8,2020,232,34,Wet,La Nina,0,3.280000000000001,0
2020-08-20 08:00:00,26.4,27.5,25.8,14.9,92.0,89.0,9.2,29.21,Caution,20,8,2020,233,34,Wet,La Nina,0,2.8100000000000023,0
2020-08-21 08:00:00,27.2,29.1,25.3,2.2,98.0,88.0,20.4,33.18,Extreme Caution,21,8,2020,234,34,Wet,La Nina,0,5.98,0
2020-08-22 08:00:00,27.8,30.0,25.8,8.2,96.0,87.0,14.2,34.73,Extreme Caution,22,8,2020,235,34,Wet,La Nina,0,6.929999999999996,0
2020-08-23 08:00:00,28.4,30.4,26.1,0.8,95.0,84.0,14.7,36.53,Extreme Caution,23,8,2020,236,34,Wet,La Nina,0,8.130000000000003,0
2020-08-24 08:00:00,28.5,30.6,26.4,1.5,94.0,82.0,21.1,36.61,Extreme Caution,24,8,2020,237,35,Wet,La Nina,0,8.11,0
2020-08-25 08:00:00,28.8,31.0,27.3,0.2,90.0,82.0,22.0,36.56,Extreme Caution,25,8,2020,238,35,Wet,La Nina,0,7.760000000000002,0
2020-08-26 08:00:00,28.4,30.6,25.2,2.7,100.0,82.0,25.7,37.86,Extreme Caution,26,8,2020,239,35,Wet,La Nina,0,9.46,0
2020-08-27 08:00:00,28.6,30.8,26.5,0.7,92.0,80.0,19.7,36.43,Extreme Caution,27,8,2020,240,35,Wet,La Nina,0,7.829999999999998,0
2020-08-28 08:00:00,28.8,30.5,27.8,0.8,87.0,81.0,19.3,35.77,Extreme Caution,28,8,2020,241,35,Wet,La Nina,0,6.970000000000002,0
2020-08-29 08:00:00,28.4,29.6,26.8,3.2,89.0,82.0,16.1,35.01,Extreme Caution,29,8,2020,242,35,Wet,La Nina,0,6.609999999999999,0
2020-08-30 08:00:00,27.1,28.6,25.8,16.2,93.0,89.0,18.1,31.92,Caution,30,8,2020,243,35,Wet,La Nina,0,4.82,0
2020-08-31 08:00:00,27.2,29.5,25.5,13.7,94.0,86.0,20.7,32.4,Caution,31,8,2020,244,36,Wet,La Nina,0,5.199999999999999,0
2020-09-01 08:00:00,27.6,29.8,25.7,2.9,96.0,85.0,22.4,34.07,Extreme Caution,1,9,2020,245,36,Wet,La Nina,0,6.469999999999999,0
2020-09-02 08:00:00,28.0,30.0,25.8,0.3,97.0,86.0,18.4,35.64,Extreme Caution,2,9,2020,246,36,Wet,La Nina,0,7.640000000000001,0
2020-09-03 08:00:00,28.5,31.5,26.1,2.4,95.0,83.0,12.3,36.88,Extreme Caution,3,9,2020,247,36,Wet,La Nina,0,8.380000000000003,0
2020-09-04 08:00:00,28.5,31.5,26.0,2.7,98.0,84.0,10.4,37.69,Extreme Caution,4,9,2020,248,36,Wet,La Nina,0,9.189999999999998,0
2020-09-05 08:00:00,28.6,31.1,26.4,5.2,94.0,84.0,12.6,36.96,Extreme Caution,5,9,2020,249,36,Wet,La Nina,0,8.36,0
2020-09-06 08:00:00,28.0,30.2,26.2,5.9,94.0,86.0,13.0,34.93,Extreme Caution,6,9,2020,250,36,Wet,La Nina,0,6.93,0
2020-09-07 08:00:00,27.5,31.1,25.2,6.1,97.0,87.0,10.8,33.95,Extreme Caution,7,9,2020,251,37,Wet,La Nina,0,6.450000000000003,0
2020-09-08 08:00:00,28.1,31.6,25.2,2.1,98.0,85.0,11.7,36.24,Extreme Caution,8,9,2020,252,37,Wet,La Nina,0,8.14,0
2020-09-09 08:00:00,28.1,30.9,25.5,2.4,98.0,86.0,9.7,36.24,Extreme Caution,9,9,2020,253,37,Wet,La Nina,0,8.14,0
2020-09-10 08:00:00,27.8,31.0,25.2,4.0,95.0,85.0,9.2,34.5,Extreme Caution,10,9,2020,254,37,Wet,La Nina,0,6.699999999999999,0
2020-09-11 08:00:00,27.9,31.2,25.2,9.5,95.0,85.0,10.0,34.83,Extreme Caution,11,9,2020,255,37,Wet,La Nina,0,6.93,0
2020-09-12 08:00:00,27.3,29.1,25.2,2.4,97.0,88.0,11.8,33.3,Extreme Caution,12,9,2020,256,37,Wet,La Nina,0,5.9999999999999964,0
2020-09-13 08:00:00,28.7,31.2,26.4,0.8,97.0,83.0,12.2,38.15,Extreme Caution,13,9,2020,257,37,Wet,La Nina,0,9.45,0
2020-09-14 08:00:00,27.9,30.9,26.1,7.5,95.0,86.0,8.4,34.83,Extreme Caution,14,9,2020,258,38,Wet,La Nina,0,6.93,0
2020-09-15 08:00:00,27.0,28.6,26.0,11.0,91.0,88.0,15.2,31.27,Caution,15,9,2020,259,38,Wet,La Nina,0,4.27,0
2020-09-16 08:00:00,26.9,29.5,25.7,18.2,95.0,88.0,20.6,31.69,Caution,16,9,2020,260,38,Wet,La Nina,0,4.790000000000003,0
2020-09-17 08:00:00,26.3,27.0,24.8,7.5,96.0,92.0,20.1,29.16,Caution,17,9,2020,261,38,Wet,La Nina,0,2.8599999999999994,0
2020-09-18 08:00:00,26.9,29.2,25.0,3.1,95.0,87.0,14.0,31.69,Caution,18,9,2020,262,38,Wet,La Nina,0,4.790000000000003,0
2020-09-19 08:00:00,27.4,29.6,25.2,0.0,97.0,87.0,8.7,33.63,Extreme Caution,19,9,2020,263,38,Wet,La Nina,0,6.230000000000004,0
2020-09-20 08:00:00,28.2,30.5,25.5,2.4,95.0,85.0,9.0,35.84,Extreme Caution,20,9,2020,264,38,Wet,La Nina,0,7.640000000000004,0
2020-09-21 08:00:00,28.3,30.7,25.8,1.3,96.0,85.0,10.5,36.44,Extreme Caution,21,9,2020,265,39,Wet,La Nina,0,8.139999999999997,0
2020-09-22 08:00:00,28.0,30.6,25.4,2.1,96.0,82.0,11.8,35.4,Extreme Caution,22,9,2020,266,39,Wet,La Nina,0,7.399999999999999,0
2020-09-23 08:00:00,26.9,30.2,24.8,29.6,97.0,87.0,12.4,32.04,Caution,23,9,2020,267,39,Wet,La Nina,0,5.140000000000001,0
2020-09-24 08:00:00,27.2,30.0,25.5,17.2,96.0,87.0,14.8,32.79,Caution,24,9,2020,268,39,Wet,La Nina,0,5.59,0
2020-09-25 08:00:00,26.8,30.0,25.2,18.9,94.0,89.0,8.9,31.22,Caution,25,9,2020,269,39,Wet,La Nina,0,4.419999999999998,0
2020-09-26 08:00:00,27.6,30.8,25.1,3.6,99.0,87.0,12.9,34.73,Extreme Caution,26,9,2020,270,39,Wet,La Nina,0,7.1299999999999955,0
2020-09-27 08:00:00,28.5,31.6,25.6,1.2,100.0,84.0,11.7,38.24,Extreme Caution,27,9,2020,271,39,Wet,La Nina,0,9.740000000000002,0
2020-09-28 08:00:00,27.8,30.9,25.4,7.3,95.0,84.0,13.8,34.5,Extreme Caution,28,9,2020,272,40,Wet,La Nina,0,6.699999999999999,0
2020-09-29 08:00:00,27.3,30.2,25.7,6.8,94.0,85.0,16.8,32.71,Caution,29,9,2020,273,40,Wet,La Nina,0,5.41,0
2020-09-30 08:00:00,28.1,30.2,26.1,3.8,95.0,84.0,11.6,35.5,Extreme Caution,30,9,2020,274,40,Wet,La Nina,0,7.399999999999999,0
2020-10-01 08:00:00,27.8,31.0,25.6,13.5,95.0,85.0,11.5,34.5,Extreme Caution,1,10,2020,275,40,Wet,La Nina,0,6.699999999999999,0
2020-10-02 08:00:00,27.4,30.1,24.8,14.3,95.0,85.0,8.6,33.22,Extreme Caution,2,10,2020,276,40,Wet,La Nina,0,5.82,0
2020-10-03 08:00:00,27.2,30.0,25.0,5.6,97.0,86.0,11.5,32.98,Caution,3,10,2020,277,40,Wet,La Nina,0,5.779999999999998,0
2020-10-04 08:00:00,28.0,31.3,25.5,4.9,95.0,84.0,11.8,35.16,Extreme Caution,4,10,2020,278,40,Wet,La Nina,0,7.159999999999997,0
2020-10-05 08:00:00,28.0,30.9,26.2,1.4,95.0,85.0,7.0,35.16,Extreme Caution,5,10,2020,279,41,Wet,La Nina,0,7.159999999999997,0
2020-10-06 08:00:00,27.7,30.1,25.8,17.0,97.0,87.0,9.3,34.62,Extreme Caution,6,10,2020,280,41,Wet,La Nina,0,6.919999999999998,0
2020-10-07 08:00:00,27.1,30.1,25.8,9.2,95.0,89.0,10.7,32.29,Caution,7,10,2020,281,41,Wet,La Nina,0,5.189999999999998,0
2020-10-08 08:00:00,27.4,30.4,25.5,6.5,95.0,86.0,9.9,33.22,Extreme Caution,8,10,2020,282,41,Wet,La Nina,0,5.82,0
2020-10-09 08:00:00,26.4,27.3,25.0,15.9,96.0,90.0,11.9,29.47,Caution,9,10,2020,283,41,Wet,La Nina,0,3.0700000000000003,0
2020-10-10 08:00:00,26.7,29.2,25.5,25.6,94.0,89.0,18.1,30.93,Caution,10,10,2020,284,41,Wet,La Nina,0,4.23,0
2020-10-11 08:00:00,26.0,27.4,25.0,30.0,96.0,92.0,18.5,28.26,Caution,11,10,2020,285,41,Wet,La Nina,0,2.2600000000000016,0
2020-10-12 08:00:00,26.7,28.4,25.4,6.5,95.0,90.0,12.2,31.1,Caution,12,10,2020,286,42,Wet,La Nina,0,4.400000000000002,0
2020-10-13 08:00:00,26.7,30.1,24.6,3.8,98.0,89.0,10.5,31.6,Caution,13,10,2020,287,42,Wet,La Nina,0,4.900000000000002,0
2020-10-14 08:00:00,25.4,26.3,24.5,46.2,96.0,92.0,24.0,26.5,Normal,14,10,2020,288,42,Wet,La Nina,0,1.1000000000000014,0
2020-10-15 08:00:00,27.2,30.3,25.1,0.5,93.0,82.0,20.8,32.21,Caution,15,10,2020,289,42,Wet,La Nina,0,5.010000000000002,0
2020-10-16 08:00:00,27.6,30.8,25.0,2.5,97.0,84.0,16.8,34.29,Extreme Caution,16,10,2020,290,42,Wet,La Nina,0,6.689999999999998,0
2020-10-17 08:00:00,26.5,28.9,24.9,10.9,96.0,89.0,7.7,29.78,Caution,17,10,2020,291,42,Wet,La Nina,0,3.280000000000001,0
2020-10-18 08:00:00,26.1,27.5,24.6,2.6,99.0,92.0,9.4,28.7,Caution,18,10,2020,292,42,Wet,La Nina,0,2.599999999999998,0
2020-10-19 08:00:00,28.0,31.8,25.4,1.4,93.0,81.0,11.3,34.69,Extreme Caution,19,10,2020,293,43,Wet,La Nina,0,6.689999999999998,0
2020-10-20 08:00:00,26.3,27.0,25.9,108.3,94.0,91.0,30.6,29.05,Caution,20,10,2020,294,43,Wet,La Nina,0,2.75,0
2020-10-21 08:00:00,27.0,28.6,25.6,8.8,93.0,87.0,22.7,31.62,Caution,21,10,2020,295,43,Wet,La Nina,0,4.620000000000001,0
2020-10-22 08:00:00,27.4,30.2,25.2,10.8,95.0,87.0,20.2,33.22,Extreme Caution,22,10,2020,296,43,Wet,La Nina,0,5.82,0
2020-10-23 08:00:00,26.8,29.0,25.4,15.1,98.0,90.0,18.0,31.91,Caution,23,10,2020,297,43,Wet,La Nina,0,5.109999999999999,0
2020-10-24 08:00:00,26.4,29.4,24.5,19.5,98.0,91.0,17.1,29.61,Caution,24,10,2020,298,43,Wet,La Nina,0,3.210000000000001,0
2020-10-25 08:00:00,26.6,28.9,25.0,20.2,93.0,87.0,31.6,29.85,Caution,25,10,2020,299,43,Wet,La Nina,0,3.25,0
2020-10-26 08:00:00,26.3,28.5,25.4,19.2,92.0,86.0,35.5,28.93,Caution,26,10,2020,300,44,Wet,La Nina,0,2.629999999999999,0
2020-10-27 08:00:00,26.3,28.8,24.5,5.2,95.0,89.0,17.9,29.11,Caution,27,10,2020,301,44,Wet,La Nina,0,2.8099999999999987,0
2020-10-28 08:00:00,26.7,30.3,23.6,4.3,99.0,88.0,12.5,31.76,Caution,28,10,2020,302,44,Wet,La Nina,0,5.060000000000002,0
2020-10-29 08:00:00,26.9,29.1,24.8,0.6,97.0,87.0,11.9,32.04,Caution,29,10,2020,303,44,Wet,La Nina,0,5.140000000000001,0
2020-10-30 08:00:00,27.8,31.6,25.5,0.9,98.0,82.0,10.3,35.19,Extreme Caution,30,10,2020,304,44,Wet,La Nina,0,7.389999999999997,0
2020-10-31 08:00:00,27.5,31.3,24.5,1.2,92.0,77.0,17.6,32.91,Caution,31,10,2020,305,44,Wet,La Nina,0,5.409999999999997,0
2020-11-01 08:00:00,24.8,26.0,23.8,31.9,93.0,86.0,37.5,25.76,Normal,1,11,2020,306,44,Wet,La Nina,0,0.9600000000000009,0
2020-11-02 08:00:00,26.9,29.8,24.1,0.4,97.0,84.0,14.3,32.04,Caution,2,11,2020,307,45,Wet,La Nina,0,5.140000000000001,0
2020-11-03 08:00:00,27.1,30.1,25.2,12.9,96.0,87.0,8.9,32.48,Caution,3,11,2020,308,45,Wet,La Nina,0,5.3799999999999955,0
2020-11-04 08:00:00,26.1,28.3,24.8,17.0,97.0,91.0,11.2,28.61,Caution,4,11,2020,309,45,Wet,La Nina,0,2.509999999999998,0
2020-11-05 08:00:00,26.6,29.2,24.1,3.9,97.0,87.0,8.2,30.18,Caution,5,11,2020,310,45,Wet,La Nina,0,3.5799999999999983,0
2020-11-06 08:00:00,27.4,30.5,24.7,1.9,96.0,84.0,7.3,33.42,Extreme Caution,6,11,2020,311,45,Wet,La Nina,0,6.020000000000003,0
2020-11-07 08:00:00,26.5,30.0,24.3,13.9,94.0,85.0,24.4,29.64,Caution,7,11,2020,312,45,Wet,La Nina,0,3.1400000000000006,0
2020-11-08 08:00:00,27.0,30.3,25.0,4.6,94.0,85.0,22.1,31.8,Caution,8,11,2020,313,45,Wet,La Nina,0,4.800000000000001,0
2020-11-09 08:00:00,26.3,28.5,24.4,7.4,99.0,91.0,8.8,29.35,Caution,9,11,2020,314,46,Wet,La Nina,0,3.0500000000000007,0
2020-11-10 08:00:00,26.4,28.1,24.4,3.5,96.0,90.0,9.8,29.47,Caution,10,11,2020,315,46,Wet,La Nina,0,3.0700000000000003,0
2020-11-11 08:00:00,26.9,28.2,25.8,165.8,92.0,86.0,62.6,31.16,Caution,11,11,2020,316,46,Wet,La Nina,0,4.260000000000002,0
2020-11-12 08:00:00,26.3,27.0,25.6,56.6,92.0,88.0,36.4,28.93,Caution,12,11,2020,317,46,Wet,La Nina,0,2.629999999999999,0
2020-11-13 08:00:00,27.5,30.7,24.8,1.9,94.0,83.0,22.2,33.32,Extreme Caution,13,11,2020,318,46,Wet,La Nina,0,5.82,0
2020-11-14 08:00:00,27.3,30.8,24.3,0.8,99.0,85.0,13.5,33.71,Extreme Caution,14,11,2020,319,46,Wet,La Nina,0,6.41,0
2020-11-15 08:00:00,27.4,31.4,24.4,1.0,99.0,85.0,11.9,34.04,Extreme Caution,15,11,2020,320,46,Wet,La Nina,0,6.640000000000001,0
2020-11-16 08:00:00,27.2,30.0,24.4,1.2,98.0,84.0,9.9,33.18,Extreme Caution,16,11,2020,321,47,Wet,La Nina,0,5.98,0
2020-11-17 08:00:00,27.2,30.4,24.1,1.0,98.0,84.0,10.2,33.18,Extreme Caution,17,11,2020,322,47,Wet,La Nina,0,5.98,0
2020-11-18 08:00:00,27.3,30.6,24.5,0.3,98.0,83.0,11.5,33.5,Extreme Caution,18,11,2020,323,47,Wet,La Nina,0,6.199999999999999,0
2020-11-19 08:00:00,26.9,30.2,23.9,1.2,98.0,86.0,8.4,32.22,Caution,19,11,2020,324,47,Wet,La Nina,0,5.32,0
2020-11-20 08:00:00,27.2,30.2,24.0,0.9,99.0,86.0,8.0,33.38,Extreme Caution,20,11,2020,325,47,Wet,La Nina,0,6.180000000000003,0
2020-11-21 08:00:00,27.0,31.2,23.7,0.5,97.0,79.0,14.2,32.35,Caution,21,11,2020,326,47,Wet,La Nina,0,5.350000000000001,0
2020-11-22 08:00:00,26.7,30.9,23.6,0.3,92.0,74.0,15.3,30.6,Caution,22,11,2020,327,47,Wet,La Nina,0,3.900000000000002,0
2020-11-23 08:00:00,26.6,30.4,23.8,0.0,92.0,75.0,24.6,29.78,Caution,23,11,2020,328,48,Wet,La Nina,0,3.1799999999999997,0
2020-11-24 08:00:00,26.3,31.0,23.1,0.0,94.0,77.0,17.4,29.05,Caution,24,11,2020,329,48,Wet,La Nina,0,2.75,0
2020-11-25 08:00:00,26.3,30.8,23.1,0.0,99.0,77.0,19.7,29.35,Caution,25,11,2020,330,48,Wet,La Nina,0,3.0500000000000007,0
2020-11-26 08:00:00,27.1,30.8,24.5,2.2,96.0,78.0,18.7,32.48,Caution,26,11,2020,331,48,Wet,La Nina,0,5.3799999999999955,0
2020-11-27 08:00:00,26.4,28.1,24.5,1.3,100.0,91.0,10.9,29.74,Caution,27,11,2020,332,48,Wet,La Nina,0,3.34,0
2020-11-28 08:00:00,26.7,29.2,24.4,3.2,100.0,89.0,5.2,31.93,Caution,28,11,2020,333,48,Wet,La Nina,0,5.23,0
2020-11-29 08:00:00,25.9,28.0,24.3,16.0,99.0,91.0,14.8,28.06,Caution,29,11,2020,334,48,Wet,La Nina,0,2.16,0
2020-11-30 08:00:00,26.0,29.8,22.2,0.8,88.0,74.0,21.4,27.96,Caution,30,11,2020,335,49,Wet,La Nina,0,1.9600000000000009,0
2020-12-01 08:00:00,26.7,30.8,24.0,0.0,85.0,72.0,20.1,29.48,Caution,1,12,2020,336,49,Cool Dry,La Nina,0,2.780000000000001,0
2020-12-02 08:00:00,26.8,29.2,24.8,0.6,97.0,84.0,13.2,31.73,Caution,2,12,2020,337,49,Cool Dry,La Nina,0,4.93,0
2020-12-03 08:00:00,26.9,29.1,24.9,6.4,96.0,87.0,10.4,31.86,Caution,3,12,2020,338,49,Cool Dry,La Nina,0,4.960000000000001,0
2020-12-04 08:00:00,26.3,28.7,24.9,3.1,97.0,87.0,10.8,29.22,Caution,4,12,2020,339,49,Cool Dry,La Nina,0,2.919999999999998,0
2020-12-05 08:00:00,26.5,28.9,24.8,2.5,98.0,89.0,11.1,29.93,Caution,5,12,2020,340,49,Cool Dry,La Nina,0,3.4299999999999997,0
2020-12-06 08:00:00,27.1,29.5,24.6,2.0,99.0,88.0,8.2,33.05,Extreme Caution,6,12,2020,341,49,Cool Dry,La Nina,0,5.949999999999996,0
2020-12-07 08:00:00,26.0,27.4,24.8,7.9,96.0,91.0,9.7,28.26,Caution,7,12,2020,342,50,Cool Dry,La Nina,0,2.2600000000000016,0
2020-12-08 08:00:00,27.0,30.6,24.0,0.4,99.0,85.0,17.3,32.72,Caution,8,12,2020,343,50,Cool Dry,La Nina,0,5.719999999999999,0
2020-12-09 08:00:00,26.6,29.6,24.7,11.5,96.0,88.0,11.1,30.1,Caution,9,12,2020,344,50,Cool Dry,La Nina,0,3.5,0
2020-12-10 08:00:00,25.6,27.8,23.7,6.7,99.0,92.0,10.9,27.13,Caution,10,12,2020,345,50,Cool Dry,La Nina,0,1.5299999999999976,0
2020-12-11 08:00:00,27.3,30.5,24.8,0.4,96.0,85.0,9.2,33.1,Extreme Caution,11,12,2020,346,50,Cool Dry,La Nina,0,5.800000000000001,0
2020-12-12 08:00:00,27.0,29.6,25.1,3.0,98.0,87.0,12.5,32.53,Caution,12,12,2020,347,50,Cool Dry,La Nina,0,5.530000000000001,0
2020-12-13 08:00:00,26.6,28.6,24.1,1.3,98.0,89.0,11.2,30.26,Caution,13,12,2020,348,50,Cool Dry,La Nina,0,3.66,0
2020-12-14 08:00:00,26.9,29.7,24.4,1.3,96.0,86.0,12.0,31.86,Caution,14,12,2020,349,51,Cool Dry,La Nina,0,4.960000000000001,0
2020-12-15 08:00:00,26.6,30.1,23.9,1.8,98.0,85.0,10.9,30.26,Caution,15,12,2020,350,51,Cool Dry,La Nina,0,3.66,0
2020-12-16 08:00:00,26.5,30.5,23.2,0.8,96.0,80.0,14.8,29.78,Caution,16,12,2020,351,51,Cool Dry,La Nina,0,3.280000000000001,0
2020-12-17 08:00:00,26.2,29.0,24.0,2.0,99.0,86.0,12.6,29.02,Caution,17,12,2020,352,51,Cool Dry,La Nina,0,2.8200000000000003,0
2020-12-18 08:00:00,26.4,30.4,24.2,15.7,95.0,84.0,22.4,29.41,Caution,18,12,2020,353,51,Cool Dry,La Nina,0,3.0100000000000016,0
2020-12-19 08:00:00,24.7,25.4,24.1,56.7,97.0,95.0,13.0,25.76,Normal,19,12,2020,354,51,Cool Dry,La Nina,0,1.0600000000000023,0
2020-12-20 08:00:00,26.1,29.4,24.1,6.1,94.0,87.0,11.9,28.47,Caution,20,12,2020,355,51,Cool Dry,La Nina,0,2.3699999999999974,0
2020-12-21 08:00:00,26.1,29.0,23.4,0.6,99.0,88.0,7.1,28.7,Caution,21,12,2020,356,52,Cool Dry,La Nina,0,2.599999999999998,0
2020-12-22 08:00:00,26.6,29.0,23.9,0.3,99.0,85.0,16.1,30.34,Caution,22,12,2020,357,52,Cool Dry,La Nina,0,3.7399999999999984,0
2020-12-23 08:00:00,26.9,30.4,23.8,0.1,99.0,83.0,19.4,32.4,Caution,23,12,2020,358,52,Cool Dry,La Nina,0,5.5,0
2020-12-24 08:00:00,26.5,29.5,23.0,0.0,100.0,87.0,4.9,30.08,Caution,24,12,2020,359,52,Cool Dry,La Nina,0,3.5799999999999983,0
2020-12-25 08:00:00,26.9,30.5,24.5,1.2,97.0,83.0,12.0,32.04,Caution,25,12,2020,360,52,Cool Dry,La Nina,0,5.140000000000001,0
2020-12-26 08:00:00,26.6,29.6,24.5,13.4,97.0,87.0,14.9,30.18,Caution,26,12,2020,361,52,Cool Dry,La Nina,0,3.5799999999999983,0
2020-12-27 08:00:00,24.2,25.3,23.5,56.6,98.0,94.0,21.7,25.23,Normal,27,12,2020,362,52,Cool Dry,La Nina,0,1.0300000000000011,0
2020-12-28 08:00:00,26.6,28.9,24.8,0.0,95.0,85.0,11.3,30.02,Caution,28,12,2020,363,53,Cool Dry,La Nina,0,3.419999999999998,0
2020-12-29 08:00:00,27.2,29.9,24.7,0.4,96.0,86.0,8.9,32.79,Caution,29,12,2020,364,53,Cool Dry,La Nina,0,5.59,0
2020-12-30 08:00:00,26.6,29.4,23.1,12.8,97.0,84.0,21.5,30.18,Caution,30,12,2020,365,53,Cool Dry,La Nina,0,3.5799999999999983,0
2020-12-31 08:00:00,24.7,28.0,22.2,1.7,88.0,76.0,26.0,25.52,Normal,31,12,2020,366,53,Cool Dry,La Nina,0,0.8200000000000003,0
2021-01-01 08:00:00,25.0,27.8,23.6,0.5,89.0,78.0,20.0,25.88,Normal,1,1,2021,1,53,Cool Dry,La Nina,0,0.879999999999999,0
2021-01-02 08:00:00,25.7,28.9,23.5,5.0,96.0,79.0,19.2,27.39,Caution,2,1,2021,2,53,Cool Dry,La Nina,0,1.6900000000000013,0
2021-01-03 08:00:00,24.7,26.1,23.2,31.8,99.0,92.0,16.0,25.81,Normal,3,1,2021,3,53,Cool Dry,La Nina,0,1.1099999999999994,0
2021-01-04 08:00:00,26.4,30.5,23.5,1.4,99.0,85.0,17.0,29.67,Caution,4,1,2021,4,1,Cool Dry,La Nina,0,3.270000000000003,0
2021-01-05 08:00:00,25.8,29.0,22.4,0.7,99.0,88.0,6.9,27.75,Caution,5,1,2021,5,1,Cool Dry,La Nina,0,1.9499999999999993,0
2021-01-06 08:00:00,25.9,30.5,22.8,0.4,98.0,83.0,12.9,28.03,Caution,6,1,2021,6,1,Cool Dry,La Nina,0,2.1300000000000026,0
2021-01-07 08:00:00,26.0,29.8,23.8,1.9,97.0,83.0,10.5,28.3,Caution,7,1,2021,7,1,Cool Dry,La Nina,0,2.3000000000000007,0
2021-01-08 08:00:00,26.0,29.2,23.8,0.6,90.0,78.0,17.8,28.04,Caution,8,1,2021,8,1,Cool Dry,La Nina,0,2.039999999999999,0
2021-01-09 08:00:00,24.6,26.6,22.6,0.0,94.0,78.0,16.2,25.57,Normal,9,1,2021,9,1,Cool Dry,La Nina,0,0.9699999999999989,0
2021-01-10 08:00:00,24.8,28.0,22.0,0.0,89.0,73.0,13.7,25.66,Normal,10,1,2021,10,1,Cool Dry,La Nina,0,0.8599999999999994,0
2021-01-11 08:00:00,24.9,28.2,23.1,1.5,85.0,73.0,14.7,25.67,Normal,11,1,2021,11,2,Cool Dry,La Nina,0,0.7700000000000031,0
2021-01-12 08:00:00,24.1,27.0,21.6,0.0,91.0,74.0,9.8,24.94,Normal,12,1,2021,12,2,Cool Dry,La Nina,0,0.8399999999999999,0
2021-01-13 08:00:00,24.6,26.8,23.1,1.1,93.0,82.0,11.2,25.54,Normal,13,1,2021,13,2,Cool Dry,La Nina,0,0.9399999999999977,0
2021-01-14 08:00:00,25.3,27.3,23.5,0.1,99.0,84.0,11.5,26.47,Normal,14,1,2021,14,2,Cool Dry,La Nina,0,1.1699999999999982,0
2021-01-15 08:00:00,26.2,29.8,23.3,0.1,97.0,79.0,15.5,28.91,Caution,15,1,2021,15,2,Cool Dry,La Nina,0,2.710000000000001,0
2021-01-16 08:00:00,26.2,29.5,23.4,0.2,92.0,76.0,13.8,28.65,Caution,16,1,2021,16,2,Cool Dry,La Nina,0,2.4499999999999993,0
2021-01-17 08:00:00,25.7,29.0,23.2,7.7,92.0,77.0,17.7,27.33,Caution,17,1,2021,17,2,Cool Dry,La Nina,0,1.629999999999999,0
2021-01-18 08:00:00,25.5,28.5,23.3,1.1,87.0,77.0,22.7,26.38,Normal,18,1,2021,18,3,Cool Dry,La Nina,0,0.879999999999999,0
2021-01-19 08:00:00,24.8,26.5,23.7,3.9,94.0,85.0,20.5,25.79,Normal,19,1,2021,19,3,Cool Dry,La Nina,0,0.9899999999999984,0
2021-01-20 08:00:00,24.5,25.4,24.0,67.3,97.0,93.0,14.5,25.54,Normal,20,1,2021,20,3,Cool Dry,La Nina,0,1.0399999999999991,0
2021-01-21 08:00:00,25.6,27.5,24.1,11.9,97.0,92.0,10.7,27.12,Caution,21,1,2021,21,3,Cool Dry,La Nina,0,1.5199999999999996,0
2021-01-22 08:00:00,26.1,28.5,24.5,1.1,97.0,88.0,15.3,28.61,Caution,22,1,2021,22,3,Cool Dry,La Nina,0,2.509999999999998,0
2021-01-23 08:00:00,26.3,28.9,24.2,1.0,98.0,88.0,8.7,29.28,Caution,23,1,2021,23,3,Cool Dry,La Nina,0,2.9800000000000004,0
2021-01-24 08:00:00,26.3,28.9,24.1,2.8,96.0,88.0,13.2,29.16,Caution,24,1,2021,24,3,Cool Dry,La Nina,0,2.8599999999999994,0
2021-01-25 08:00:00,26.2,28.8,23.7,1.0,100.0,88.0,7.1,29.07,Caution,25,1,2021,25,4,Cool Dry,La Nina,0,2.870000000000001,0
2021-01-26 08:00:00,26.0,28.0,24.0,0.9,96.0,85.0,10.4,28.26,Caution,26,1,2021,26,4,Cool Dry,La Nina,0,2.2600000000000016,0
2021-01-27 08:00:00,25.8,28.8,23.7,2.7,97.0,87.0,8.9,27.7,Caution,27,1,2021,27,4,Cool Dry,La Nina,0,1.8999999999999986,0
2021-01-28 08:00:00,24.9,27.7,22.0,3.6,94.0,85.0,10.5,25.9,Normal,28,1,2021,28,4,Cool Dry,La Nina,0,1.0,0
2021-01-29 08:00:00,24.3,27.9,21.5,0.1,93.0,76.0,19.4,25.21,Normal,29,1,2021,29,4,Cool Dry,La Nina,0,0.9100000000000001,0
2021-01-30 08:00:00,23.3,27.5,20.1,0.0,92.0,75.0,16.7,24.09,Normal,30,1,2021,30,4,Cool Dry,La Nina,0,0.7899999999999991,0
2021-01-31 08:00:00,23.6,27.7,20.8,0.0,95.0,80.0,19.2,24.5,Normal,31,1,2021,31,4,Cool Dry,La Nina,0,0.8999999999999986,0
2021-02-01 08:00:00,24.1,28.7,21.1,0.4,97.0,81.0,13.7,25.1,Normal,1,2,2021,32,5,Cool Dry,La Nina,0,1.0,0
2021-02-02 08:00:00,24.4,27.2,21.5,0.9,96.0,85.0,10.9,25.4,Normal,2,2,2021,33,5,Cool Dry,La Nina,0,1.0,0
2021-02-03 08:00:00,25.5,29.4,22.7,0.4,98.0,81.0,13.0,26.66,Normal,3,2,2021,34,5,Cool Dry,La Nina,0,1.1600000000000001,0
2021-02-04 08:00:00,25.6,29.8,23.0,0.0,93.0,76.0,16.6,26.64,Normal,4,2,2021,35,5,Cool Dry,La Nina,0,1.0399999999999991,0
2021-02-05 08:00:00,25.8,29.0,23.5,3.7,96.0,80.0,17.6,27.68,Caution,5,2,2021,36,5,Cool Dry,La Nina,0,1.879999999999999,0
2021-02-06 08:00:00,25.4,28.4,22.4,5.3,98.0,87.0,8.8,26.55,Normal,6,2,2021,37,5,Cool Dry,La Nina,0,1.1500000000000021,0
2021-02-07 08:00:00,26.4,31.1,23.1,0.1,96.0,79.0,7.7,29.47,Caution,7,2,2021,38,5,Cool Dry,La Nina,0,3.0700000000000003,0
2021-02-08 08:00:00,26.3,29.9,24.0,0.9,94.0,79.0,16.6,29.05,Caution,8,2,2021,39,6,Cool Dry,La Nina,0,2.75,0
2021-02-09 08:00:00,25.1,27.6,23.2,6.9,95.0,85.0,14.6,26.15,Normal,9,2,2021,40,6,Cool Dry,La Nina,0,1.0499999999999972,0
2021-02-10 08:00:00,25.8,29.5,23.5,3.7,98.0,84.0,14.7,27.73,Caution,10,2,2021,41,6,Cool Dry,La Nina,0,1.9299999999999997,0
2021-02-11 08:00:00,26.1,28.4,23.8,1.0,93.0,84.0,13.7,28.43,Caution,11,2,2021,42,6,Cool Dry,La Nina,0,2.3299999999999983,0
2021-02-12 08:00:00,25.9,29.6,22.9,10.3,93.0,85.0,15.3,27.88,Caution,12,2,2021,43,6,Cool Dry,La Nina,0,1.9800000000000004,0
2021-02-13 08:00:00,25.1,27.1,23.5,6.2,95.0,89.0,13.3,26.15,Normal,13,2,2021,44,6,Cool Dry,La Nina,0,1.0499999999999972,0
2021-02-14 08:00:00,25.5,28.0,23.5,3.6,96.0,86.0,11.1,26.61,Normal,14,2,2021,45,6,Cool Dry,La Nina,0,1.1099999999999994,0
2021-02-15 08:00:00,25.2,27.5,23.6,2.0,89.0,83.0,14.6,26.1,Normal,15,2,2021,46,7,Cool Dry,La Nina,0,0.9000000000000021,0
2021-02-16 08:00:00,24.8,28.2,21.5,1.3,99.0,81.0,13.0,25.92,Normal,16,2,2021,47,7,Cool Dry,La Nina,0,1.120000000000001,0
2021-02-17 08:00:00,24.8,27.6,22.6,0.6,95.0,82.0,13.2,25.82,Normal,17,2,2021,48,7,Cool Dry,La Nina,0,1.0199999999999996,0
2021-02-18 08:00:00,24.25,28.6,21.9,0.4,81.0,72.0,18.1,24.85,Normal,18,2,2021,49,7,Cool Dry,La Nina,0,0.6000000000000014,0
2021-02-19 08:00:00,23.7,27.5,20.2,0.1,84.0,71.0,15.3,24.32,Normal,19,2,2021,50,7,Cool Dry,La Nina,0,0.620000000000001,0
2021-02-20 08:00:00,23.0,26.8,20.3,0.0,90.0,73.0,18.2,23.71,Normal,20,2,2021,51,7,Cool Dry,La Nina,0,0.7100000000000009,0
2021-02-21 08:00:00,24.4,28.2,22.1,1.7,89.0,79.0,14.6,25.22,Normal,21,2,2021,52,7,Cool Dry,La Nina,0,0.8200000000000003,0
2021-02-22 08:00:00,25.2,28.5,23.2,46.6,97.0,86.0,17.6,26.31,Normal,22,2,2021,53,8,Cool Dry,La Nina,0,1.1099999999999994,0
2021-02-23 08:00:00,25.6,28.6,24.0,6.4,99.0,91.0,9.1,27.13,Caution,23,2,2021,54,8,Cool Dry,La Nina,0,1.5299999999999976,0
2021-02-24 08:00:00,26.7,30.2,24.1,1.9,96.0,82.0,15.0,31.26,Caution,24,2,2021,55,8,Cool Dry,La Nina,0,4.560000000000002,0
2021-02-25 08:00:00,26.5,30.6,22.0,0.0,94.0,78.0,12.8,29.64,Caution,25,2,2021,56,8,Cool Dry,La Nina,0,3.1400000000000006,0
2021-02-26 08:00:00,26.4,29.4,23.8,0.0,96.0,83.0,12.1,29.47,Caution,26,2,2021,57,8,Cool Dry,La Nina,0,3.0700000000000003,0
2021-02-27 08:00:00,26.8,29.8,24.0,0.2,98.0,83.0,13.6,31.91,Caution,27,2,2021,58,8,Cool Dry,La Nina,0,5.109999999999999,0
2021-02-28 08:00:00,26.8,29.6,24.2,0.4,96.0,83.0,14.5,31.56,Caution,28,2,2021,59,8,Cool Dry,La Nina,0,4.759999999999998,0
2021-03-01 08:00:00,26.8,30.0,24.2,1.8,99.0,86.0,8.4,32.08,Caution,1,3,2021,60,9,Dry,La Nina,0,5.279999999999998,0
2021-03-02 08:00:00,27.1,30.0,23.9,0.1,97.0,82.0,12.2,32.66,Caution,2,3,2021,61,9,Dry,La Nina,0,5.559999999999995,0
2021-03-03 08:00:00,26.9,30.6,23.5,1.9,95.0,79.0,13.5,31.69,Caution,3,3,2021,62,9,Dry,La Nina,0,4.790000000000003,0
2021-03-04 08:00:00,26.7,30.5,23.0,0.1,98.0,79.0,15.4,31.6,Caution,4,3,2021,63,9,Dry,La Nina,0,4.900000000000002,0
2021-03-05 08:00:00,26.6,31.0,22.7,0.2,94.0,76.0,19.1,29.93,Caution,5,3,2021,64,9,Dry,La Nina,0,3.3299999999999983,0
2021-03-06 08:00:00,26.5,30.9,22.4,0.0,94.0,74.0,12.6,29.64,Caution,6,3,2021,65,9,Dry,La Nina,0,3.1400000000000006,0
2021-03-07 08:00:00,26.5,31.0,23.1,0.1,93.0,75.0,13.5,29.56,Caution,7,3,2021,66,9,Dry,La Nina,0,3.0599999999999987,0
2021-03-08 08:00:00,26.9,31.1,23.5,0.2,94.0,75.0,13.4,31.51,Caution,8,3,2021,67,10,Dry,La Nina,0,4.610000000000003,0
2021-03-09 08:00:00,25.5,29.0,21.6,1.0,98.0,81.0,11.6,26.66,Normal,9,3,2021,68,10,Dry,La Nina,0,1.1600000000000001,0
2021-03-10 08:00:00,26.3,31.1,22.8,0.0,95.0,74.0,19.9,29.11,Caution,10,3,2021,69,10,Dry,La Nina,0,2.8099999999999987,0
2021-03-11 08:00:00,26.6,30.9,23.8,0.0,87.0,72.0,17.2,29.39,Caution,11,3,2021,70,10,Dry,La Nina,0,2.789999999999999,0
2021-03-12 08:00:00,26.7,30.4,24.4,0.7,96.0,78.0,18.4,31.26,Caution,12,3,2021,71,10,Dry,La Nina,0,4.560000000000002,0
2021-03-13 08:00:00,25.7,28.7,24.15,6.4,93.0,82.0,15.3,27.34,Caution,13,3,2021,72,10,Dry,La Nina,0,1.6400000000000006,0
2021-03-14 08:00:00,26.2,28.8,23.9,0.6,93.0,81.0,15.9,28.71,Caution,14,3,2021,73,10,Dry,La Nina,0,2.5100000000000016,0
2021-03-15 08:00:00,26.4,29.5,24.2,6.6,96.0,85.0,11.6,29.47,Caution,15,3,2021,74,11,Dry,La Nina,0,3.0700000000000003,0
2021-03-16 08:00:00,27.0,30.7,24.5,4.3,97.0,85.0,10.3,32.35,Caution,16,3,2021,75,11,Dry,La Nina,0,5.350000000000001,0
2021-03-17 08:00:00,27.5,30.8,24.8,4.7,97.0,84.0,10.4,33.95,Extreme Caution,17,3,2021,76,11,Dry,La Nina,0,6.450000000000003,0
2021-03-18 08:00:00,27.8,31.4,24.3,0.3,99.0,82.0,10.2,35.42,Extreme Caution,18,3,2021,77,11,Dry,La Nina,0,7.620000000000001,0
2021-03-19 08:00:00,27.7,30.2,24.9,0.4,99.0,82.0,14.0,35.07,Extreme Caution,19,3,2021,78,11,Dry,La Nina,0,7.370000000000001,0
2021-03-20 08:00:00,27.7,30.6,25.0,2.1,96.0,81.0,10.0,34.4,Extreme Caution,20,3,2021,79,11,Dry,La Nina,0,6.699999999999999,0
2021-03-21 08:00:00,27.7,30.7,25.1,1.5,97.0,82.0,14.2,34.62,Extreme Caution,21,3,2021,80,11,Dry,La Nina,0,6.919999999999998,0
2021-03-22 08:00:00,27.6,31.2,24.9,1.9,94.0,78.0,14.2,33.64,Extreme Caution,22,3,2021,81,12,Dry,La Nina,0,6.039999999999999,0
2021-03-23 08:00:00,27.4,30.8,24.3,0.8,93.0,74.0,19.4,32.81,Caution,23,3,2021,82,12,Dry,La Nina,0,5.410000000000004,0
2021-03-24 08:00:00,27.4,31.0,23.8,1.3,96.0,76.0,18.8,33.42,Extreme Caution,24,3,2021,83,12,Dry,La Nina,0,6.020000000000003,0
2021-03-25 08:00:00,27.7,32.0,23.5,0.0,96.0,74.0,17.3,34.4,Extreme Caution,25,3,2021,84,12,Dry,La Nina,0,6.699999999999999,0
2021-03-26 08:00:00,28.2,32.2,24.5,0.5,95.0,73.0,15.5,35.84,Extreme Caution,26,3,2021,85,12,Dry,La Nina,0,7.640000000000004,0
2021-03-27 08:00:00,28.3,32.2,24.6,0.5,97.0,74.0,15.9,36.7,Extreme Caution,27,3,2021,86,12,Dry,La Nina,0,8.400000000000002,0
2021-03-28 08:00:00,28.6,31.9,25.2,0.5,93.0,75.0,14.1,36.69,Extreme Caution,28,3,2021,87,12,Dry,La Nina,0,8.089999999999996,0
2021-03-29 08:00:00,28.4,32.8,24.0,0.0,94.0,73.0,17.5,36.27,Extreme Caution,29,3,2021,88,13,Dry,La Nina,0,7.8700000000000045,0
2021-03-30 08:00:00,28.4,32.5,24.1,0.0,96.0,73.0,22.4,36.79,Extreme Caution,30,3,2021,89,13,Dry,La Nina,0,8.39,0
2021-03-31 08:00:00,28.8,32.8,25.2,0.8,93.0,72.0,16.4,37.38,Extreme Caution,31,3,2021,90,13,Dry,La Nina,0,8.580000000000002,0
2021-04-01 08:00:00,28.4,33.8,22.8,0.0,94.0,69.0,22.9,36.27,Extreme Caution,1,4,2021,91,13,Dry,La Nina,0,7.8700000000000045,0
2021-04-02 08:00:00,28.0,33.4,22.6,0.0,93.0,66.0,22.1,34.69,Extreme Caution,2,4,2021,92,13,Dry,La Nina,0,6.689999999999998,0
2021-04-03 08:00:00,28.2,33.7,23.4,0.0,95.0,67.0,21.0,35.84,Extreme Caution,3,4,2021,93,13,Dry,La Nina,0,7.640000000000004,0
2021-04-04 08:00:00,28.4,32.2,25.1,0.7,93.0,73.0,16.4,36.01,Extreme Caution,4,4,2021,94,13,Dry,La Nina,0,7.609999999999999,0
2021-04-05 08:00:00,28.6,33.0,25.6,0.7,84.0,70.0,15.1,34.44,Extreme Caution,5,4,2021,95,14,Dry,La Nina,0,5.839999999999996,0
2021-04-06 08:00:00,28.3,32.3,25.3,1.4,84.0,69.0,16.6,33.57,Extreme Caution,6,4,2021,96,14,Dry,La Nina,0,5.27,0
2021-04-07 08:00:00,27.9,31.8,25.2,5.1,84.0,69.0,17.9,32.46,Caution,7,4,2021,97,14,Dry,La Nina,0,4.560000000000002,0
2021-04-08 08:00:00,28.2,32.0,25.4,0.6,81.0,65.0,13.5,32.77,Caution,8,4,2021,98,14,Dry,La Nina,0,4.570000000000004,0
2021-04-09 08:00:00,28.2,31.8,25.4,1.3,80.0,67.0,16.8,32.6,Caution,9,4,2021,99,14,Dry,La Nina,0,4.400000000000002,0
2021-04-10 08:00:00,28.4,33.0,24.6,0.0,89.0,65.0,16.4,35.01,Extreme Caution,10,4,2021,100,14,Dry,La Nina,0,6.609999999999999,0
2021-04-11 08:00:00,28.2,33.0,24.2,0.5,94.0,67.0,16.3,35.59,Extreme Caution,11,4,2021,101,14,Dry,La Nina,0,7.390000000000004,0
2021-04-12 08:00:00,28.7,33.3,25.4,0.9,89.0,67.0,13.0,35.97,Extreme Caution,12,4,2021,102,15,Dry,La Nina,0,7.27,0
2021-04-13 08:00:00,28.0,31.1,25.4,2.5,94.0,78.0,11.2,34.93,Extreme Caution,13,4,2021,103,15,Dry,La Nina,0,6.93,0
2021-04-14 08:00:00,28.5,31.8,25.5,1.4,94.0,75.0,10.7,36.61,Extreme Caution,14,4,2021,104,15,Dry,La Nina,0,8.11,0
2021-04-15 08:00:00,28.3,31.4,25.0,1.5,96.0,76.0,19.2,36.44,Extreme Caution,15,4,2021,105,15,Dry,La Nina,0,8.139999999999997,0
2021-04-16 08:00:00,28.3,33.5,23.6,0.0,97.0,72.0,19.1,36.7,Extreme Caution,16,4,2021,106,15,Dry,La Nina,0,8.400000000000002,0
2021-04-17 08:00:00,28.7,32.2,25.2,0.1,89.0,68.0,14.4,35.97,Extreme Caution,17,4,2021,107,15,Dry,La Nina,0,7.27,0
2021-04-18 08:00:00,28.9,32.7,25.5,1.1,88.0,68.0,15.4,36.35,Extreme Caution,18,4,2021,108,15,Dry,La Nina,0,7.450000000000003,0
2021-04-19 08:00:00,28.4,32.3,25.1,2.9,96.0,74.0,23.8,36.79,Extreme Caution,19,4,2021,109,16,Dry,La Nina,0,8.39,0
2021-04-20 08:00:00,28.6,31.4,25.6,1.1,97.0,76.0,27.1,37.78,Extreme Caution,20,4,2021,110,16,Dry,La Nina,0,9.18,0
2021-04-21 08:00:00,28.6,31.3,26.3,3.7,93.0,78.0,27.2,36.69,Extreme Caution,21,4,2021,111,16,Dry,La Nina,0,8.089999999999996,0
2021-04-22 08:00:00,28.5,31.8,25.8,1.9,90.0,79.0,19.9,35.58,Extreme Caution,22,4,2021,112,16,Dry,La Nina,0,7.079999999999998,0
2021-04-23 08:00:00,28.6,31.8,25.0,0.0,87.0,71.0,17.4,35.14,Extreme Caution,23,4,2021,113,16,Dry,La Nina,0,6.539999999999999,0
2021-04-24 08:00:00,28.3,31.5,25.5,0.4,92.0,74.0,22.0,35.43,Extreme Caution,24,4,2021,114,16,Dry,La Nina,0,7.129999999999999,0
2021-04-25 08:00:00,28.4,31.9,25.9,0.1,83.0,70.0,16.7,33.67,Extreme Caution,25,4,2021,115,16,Dry,La Nina,0,5.270000000000003,0
2021-04-26 08:00:00,27.2,30.2,25.1,1.5,84.0,74.0,16.1,30.62,Caution,26,4,2021,116,17,Dry,La Nina,0,3.4200000000000017,0
2021-04-27 08:00:00,27.4,30.6,24.7,0.9,85.0,71.0,18.5,31.26,Caution,27,4,2021,117,17,Dry,La Nina,0,3.860000000000003,0
2021-04-28 08:00:00,28.0,31.5,25.5,0.2,82.0,69.0,17.4,32.41,Caution,28,4,2021,118,17,Dry,La Nina,0,4.409999999999997,0
2021-04-29 08:00:00,28.4,31.8,25.2,1.1,91.0,74.0,16.1,35.51,Extreme Caution,29,4,2021,119,17,Dry,La Nina,0,7.109999999999999,0
2021-04-30 08:00:00,29.0,32.7,25.2,0.8,93.0,73.0,12.9,38.09,Extreme Caution,30,4,2021,120,17,Dry,La Nina,0,9.090000000000003,0
2021-05-01 08:00:00,29.0,33.7,25.0,0.0,89.0,71.0,18.1,36.95,Extreme Caution,1,5,2021,121,17,Dry,La Nina,0,7.950000000000003,0
2021-05-02 08:00:00,29.1,34.4,24.5,0.0,93.0,68.0,24.1,38.44,Extreme Caution,2,5,2021,122,17,Dry,La Nina,0,9.339999999999996,0
2021-05-03 08:00:00,29.5,34.0,26.3,0.0,85.0,67.0,22.7,37.47,Extreme Caution,3,5,2021,123,18,Dry,La Nina,0,7.969999999999999,0
2021-05-04 08:00:00,29.8,33.6,26.1,0.7,92.0,69.0,25.5,40.7,Extreme Caution,4,5,2021,124,18,Dry,La Nina,0,10.900000000000002,0
2021-05-05 08:00:00,30.4,36.0,26.4,0.1,93.0,66.0,23.3,43.38,Danger,5,5,2021,125,18,Dry,La Nina,0,12.980000000000004,1
2021-05-06 08:00:00,30.3,35.0,26.6,0.0,89.0,66.0,20.0,41.55,Extreme Caution,6,5,2021,126,18,Dry,La Nina,0,11.249999999999996,0
2021-05-07 08:00:00,29.8,34.5,26.0,2.9,90.0,70.0,18.2,40.04,Extreme Caution,7,5,2021,127,18,Dry,La Nina,0,10.239999999999998,0
2021-05-08 08:00:00,30.2,33.8,27.1,0.1,86.0,69.0,19.2,40.16,Extreme Caution,8,5,2021,128,18,Dry,La Nina,0,9.959999999999997,0
2021-05-09 08:00:00,30.6,35.2,27.3,0.6,84.0,67.0,17.0,40.9,Extreme Caution,9,5,2021,129,18,Dry,La Nina,0,10.299999999999997,0
2021-05-10 08:00:00,30.0,33.8,26.6,0.3,87.0,70.0,20.0,39.78,Extreme Caution,10,5,2021,130,19,Dry,La Nina,0,9.780000000000001,0
2021-05-11 08:00:00,30.0,34.2,27.1,0.8,83.0,70.0,17.9,38.54,Extreme Caution,11,5,2021,131,19,Dry,La Nina,0,8.54,0
2021-05-12 08:00:00,30.5,35.0,27.1,0.5,82.0,65.0,22.2,39.88,Extreme Caution,12,5,2021,132,19,Dry,La Nina,0,9.380000000000003,0
2021-05-13 08:00:00,30.7,35.8,27.0,0.0,80.0,62.0,23.5,39.88,Extreme Caution,13,5,2021,133,19,Dry,La Nina,0,9.180000000000003,0
2021-05-14 08:00:00,30.5,35.5,27.4,0.4,81.0,65.0,23.5,39.56,Extreme Caution,14,5,2021,134,19,Dry,La Nina,0,9.060000000000002,0
2021-05-15 08:00:00,30.4,35.2,27.0,0.2,86.0,67.0,25.4,40.87,Extreme Caution,15,5,2021,135,19,Dry,La Nina,0,10.469999999999999,0
2021-05-16 08:00:00,30.9,36.2,26.7,1.3,85.0,64.0,19.2,42.34,Danger,16,5,2021,136,19,Dry,La Nina,0,11.440000000000005,1
2021-05-17 08:00:00,31.1,36.7,27.2,0.0,83.0,63.0,18.8,42.32,Danger,17,5,2021,137,20,Dry,La Nina,0,11.219999999999999,1
2021-05-18 08:00:00,30.6,35.2,27.4,0.9,80.0,66.0,21.7,39.56,Extreme Caution,18,5,2021,138,20,Dry,La Nina,0,8.96,0
2021-05-19 08:00:00,30.8,35.9,27.2,0.0,82.0,63.0,24.3,40.9,Extreme Caution,19,5,2021,139,20,Dry,La Nina,0,10.099999999999998,0
2021-05-20 08:00:00,30.0,34.8,26.0,6.8,90.0,70.0,23.5,40.77,Extreme Caution,20,5,2021,140,20,Dry,La Nina,0,10.770000000000003,0
2021-05-21 08:00:00,29.6,35.5,25.8,4.1,92.0,74.0,19.2,39.96,Extreme Caution,21,5,2021,141,20,Dry,La Nina,0,10.36,0
2021-05-22 08:00:00,28.6,33.7,25.2,7.6,96.0,80.0,19.4,37.5,Extreme Caution,22,5,2021,142,20,Dry,La Nina,0,8.899999999999999,0
2021-05-23 08:00:00,29.2,34.3,25.9,1.4,93.0,74.0,16.5,38.81,Extreme Caution,23,5,2021,143,20,Dry,La Nina,0,9.610000000000003,0
2021-05-24 08:00:00,29.1,34.0,25.5,3.5,94.0,74.0,15.7,38.74,Extreme Caution,24,5,2021,144,21,Dry,La Nina,0,9.64,0
2021-05-25 08:00:00,30.3,34.8,26.4,1.1,93.0,71.0,20.7,42.99,Danger,25,5,2021,145,21,Dry,La Nina,0,12.690000000000001,1
2021-05-26 08:00:00,29.9,33.9,26.4,3.5,92.0,72.0,13.8,41.08,Extreme Caution,26,5,2021,146,21,Dry,La Nina,0,11.18,0
2021-05-27 08:00:00,30.6,34.4,27.6,0.1,88.0,68.0,10.5,42.32,Danger,27,5,2021,147,21,Dry,La Nina,0,11.719999999999999,1
2021-05-28 08:00:00,30.5,34.4,27.5,4.1,93.0,72.0,12.5,43.79,Danger,28,5,2021,148,21,Dry,La Nina,0,13.29,1
2021-05-29 08:00:00,30.5,35.5,26.8,2.7,89.0,72.0,18.5,42.3,Danger,29,5,2021,149,21,Dry,La Nina,0,11.799999999999997,1
2021-05-30 08:00:00,29.6,33.2,26.5,3.7,94.0,77.0,22.6,40.61,Extreme Caution,30,5,2021,150,21,Dry,La Nina,0,11.009999999999998,0
2021-05-31 08:00:00,30.1,34.8,26.9,7.6,95.0,77.0,21.6,42.92,Danger,31,5,2021,151,22,Dry,La Nina,0,12.82,1
2021-06-01 08:00:00,30.0,34.3,26.8,3.1,93.0,76.0,15.2,41.81,Extreme Caution,1,6,2021,152,22,Wet,La Nina,0,11.810000000000002,0
2021-06-02 08:00:00,27.6,31.2,26.1,76.2,93.0,86.0,38.4,33.43,Extreme Caution,2,6,2021,153,22,Wet,La Nina,0,5.829999999999998,0
2021-06-03 08:00:00,28.0,29.9,27.2,10.5,90.0,85.0,25.2,34.0,Extreme Caution,3,6,2021,154,22,Wet,La Nina,0,6.0,0
2021-06-04 08:00:00,28.3,30.8,26.9,11.4,93.0,85.0,23.8,35.68,Extreme Caution,4,6,2021,155,22,Wet,La Nina,0,7.379999999999999,0
2021-06-05 08:00:00,28.7,31.2,26.6,8.5,93.0,83.0,17.4,37.03,Extreme Caution,5,6,2021,156,22,Wet,La Nina,0,8.330000000000002,0
2021-06-06 08:00:00,28.3,30.8,26.2,7.1,93.0,83.0,14.5,35.68,Extreme Caution,6,6,2021,157,22,Wet,La Nina,0,7.379999999999999,0
2021-06-07 08:00:00,27.4,31.2,25.2,28.9,94.0,86.0,15.0,33.01,Extreme Caution,7,6,2021,158,23,Wet,La Nina,0,5.609999999999999,0
2021-06-08 08:00:00,27.1,30.8,25.3,23.5,95.0,87.0,13.2,32.29,Caution,8,6,2021,159,23,Wet,La Nina,0,5.189999999999998,0
2021-06-09 08:00:00,26.9,29.9,25.7,17.4,94.0,88.0,13.5,31.51,Caution,9,6,2021,160,23,Wet,La Nina,0,4.610000000000003,0
2021-06-10 08:00:00,27.5,31.1,25.7,15.8,95.0,84.0,11.3,33.53,Extreme Caution,10,6,2021,161,23,Wet,La Nina,0,6.030000000000001,0
2021-06-11 08:00:00,27.7,30.2,26.3,10.2,95.0,86.0,13.5,34.18,Extreme Caution,11,6,2021,162,23,Wet,La Nina,0,6.48,0
2021-06-12 08:00:00,28.2,31.1,25.2,6.4,96.0,82.0,16.7,36.09,Extreme Caution,12,6,2021,163,23,Wet,La Nina,0,7.890000000000004,0
2021-06-13 08:00:00,27.3,30.0,25.9,4.4,91.0,82.0,18.4,32.12,Caution,13,6,2021,164,23,Wet,La Nina,0,4.819999999999997,0
2021-06-14 08:00:00,28.1,30.5,25.6,0.3,96.0,81.0,24.5,35.74,Extreme Caution,14,6,2021,165,24,Wet,La Nina,0,7.640000000000001,0
2021-06-15 08:00:00,28.4,30.7,26.0,0.6,97.0,82.0,20.8,37.06,Extreme Caution,15,6,2021,166,24,Wet,La Nina,0,8.660000000000004,0
2021-06-16 08:00:00,29.0,31.3,26.8,0.7,96.0,80.0,16.6,38.97,Extreme Caution,16,6,2021,167,24,Wet,La Nina,0,9.969999999999999,0
2021-06-17 08:00:00,29.4,31.9,26.9,0.2,95.0,78.0,14.7,40.17,Extreme Caution,17,6,2021,168,24,Wet,La Nina,0,10.770000000000003,0
2021-06-18 08:00:00,29.5,31.8,27.4,1.3,87.0,77.0,19.7,38.05,Extreme Caution,18,6,2021,169,24,Wet,La Nina,0,8.549999999999997,0
2021-06-19 08:00:00,28.3,30.7,27.0,8.8,89.0,83.0,22.9,34.7,Extreme Caution,19,6,2021,170,24,Wet,La Nina,0,6.400000000000002,0
2021-06-20 08:00:00,27.5,30.3,25.6,22.7,94.0,86.0,25.3,33.32,Extreme Caution,20,6,2021,171,24,Wet,La Nina,0,5.82,0
2021-06-21 08:00:00,26.7,27.9,25.5,20.5,92.0,88.0,24.7,30.6,Caution,21,6,2021,172,25,Wet,La Nina,0,3.900000000000002,0
2021-06-22 08:00:00,27.2,29.8,25.5,16.4,95.0,85.0,23.5,32.59,Caution,22,6,2021,173,25,Wet,La Nina,0,5.390000000000004,0
2021-06-23 08:00:00,27.3,30.1,25.6,9.5,94.0,85.0,23.3,32.71,Caution,23,6,2021,174,25,Wet,La Nina,0,5.41,0
2021-06-24 08:00:00,27.8,30.1,25.3,5.1,97.0,84.0,15.6,34.96,Extreme Caution,24,6,2021,175,25,Wet,La Nina,0,7.16,0
2021-06-25 08:00:00,27.8,29.5,25.3,8.0,98.0,85.0,11.9,35.19,Extreme Caution,25,6,2021,176,25,Wet,La Nina,0,7.389999999999997,0
2021-06-26 08:00:00,28.8,31.1,26.0,0.3,97.0,81.0,10.8,38.52,Extreme Caution,26,6,2021,177,25,Wet,La Nina,0,9.720000000000002,0
2021-06-27 08:00:00,28.5,31.1,26.2,4.8,96.0,84.0,8.7,37.15,Extreme Caution,27,6,2021,178,25,Wet,La Nina,0,8.649999999999999,0
2021-06-28 08:00:00,27.6,31.6,25.6,29.7,94.0,85.0,16.6,33.64,Extreme Caution,28,6,2021,179,26,Wet,La Nina,0,6.039999999999999,0
2021-06-29 08:00:00,28.9,31.0,26.6,0.7,94.0,80.0,17.1,38.02,Extreme Caution,29,6,2021,180,26,Wet,La Nina,0,9.120000000000005,0
2021-06-30 08:00:00,29.1,31.1,26.6,1.2,93.0,80.0,13.0,38.44,Extreme Caution,30,6,2021,181,26,Wet,La Nina,0,9.339999999999996,0
2021-07-01 08:00:00,28.5,32.0,25.4,6.6,98.0,81.0,10.7,37.69,Extreme Caution,1,7,2021,182,26,Wet,La Nina,0,9.189999999999998,0
2021-07-02 08:00:00,27.9,31.4,25.0,4.5,96.0,84.0,13.3,35.06,Extreme Caution,2,7,2021,183,26,Wet,La Nina,0,7.160000000000004,0
2021-07-03 08:00:00,26.6,29.5,24.9,18.0,96.0,88.0,12.3,30.1,Caution,3,7,2021,184,26,Wet,La Nina,0,3.5,0
2021-07-04 08:00:00,27.7,30.5,25.6,3.3,91.0,82.0,22.9,33.31,Extreme Caution,4,7,2021,185,26,Wet,La Nina,0,5.610000000000003,0
2021-07-05 08:00:00,27.6,30.0,25.9,10.5,95.0,84.0,16.4,33.85,Extreme Caution,5,7,2021,186,27,Wet,La Nina,0,6.25,0
2021-07-06 08:00:00,26.7,29.2,24.5,12.6,96.0,88.0,10.0,31.26,Caution,6,7,2021,187,27,Wet,La Nina,0,4.560000000000002,0
2021-07-07 08:00:00,28.6,32.2,25.5,0.6,96.0,79.0,10.6,37.5,Extreme Caution,7,7,2021,188,27,Wet,La Nina,0,8.899999999999999,0
2021-07-08 08:00:00,28.5,31.4,26.2,1.2,99.0,83.0,10.5,37.97,Extreme Caution,8,7,2021,189,27,Wet,La Nina,0,9.469999999999999,0
2021-07-09 08:00:00,28.7,32.1,25.9,0.8,93.0,78.0,14.0,37.03,Extreme Caution,9,7,2021,190,27,Wet,La Nina,0,8.330000000000002,0
2021-07-10 08:00:00,28.5,31.0,25.7,0.5,95.0,78.0,17.2,36.88,Extreme Caution,10,7,2021,191,27,Wet,La Nina,0,8.380000000000003,0
2021-07-11 08:00:00,28.6,31.8,25.4,2.1,94.0,79.0,11.8,36.96,Extreme Caution,11,7,2021,192,27,Wet,La Nina,0,8.36,0
2021-07-12 08:00:00,28.8,32.5,26.0,1.7,93.0,80.0,12.2,37.38,Extreme Caution,12,7,2021,193,28,Wet,La Nina,0,8.580000000000002,0
2021-07-13 08:00:00,27.7,31.2,25.3,10.5,97.0,85.0,11.5,34.62,Extreme Caution,13,7,2021,194,28,Wet,La Nina,0,6.919999999999998,0
2021-07-14 08:00:00,27.2,30.7,25.1,20.5,97.0,88.0,7.2,32.98,Caution,14,7,2021,195,28,Wet,La Nina,0,5.779999999999998,0
2021-07-15 08:00:00,27.4,30.5,25.2,16.9,95.0,86.0,15.0,33.22,Extreme Caution,15,7,2021,196,28,Wet,La Nina,0,5.82,0
2021-07-16 08:00:00,27.5,30.2,25.6,16.5,95.0,86.0,19.6,33.53,Extreme Caution,16,7,2021,197,28,Wet,La Nina,0,6.030000000000001,0
2021-07-17 08:00:00,27.5,30.1,25.9,16.2,94.0,87.0,15.3,33.32,Extreme Caution,17,7,2021,198,28,Wet,La Nina,0,5.82,0
2021-07-18 08:00:00,27.2,28.8,26.0,13.5,91.0,86.0,21.4,31.83,Caution,18,7,2021,199,28,Wet,La Nina,0,4.629999999999999,0
2021-07-19 08:00:00,26.8,28.9,25.8,39.6,93.0,88.0,29.3,31.05,Caution,19,7,2021,200,29,Wet,La Nina,0,4.25,0
2021-07-20 08:00:00,26.6,27.8,25.9,18.5,94.0,90.0,27.7,29.93,Caution,20,7,2021,201,29,Wet,La Nina,0,3.3299999999999983,0
2021-07-21 08:00:00,26.3,27.1,26.0,34.6,93.0,91.0,27.7,28.99,Caution,21,7,2021,202,29,Wet,La Nina,0,2.6899999999999977,0
2021-07-22 08:00:00,26.4,27.0,25.8,42.3,95.0,90.0,34.0,29.41,Caution,22,7,2021,203,29,Wet,La Nina,0,3.0100000000000016,0
2021-07-23 08:00:00,26.5,27.5,25.8,32.1,93.0,90.0,35.9,29.56,Caution,23,7,2021,204,29,Wet,La Nina,0,3.0599999999999987,0
2021-07-24 08:00:00,26.5,27.5,25.9,32.8,93.0,91.0,33.3,29.56,Caution,24,7,2021,205,29,Wet,La Nina,0,3.0599999999999987,0
2021-07-25 08:00:00,27.4,28.0,26.7,9.0,91.0,87.0,37.1,32.41,Caution,25,7,2021,206,29,Wet,La Nina,0,5.009999999999998,0
2021-07-26 08:00:00,28.1,30.0,27.0,8.2,91.0,84.0,38.3,34.54,Extreme Caution,26,7,2021,207,30,Wet,La Nina,0,6.439999999999998,0
2021-07-27 08:00:00,27.5,29.4,26.1,15.3,93.0,87.0,39.0,33.12,Extreme Caution,27,7,2021,208,30,Wet,La Nina,0,5.619999999999997,0
2021-07-28 08:00:00,26.9,28.0,26.2,18.3,92.0,88.0,32.3,31.16,Caution,28,7,2021,209,30,Wet,La Nina,0,4.260000000000002,0
2021-07-29 08:00:00,26.8,28.0,26.1,37.6,93.0,91.0,32.6,31.05,Caution,29,7,2021,210,30,Wet,La Nina,0,4.25,0
2021-07-30 08:00:00,27.7,30.0,26.6,11.3,92.0,87.0,26.7,33.52,Extreme Caution,30,7,2021,211,30,Wet,La Nina,0,5.820000000000004,0
2021-07-31 08:00:00,27.5,29.9,26.5,9.0,93.0,87.0,31.7,33.12,Extreme Caution,31,7,2021,212,30,Wet,La Nina,0,5.619999999999997,0
2021-08-01 08:00:00,27.6,29.8,26.0,11.6,93.0,86.0,33.4,33.43,Extreme Caution,1,8,2021,213,30,Wet,La Nina,0,5.829999999999998,0
2021-08-02 08:00:00,27.6,30.0,26.5,10.9,93.0,87.0,34.5,33.43,Extreme Caution,2,8,2021,214,31,Wet,La Nina,0,5.829999999999998,0
2021-08-03 08:00:00,27.4,28.8,26.2,12.8,93.0,88.0,33.4,32.81,Caution,3,8,2021,215,31,Wet,La Nina,0,5.410000000000004,0
2021-08-04 08:00:00,27.6,29.4,26.9,7.3,90.0,87.0,32.3,32.8,Caution,4,8,2021,216,31,Wet,La Nina,0,5.199999999999996,0
2021-08-05 08:00:00,27.5,29.1,26.8,11.8,92.0,88.0,32.6,32.91,Caution,5,8,2021,217,31,Wet,La Nina,0,5.409999999999997,0
2021-08-06 08:00:00,27.7,29.1,26.6,9.3,91.0,87.0,30.6,33.31,Extreme Caution,6,8,2021,218,31,Wet,La Nina,0,5.610000000000003,0
2021-08-07 08:00:00,28.2,30.1,26.9,1.4,90.0,84.0,27.6,34.62,Extreme Caution,7,8,2021,219,31,Wet,La Nina,0,6.419999999999998,0
2021-08-08 08:00:00,28.1,30.1,25.5,1.1,99.0,84.0,23.9,36.49,Extreme Caution,8,8,2021,220,31,Wet,La Nina,0,8.39,0
2021-08-09 08:00:00,27.6,30.0,25.6,8.5,94.0,85.0,16.3,33.64,Extreme Caution,9,8,2021,221,32,Wet,La Nina,0,6.039999999999999,0
2021-08-10 08:00:00,26.9,28.4,25.4,11.8,97.0,87.0,16.4,32.04,Caution,10,8,2021,222,32,Wet,La Nina,0,5.140000000000001,0
2021-08-11 08:00:00,26.6,27.9,25.3,3.8,96.0,87.0,14.4,30.1,Caution,11,8,2021,223,32,Wet,La Nina,0,3.5,0
2021-08-12 08:00:00,28.1,30.6,26.5,3.1,94.0,85.0,11.2,35.26,Extreme Caution,12,8,2021,224,32,Wet,La Nina,0,7.159999999999997,0
2021-08-13 08:00:00,27.7,31.5,24.8,7.9,97.0,84.0,10.8,34.62,Extreme Caution,13,8,2021,225,32,Wet,La Nina,0,6.919999999999998,0
2021-08-14 08:00:00,27.3,30.9,24.8,3.3,97.0,86.0,15.3,33.3,Extreme Caution,14,8,2021,226,32,Wet,La Nina,0,5.9999999999999964,0
2021-08-15 08:00:00,26.3,27.4,25.0,9.7,93.0,89.0,8.5,28.99,Caution,15,8,2021,227,32,Wet,La Nina,0,2.6899999999999977,0
2021-08-16 08:00:00,28.0,30.5,25.2,0.4,94.0,80.0,9.0,34.93,Extreme Caution,16,8,2021,228,33,Wet,La Nina,0,6.93,0
2021-08-17 08:00:00,27.9,31.0,25.5,3.4,94.0,84.0,15.7,34.6,Extreme Caution,17,8,2021,229,33,Wet,La Nina,0,6.700000000000003,0
2021-08-18 08:00:00,27.0,30.3,24.5,22.1,96.0,87.0,9.7,32.17,Caution,18,8,2021,230,33,Wet,La Nina,0,5.170000000000002,0
2021-08-19 08:00:00,27.5,30.2,25.2,6.1,96.0,85.0,10.2,33.74,Extreme Caution,19,8,2021,231,33,Wet,La Nina,0,6.240000000000002,0
2021-08-20 08:00:00,27.2,30.4,24.9,5.4,99.0,88.0,8.7,33.38,Extreme Caution,20,8,2021,232,33,Wet,La Nina,0,6.180000000000003,0
2021-08-21 08:00:00,27.0,29.4,25.8,14.2,95.0,89.0,11.1,31.99,Caution,21,8,2021,233,33,Wet,La Nina,0,4.989999999999998,0
2021-08-22 08:00:00,27.1,30.9,25.2,19.3,97.0,88.0,11.2,32.66,Caution,22,8,2021,234,33,Wet,La Nina,0,5.559999999999995,0
2021-08-23 08:00:00,27.0,30.4,24.7,11.8,94.0,86.0,12.9,31.8,Caution,23,8,2021,235,34,Wet,La Nina,0,4.800000000000001,0
2021-08-24 08:00:00,27.0,29.0,24.9,1.8,95.0,87.0,4.4,31.99,Caution,24,8,2021,236,34,Wet,La Nina,0,4.989999999999998,0
2021-08-25 08:00:00,26.7,29.5,24.8,10.3,96.0,88.0,9.1,31.26,Caution,25,8,2021,237,34,Wet,La Nina,0,4.560000000000002,0
2021-08-26 08:00:00,27.0,29.0,25.2,1.5,93.0,85.0,11.9,31.62,Caution,26,8,2021,238,34,Wet,La Nina,0,4.620000000000001,0
2021-08-27 08:00:00,27.2,29.6,25.4,8.2,96.0,87.0,8.5,32.79,Caution,27,8,2021,239,34,Wet,La Nina,0,5.59,0
2021-08-28 08:00:00,27.4,30.7,25.8,7.7,97.0,87.0,10.0,33.63,Extreme Caution,28,8,2021,240,34,Wet,La Nina,0,6.230000000000004,0
2021-08-29 08:00:00,26.6,29.4,24.4,11.6,96.0,88.0,9.9,30.1,Caution,29,8,2021,241,34,Wet,La Nina,0,3.5,0
2021-08-30 08:00:00,27.0,30.1,24.9,7.3,98.0,88.0,9.7,32.53,Caution,30,8,2021,242,35,Wet,La Nina,0,5.530000000000001,0
2021-08-31 08:00:00,27.3,29.8,24.6,15.7,97.0,87.0,11.1,33.3,Extreme Caution,31,8,2021,243,35,Wet,La Nina,0,5.9999999999999964,0
2021-09-01 08:00:00,26.9,28.8,25.0,13.7,96.0,89.0,7.6,31.86,Caution,1,9,2021,244,35,Wet,La Nina,0,4.960000000000001,0
2021-09-02 08:00:00,26.9,30.1,24.1,6.3,96.0,85.0,11.7,31.86,Caution,2,9,2021,245,35,Wet,La Nina,0,4.960000000000001,0
2021-09-03 08:00:00,27.0,29.8,24.6,8.1,96.0,86.0,11.9,32.17,Caution,3,9,2021,246,35,Wet,La Nina,0,5.170000000000002,0
2021-09-04 08:00:00,27.3,29.9,25.0,5.2,96.0,85.0,11.5,33.1,Extreme Caution,4,9,2021,247,35,Wet,La Nina,0,5.800000000000001,0
2021-09-05 08:00:00,27.5,30.2,25.4,2.0,98.0,86.0,10.3,34.17,Extreme Caution,5,9,2021,248,35,Wet,La Nina,0,6.670000000000002,0
2021-09-06 08:00:00,27.1,29.7,25.1,10.3,96.0,89.0,9.2,32.48,Caution,6,9,2021,249,36,Wet,La Nina,0,5.3799999999999955,0
2021-09-07 08:00:00,26.9,28.5,25.5,30.1,93.0,89.0,26.4,31.33,Caution,7,9,2021,250,36,Wet,La Nina,0,4.43,0
2021-09-08 08:00:00,25.7,26.6,24.8,101.3,95.0,91.0,58.8,27.38,Caution,8,9,2021,251,36,Wet,La Nina,0,1.6799999999999997,0
2021-09-09 08:00:00,27.4,30.1,25.6,6.9,96.0,87.0,13.0,33.42,Extreme Caution,9,9,2021,252,36,Wet,La Nina,0,6.020000000000003,0
2021-09-10 08:00:00,26.7,28.6,25.5,25.8,93.0,88.0,24.3,30.77,Caution,10,9,2021,253,36,Wet,La Nina,0,4.07,0
2021-09-11 08:00:00,26.0,26.9,25.0,18.5,97.0,92.0,28.1,28.3,Caution,11,9,2021,254,36,Wet,La Nina,0,2.3000000000000007,0
2021-09-12 08:00:00,26.6,28.4,24.7,6.3,98.0,91.0,12.4,30.26,Caution,12,9,2021,255,36,Wet,La Nina,0,3.66,0
2021-09-13 08:00:00,27.4,30.5,24.8,1.6,98.0,87.0,13.7,33.83,Extreme Caution,13,9,2021,256,37,Wet,La Nina,0,6.43,0
2021-09-14 08:00:00,27.8,31.5,24.9,2.0,99.0,85.0,11.8,35.42,Extreme Caution,14,9,2021,257,37,Wet,La Nina,0,7.620000000000001,0
2021-09-15 08:00:00,27.8,31.0,25.6,3.5,99.0,87.0,8.6,35.42,Extreme Caution,15,9,2021,258,37,Wet,La Nina,0,7.620000000000001,0
2021-09-16 08:00:00,27.2,30.0,25.0,13.2,97.0,89.0,8.9,32.98,Caution,16,9,2021,259,37,Wet,La Nina,0,5.779999999999998,0
2021-09-17 08:00:00,27.7,30.7,25.5,2.2,94.0,84.0,14.3,33.96,Extreme Caution,17,9,2021,260,37,Wet,La Nina,0,6.260000000000002,0
2021-09-18 08:00:00,28.1,31.7,25.2,2.1,99.0,85.0,17.4,36.49,Extreme Caution,18,9,2021,261,37,Wet,La Nina,0,8.39,0
2021-09-19 08:00:00,26.5,27.5,25.2,19.3,96.0,91.0,7.6,29.78,Caution,19,9,2021,262,37,Wet,La Nina,0,3.280000000000001,0
2021-09-20 08:00:00,26.6,28.8,24.9,2.6,97.0,90.0,6.2,30.18,Caution,20,9,2021,263,38,Wet,La Nina,0,3.5799999999999983,0
2021-09-21 08:00:00,27.7,31.0,25.1,3.8,93.0,83.0,18.6,33.74,Extreme Caution,21,9,2021,264,38,Wet,La Nina,0,6.040000000000003,0
2021-09-22 08:00:00,28.2,31.3,25.4,0.5,93.0,80.0,20.6,35.35,Extreme Caution,22,9,2021,265,38,Wet,La Nina,0,7.150000000000002,0
2021-09-23 08:00:00,28.3,32.0,24.8,0.9,96.0,80.0,13.2,36.44,Extreme Caution,23,9,2021,266,38,Wet,La Nina,0,8.139999999999997,0
2021-09-24 08:00:00,27.7,30.8,24.9,2.7,99.0,85.0,7.9,35.07,Extreme Caution,24,9,2021,267,38,Wet,La Nina,0,7.370000000000001,0
2021-09-25 08:00:00,27.6,30.0,25.6,2.2,96.0,85.0,12.2,34.07,Extreme Caution,25,9,2021,268,38,Wet,La Nina,0,6.469999999999999,0
2021-09-26 08:00:00,28.4,30.5,26.2,2.1,94.0,83.0,9.1,36.27,Extreme Caution,26,9,2021,269,38,Wet,La Nina,0,7.8700000000000045,0
2021-09-27 08:00:00,26.9,29.8,24.4,13.2,98.0,89.0,7.9,32.22,Caution,27,9,2021,270,39,Wet,La Nina,0,5.32,0
2021-09-28 08:00:00,27.2,30.5,25.0,13.4,95.0,86.0,11.7,32.59,Caution,28,9,2021,271,39,Wet,La Nina,0,5.390000000000004,0
2021-09-29 08:00:00,27.8,30.4,25.5,5.4,97.0,87.0,17.6,34.96,Extreme Caution,29,9,2021,272,39,Wet,La Nina,0,7.16,0
2021-09-30 08:00:00,27.4,28.9,25.9,8.6,94.0,88.0,17.5,33.01,Extreme Caution,30,9,2021,273,39,Wet,La Nina,0,5.609999999999999,0
2021-10-01 08:00:00,27.8,30.3,25.5,1.5,96.0,87.0,17.4,34.73,Extreme Caution,1,10,2021,274,39,Wet,La Nina,0,6.929999999999996,0
2021-10-02 08:00:00,27.4,30.5,25.2,10.0,95.0,87.0,11.2,33.22,Extreme Caution,2,10,2021,275,39,Wet,La Nina,0,5.82,0
2021-10-03 08:00:00,27.0,29.2,25.0,10.9,96.0,89.0,5.9,32.17,Caution,3,10,2021,276,39,Wet,La Nina,0,5.170000000000002,0
2021-10-04 08:00:00,27.2,30.1,25.6,4.8,95.0,87.0,10.0,32.59,Caution,4,10,2021,277,40,Wet,La Nina,0,5.390000000000004,0
2021-10-05 08:00:00,26.4,28.2,25.1,11.9,94.0,89.0,18.0,29.34,Caution,5,10,2021,278,40,Wet,La Nina,0,2.9400000000000013,0
2021-10-06 08:00:00,26.4,28.0,24.8,7.1,98.0,88.0,7.4,29.61,Caution,6,10,2021,279,40,Wet,La Nina,0,3.210000000000001,0
2021-10-07 08:00:00,27.5,29.9,25.7,0.3,96.0,87.0,9.5,33.74,Extreme Caution,7,10,2021,280,40,Wet,La Nina,0,6.240000000000002,0
2021-10-08 08:00:00,27.1,30.1,25.1,1.8,93.0,84.0,14.1,31.92,Caution,8,10,2021,281,40,Wet,La Nina,0,4.82,0
2021-10-09 08:00:00,27.6,30.1,25.8,10.5,95.0,85.0,14.3,33.85,Extreme Caution,9,10,2021,282,40,Wet,La Nina,0,6.25,0
2021-10-10 08:00:00,28.1,30.1,26.5,2.6,94.0,85.0,15.6,35.26,Extreme Caution,10,10,2021,283,40,Wet,La Nina,0,7.159999999999997,0
2021-10-11 08:00:00,28.1,30.5,26.4,9.0,92.0,82.0,35.7,34.78,Extreme Caution,11,10,2021,284,41,Wet,La Nina,0,6.68,0
2021-10-12 08:00:00,26.8,29.5,25.4,16.3,96.0,89.0,23.7,31.56,Caution,12,10,2021,285,41,Wet,La Nina,0,4.759999999999998,0
2021-10-13 08:00:00,26.5,28.3,25.5,13.0,96.0,90.0,15.9,29.78,Caution,13,10,2021,286,41,Wet,La Nina,0,3.280000000000001,0
2021-10-14 08:00:00,26.1,28.8,24.4,30.1,96.0,90.0,12.2,28.56,Caution,14,10,2021,287,41,Wet,La Nina,0,2.4599999999999973,0
2021-10-15 08:00:00,25.7,29.3,23.6,16.4,97.0,90.0,14.3,27.41,Caution,15,10,2021,288,41,Wet,La Nina,0,1.7100000000000009,0
2021-10-16 08:00:00,27.2,30.7,24.9,1.0,97.0,85.0,13.5,32.98,Caution,16,10,2021,289,41,Wet,La Nina,0,5.779999999999998,0
2021-10-17 08:00:00,26.8,30.6,24.6,16.7,96.0,87.0,9.3,31.56,Caution,17,10,2021,290,41,Wet,La Nina,0,4.759999999999998,0
2021-10-18 08:00:00,26.6,28.9,24.0,1.5,97.0,87.0,12.5,30.18,Caution,18,10,2021,291,42,Wet,La Nina,0,3.5799999999999983,0
2021-10-19 08:00:00,27.5,30.9,24.5,3.7,97.0,82.0,10.2,33.95,Extreme Caution,19,10,2021,292,42,Wet,La Nina,0,6.450000000000003,0
2021-10-20 08:00:00,27.4,30.3,25.2,1.1,94.0,84.0,10.9,33.01,Extreme Caution,20,10,2021,293,42,Wet,La Nina,0,5.609999999999999,0
2021-10-21 08:00:00,26.1,29.7,23.6,19.5,99.0,91.0,11.5,28.7,Caution,21,10,2021,294,42,Wet,La Nina,0,2.599999999999998,0
2021-10-22 08:00:00,27.0,29.8,24.6,1.6,95.0,86.0,12.3,31.99,Caution,22,10,2021,295,42,Wet,La Nina,0,4.989999999999998,0
2021-10-23 08:00:00,27.1,30.8,24.5,6.4,97.0,86.0,11.8,32.66,Caution,23,10,2021,296,42,Wet,La Nina,0,5.559999999999995,0
2021-10-24 08:00:00,26.1,27.0,24.9,4.6,95.0,90.0,12.8,28.52,Caution,24,10,2021,297,42,Wet,La Nina,0,2.419999999999998,0
2021-10-25 08:00:00,25.8,27.2,24.2,11.5,94.0,90.0,10.7,27.63,Caution,25,10,2021,298,43,Wet,La Nina,0,1.8299999999999983,0
2021-10-26 08:00:00,27.0,30.2,24.3,1.1,96.0,86.0,6.2,32.17,Caution,26,10,2021,299,43,Wet,La Nina,0,5.170000000000002,0
2021-10-27 08:00:00,27.5,30.6,24.9,4.3,97.0,83.0,8.2,33.95,Extreme Caution,27,10,2021,300,43,Wet,La Nina,0,6.450000000000003,0
2021-10-28 08:00:00,27.4,30.2,25.1,0.8,91.0,79.0,14.8,32.41,Caution,28,10,2021,301,43,Wet,La Nina,0,5.009999999999998,0
2021-10-29 08:00:00,27.3,31.1,24.0,0.0,99.0,78.0,15.5,33.71,Extreme Caution,29,10,2021,302,43,Wet,La Nina,0,6.41,0
2021-10-30 08:00:00,27.5,31.5,24.0,1.4,97.0,79.0,12.4,33.95,Extreme Caution,30,10,2021,303,43,Wet,La Nina,0,6.450000000000003,0
2021-10-31 08:00:00,27.1,31.4,24.2,0.0,94.0,78.0,17.6,32.1,Caution,31,10,2021,304,43,Wet,La Nina,0,5.0,0
2021-11-01 08:00:00,27.2,31.3,24.8,0.4,95.0,81.0,12.0,32.59,Caution,1,11,2021,305,44,Wet,La Nina,0,5.390000000000004,0
2021-11-02 08:00:00,27.0,31.5,24.1,1.5,91.0,79.0,13.2,31.27,Caution,2,11,2021,306,44,Wet,La Nina,0,4.27,0
2021-11-03 08:00:00,27.9,32.3,25.1,0.2,96.0,78.0,15.0,35.06,Extreme Caution,3,11,2021,307,44,Wet,La Nina,0,7.160000000000004,0
2021-11-04 08:00:00,27.6,31.8,24.8,1.7,93.0,79.0,13.8,33.43,Extreme Caution,4,11,2021,308,44,Wet,La Nina,0,5.829999999999998,0
2021-11-05 08:00:00,27.7,30.8,24.9,1.9,96.0,81.0,18.9,34.4,Extreme Caution,5,11,2021,309,44,Wet,La Nina,0,6.699999999999999,0
2021-11-06 08:00:00,27.9,31.9,24.5,0.2,100.0,84.0,11.0,36.02,Extreme Caution,6,11,2021,310,44,Wet,La Nina,0,8.120000000000005,0
2021-11-07 08:00:00,28.3,32.3,25.6,0.8,96.0,81.0,17.1,36.44,Extreme Caution,7,11,2021,311,44,Wet,La Nina,0,8.139999999999997,0
2021-11-08 08:00:00,27.9,30.9,24.9,0.8,97.0,83.0,10.8,35.3,Extreme Caution,8,11,2021,312,45,Wet,La Nina,0,7.399999999999999,0
2021-11-09 08:00:00,27.7,32.5,24.3,0.1,100.0,79.0,18.5,35.3,Extreme Caution,9,11,2021,313,45,Wet,La Nina,0,7.599999999999998,0
2021-11-10 08:00:00,27.9,31.5,24.5,0.5,97.0,78.0,15.0,35.3,Extreme Caution,10,11,2021,314,45,Wet,La Nina,0,7.399999999999999,0
2021-11-11 08:00:00,28.1,32.2,25.4,0.2,96.0,76.0,12.6,35.74,Extreme Caution,11,11,2021,315,45,Wet,La Nina,0,7.640000000000001,0
2021-11-12 08:00:00,27.7,31.2,25.1,2.8,96.0,81.0,11.1,34.4,Extreme Caution,12,11,2021,316,45,Wet,La Nina,0,6.699999999999999,0
2021-11-13 08:00:00,27.7,31.5,24.9,0.9,96.0,82.0,12.2,34.4,Extreme Caution,13,11,2021,317,45,Wet,La Nina,0,6.699999999999999,0
2021-11-14 08:00:00,27.5,30.0,24.7,1.2,97.0,84.0,12.5,33.95,Extreme Caution,14,11,2021,318,45,Wet,La Nina,0,6.450000000000003,0
2021-11-15 08:00:00,27.2,30.9,24.8,4.5,99.0,87.0,10.1,33.38,Extreme Caution,15,11,2021,319,46,Wet,La Nina,0,6.180000000000003,0
2021-11-16 08:00:00,28.0,32.3,25.0,1.3,93.0,78.0,13.8,34.69,Extreme Caution,16,11,2021,320,46,Wet,La Nina,0,6.689999999999998,0
2021-11-17 08:00:00,27.9,32.2,24.6,1.1,94.0,78.0,15.0,34.6,Extreme Caution,17,11,2021,321,46,Wet,La Nina,0,6.700000000000003,0
2021-11-18 08:00:00,27.3,31.0,24.2,1.5,96.0,82.0,10.6,33.1,Extreme Caution,18,11,2021,322,46,Wet,La Nina,0,5.800000000000001,0
2021-11-19 08:00:00,27.6,30.1,24.3,1.2,98.0,82.0,10.9,34.51,Extreme Caution,19,11,2021,323,46,Wet,La Nina,0,6.909999999999997,0
2021-11-20 08:00:00,27.2,30.5,24.8,19.9,96.0,83.0,13.8,32.79,Caution,20,11,2021,324,46,Wet,La Nina,0,5.59,0
2021-11-21 08:00:00,27.2,30.1,24.8,1.3,95.0,84.0,8.9,32.59,Caution,21,11,2021,325,46,Wet,La Nina,0,5.390000000000004,0
2021-11-22 08:00:00,27.4,31.5,24.9,4.4,99.0,85.0,11.2,34.04,Extreme Caution,22,11,2021,326,47,Wet,La Nina,0,6.640000000000001,0
2021-11-23 08:00:00,27.5,31.6,24.8,2.7,96.0,83.0,12.4,33.74,Extreme Caution,23,11,2021,327,47,Wet,La Nina,0,6.240000000000002,0
2021-11-24 08:00:00,27.5,31.4,25.0,1.7,95.0,80.0,16.8,33.53,Extreme Caution,24,11,2021,328,47,Wet,La Nina,0,6.030000000000001,0
2021-11-25 08:00:00,27.1,30.0,25.4,5.8,93.0,84.0,10.9,31.92,Caution,25,11,2021,329,47,Wet,La Nina,0,4.82,0
2021-11-26 08:00:00,26.2,27.1,24.9,3.3,97.0,91.0,9.5,28.91,Caution,26,11,2021,330,47,Wet,La Nina,0,2.710000000000001,0
2021-11-27 08:00:00,26.5,30.3,24.8,5.1,97.0,87.0,11.5,29.86,Caution,27,11,2021,331,47,Wet,La Nina,0,3.3599999999999994,0
2021-11-28 08:00:00,25.9,26.8,24.6,8.5,97.0,91.0,12.0,28.0,Caution,28,11,2021,332,47,Wet,La Nina,0,2.1000000000000014,0
2021-11-29 08:00:00,26.7,30.5,24.0,13.0,96.0,86.0,7.7,31.26,Caution,29,11,2021,333,48,Wet,La Nina,0,4.560000000000002,0
2021-11-30 08:00:00,28.0,31.0,25.4,1.7,93.0,81.0,10.2,34.69,Extreme Caution,30,11,2021,334,48,Wet,La Nina,0,6.689999999999998,0
2021-12-01 08:00:00,27.1,30.8,24.7,3.0,86.0,77.0,11.3,30.65,Caution,1,12,2021,335,48,Cool Dry,La Nina,0,3.549999999999997,0
2021-12-02 08:00:00,26.3,30.5,22.9,0.0,87.0,71.0,10.4,28.64,Caution,2,12,2021,336,48,Cool Dry,La Nina,0,2.34,0
2021-12-03 08:00:00,25.4,29.9,22.0,0.6,92.0,73.0,12.0,26.4,Normal,3,12,2021,337,48,Cool Dry,La Nina,0,1.0,0
2021-12-04 08:00:00,25.3,29.2,22.6,0.4,91.0,75.0,17.4,26.26,Normal,4,12,2021,338,48,Cool Dry,La Nina,0,0.9600000000000009,0
2021-12-05 08:00:00,25.5,29.5,22.5,0.6,92.0,74.0,12.0,26.51,Normal,5,12,2021,339,48,Cool Dry,La Nina,0,1.0100000000000016,0
2021-12-06 08:00:00,25.4,28.7,22.6,1.0,95.0,79.0,10.4,26.48,Normal,6,12,2021,340,49,Cool Dry,La Nina,0,1.0800000000000018,0
2021-12-07 08:00:00,25.5,29.0,23.2,1.4,90.0,77.0,18.9,26.46,Normal,7,12,2021,341,49,Cool Dry,La Nina,0,0.9600000000000009,0
2021-12-08 08:00:00,26.3,30.7,23.9,0.0,92.0,71.0,14.7,28.93,Caution,8,12,2021,342,49,Cool Dry,La Nina,0,2.629999999999999,0
2021-12-09 08:00:00,26.2,30.1,22.9,0.0,93.0,72.0,14.9,28.71,Caution,9,12,2021,343,49,Cool Dry,La Nina,0,2.5100000000000016,0
2021-12-10 08:00:00,26.5,30.5,23.9,0.0,93.0,72.0,15.9,29.56,Caution,10,12,2021,344,49,Cool Dry,La Nina,0,3.0599999999999987,0
2021-12-11 08:00:00,26.7,30.1,24.4,0.0,95.0,79.0,17.2,31.1,Caution,11,12,2021,345,49,Cool Dry,La Nina,0,4.400000000000002,0
2021-12-12 08:00:00,26.8,30.5,24.5,0.3,92.0,79.0,14.3,30.88,Caution,12,12,2021,346,49,Cool Dry,La Nina,0,4.079999999999998,0
2021-12-13 08:00:00,26.6,30.5,23.4,0.5,96.0,77.0,16.6,30.1,Caution,13,12,2021,347,50,Cool Dry,La Nina,0,3.5,0
2021-12-14 08:00:00,26.0,30.5,22.7,0.0,94.0,73.0,15.7,28.19,Caution,14,12,2021,348,50,Cool Dry,La Nina,0,2.1900000000000013,0
2021-12-15 08:00:00,26.3,30.8,23.8,0.0,85.0,72.0,19.0,28.53,Caution,15,12,2021,349,50,Cool Dry,La Nina,0,2.2300000000000004,0
2021-12-16 08:00:00,27.2,30.0,25.5,1.0,88.0,73.0,23.2,31.28,Caution,16,12,2021,350,50,Cool Dry,La Nina,0,4.080000000000002,0
2021-12-17 08:00:00,27.6,31.1,25.9,3.9,86.0,78.0,21.5,31.99,Caution,17,12,2021,351,50,Cool Dry,La Nina,0,4.389999999999997,0
2021-12-18 08:00:00,27.2,32.0,24.1,11.6,99.0,82.0,20.9,33.38,Extreme Caution,18,12,2021,352,50,Cool Dry,La Nina,0,6.180000000000003,0
2021-12-19 08:00:00,24.8,26.0,23.5,19.7,96.0,93.0,9.2,25.84,Normal,19,12,2021,353,50,Cool Dry,La Nina,0,1.0399999999999991,0
2021-12-20 08:00:00,26.6,29.7,23.6,0.8,97.0,84.0,12.9,30.18,Caution,20,12,2021,354,51,Cool Dry,La Nina,0,3.5799999999999983,0
2021-12-21 08:00:00,26.9,30.4,23.9,1.1,97.0,84.0,11.4,32.04,Caution,21,12,2021,355,51,Cool Dry,La Nina,0,5.140000000000001,0
2021-12-22 08:00:00,25.3,28.6,23.1,21.1,98.0,91.0,11.6,26.44,Normal,22,12,2021,356,51,Cool Dry,La Nina,0,1.1400000000000006,0
2021-12-23 08:00:00,26.7,29.7,23.8,0.6,97.0,83.0,13.9,31.43,Caution,23,12,2021,357,51,Cool Dry,La Nina,0,4.73,0
2021-12-24 08:00:00,26.2,29.5,23.0,0.2,97.0,86.0,10.5,28.91,Caution,24,12,2021,358,51,Cool Dry,La Nina,0,2.710000000000001,0
2021-12-25 08:00:00,26.6,30.6,24.1,2.1,92.0,79.0,10.1,29.78,Caution,25,12,2021,359,51,Cool Dry,La Nina,0,3.1799999999999997,0
2021-12-26 08:00:00,25.7,29.5,22.9,6.2,96.0,81.0,17.9,27.39,Caution,26,12,2021,360,51,Cool Dry,La Nina,0,1.6900000000000013,0
2021-12-27 08:00:00,24.7,27.2,23.0,3.6,91.0,84.0,13.0,25.6,Normal,27,12,2021,361,52,Cool Dry,La Nina,0,0.9000000000000021,0
2021-12-28 08:00:00,24.7,27.8,22.4,0.5,95.0,82.0,15.3,25.71,Normal,28,12,2021,362,52,Cool Dry,La Nina,0,1.0100000000000016,0
2021-12-29 08:00:00,25.3,29.1,22.9,1.1,94.0,80.0,19.1,26.34,Normal,29,12,2021,363,52,Cool Dry,La Nina,0,1.0399999999999991,0
2021-12-30 08:00:00,25.1,29.2,22.0,0.1,98.0,77.0,20.1,26.22,Normal,30,12,2021,364,52,Cool Dry,La Nina,0,1.1199999999999974,0
2021-12-31 08:00:00,25.0,28.6,22.2,0.0,94.0,75.0,21.1,26.01,Normal,31,12,2021,365,52,Cool Dry,La Nina,0,1.0100000000000016,0
2022-01-01 08:00:00,24.8,28.6,21.4,0.1,99.0,77.0,20.0,25.92,Normal,1,1,2022,1,52,Cool Dry,La Nina,0,1.120000000000001,0
2022-01-02 08:00:00,24.8,28.3,21.9,0.0,96.0,76.0,18.4,25.84,Normal,2,1,2022,2,52,Cool Dry,La Nina,0,1.0399999999999991,0
2022-01-03 08:00:00,25.2,29.3,22.5,0.0,88.0,70.0,19.6,26.07,Normal,3,1,2022,3,1,Cool Dry,La Nina,0,0.870000000000001,0
2022-01-04 08:00:00,25.2,29.0,21.8,0.0,99.0,75.0,19.5,26.36,Normal,4,1,2022,4,1,Cool Dry,La Nina,0,1.1600000000000001,0
2022-01-05 08:00:00,25.8,30.4,22.4,0.0,98.0,74.0,18.2,27.73,Caution,5,1,2022,5,1,Cool Dry,La Nina,0,1.9299999999999997,0
2022-01-06 08:00:00,25.3,28.6,21.9,1.3,96.0,77.0,15.4,26.39,Normal,6,1,2022,6,1,Cool Dry,La Nina,0,1.0899999999999999,0
2022-01-07 08:00:00,25.7,30.0,22.0,0.0,96.0,75.0,11.4,27.39,Caution,7,1,2022,7,1,Cool Dry,La Nina,0,1.6900000000000013,0
2022-01-08 08:00:00,25.3,29.6,22.1,1.8,97.0,82.0,8.9,26.42,Normal,8,1,2022,8,1,Cool Dry,La Nina,0,1.120000000000001,0
2022-01-09 08:00:00,25.7,29.2,22.5,0.4,97.0,82.0,7.3,27.41,Caution,9,1,2022,9,1,Cool Dry,La Nina,0,1.7100000000000009,0
2022-01-10 08:00:00,26.1,29.4,23.1,0.2,92.0,79.0,12.6,28.38,Caution,10,1,2022,10,2,Cool Dry,La Nina,0,2.2799999999999976,0
2022-01-11 08:00:00,25.5,29.7,21.6,0.0,96.0,76.0,18.0,26.61,Normal,11,1,2022,11,2,Cool Dry,La Nina,0,1.1099999999999994,0
2022-01-12 08:00:00,25.4,28.5,22.4,1.7,93.0,75.0,13.7,26.42,Normal,12,1,2022,12,2,Cool Dry,La Nina,0,1.0200000000000031,0
2022-01-13 08:00:00,25.0,28.0,21.9,1.7,94.0,78.0,12.8,26.01,Normal,13,1,2022,13,2,Cool Dry,La Nina,0,1.0100000000000016,0
2022-01-14 08:00:00,24.9,29.0,21.3,0.4,96.0,74.0,17.2,25.95,Normal,14,1,2022,14,2,Cool Dry,La Nina,0,1.0500000000000007,0
2022-01-15 08:00:00,24.6,29.6,20.5,0.0,97.0,71.0,22.3,25.65,Normal,15,1,2022,15,2,Cool Dry,La Nina,0,1.0499999999999972,0
2022-01-16 08:00:00,25.3,30.3,21.1,0.0,98.0,72.0,22.0,26.44,Normal,16,1,2022,16,2,Cool Dry,La Nina,0,1.1400000000000006,0
2022-01-17 08:00:00,24.8,29.4,20.6,0.0,98.0,73.0,17.9,25.89,Normal,17,1,2022,17,3,Cool Dry,La Nina,0,1.0899999999999999,0
2022-01-18 08:00:00,25.3,30.0,22.6,0.0,84.0,68.0,17.2,26.08,Normal,18,1,2022,18,3,Cool Dry,La Nina,0,0.7799999999999976,0
2022-01-19 08:00:00,25.8,30.4,23.0,1.5,95.0,76.0,11.4,27.66,Caution,19,1,2022,19,3,Cool Dry,La Nina,0,1.8599999999999994,0
2022-01-20 08:00:00,25.7,30.2,22.9,3.8,97.0,79.0,18.5,27.41,Caution,20,1,2022,20,3,Cool Dry,La Nina,0,1.7100000000000009,0
2022-01-21 08:00:00,25.8,29.5,22.5,1.1,97.0,79.0,15.5,27.7,Caution,21,1,2022,21,3,Cool Dry,La Nina,0,1.8999999999999986,0
2022-01-22 08:00:00,26.6,30.6,23.4,1.1,93.0,75.0,18.5,29.85,Caution,22,1,2022,22,3,Cool Dry,La Nina,0,3.25,0
2022-01-23 08:00:00,26.5,31.0,23.1,1.8,98.0,79.0,17.2,29.93,Caution,23,1,2022,23,3,Cool Dry,La Nina,0,3.4299999999999997,0
2022-01-24 08:00:00,26.3,29.8,22.7,0.9,97.0,81.0,12.5,29.22,Caution,24,1,2022,24,4,Cool Dry,La Nina,0,2.919999999999998,0
2022-01-25 08:00:00,27.0,32.0,24.4,0.0,87.0,71.0,16.0,30.57,Caution,25,1,2022,25,4,Cool Dry,La Nina,0,3.5700000000000003,0
2022-01-26 08:00:00,26.3,30.1,23.9,3.4,97.0,83.0,11.4,29.22,Caution,26,1,2022,26,4,Cool Dry,La Nina,0,2.919999999999998,0
2022-01-27 08:00:00,27.1,31.6,24.0,3.2,96.0,80.0,21.1,32.48,Caution,27,1,2022,27,4,Cool Dry,La Nina,0,5.3799999999999955,0
2022-01-28 08:00:00,27.7,32.5,23.3,0.1,97.0,74.0,17.6,34.62,Extreme Caution,28,1,2022,28,4,Cool Dry,La Nina,0,6.919999999999998,0
2022-01-29 08:00:00,27.7,31.5,25.5,1.0,89.0,78.0,19.2,32.89,Caution,29,1,2022,29,4,Cool Dry,La Nina,0,5.190000000000001,0
2022-01-30 08:00:00,26.5,29.3,24.5,8.1,93.0,82.0,24.1,29.56,Caution,30,1,2022,30,4,Cool Dry,La Nina,0,3.0599999999999987,0
2022-01-31 08:00:00,27.1,31.7,23.4,0.0,92.0,72.0,15.1,31.73,Caution,31,1,2022,31,5,Cool Dry,La Nina,0,4.629999999999999,0
2022-02-01 08:00:00,26.5,30.9,22.7,2.8,95.0,73.0,15.9,29.71,Caution,1,2,2022,32,5,Cool Dry,La Nina,0,3.210000000000001,0
2022-02-02 08:00:00,26.7,31.3,23.5,0.0,85.0,68.0,17.0,29.48,Caution,2,2,2022,33,5,Cool Dry,La Nina,0,2.780000000000001,0
2022-02-03 08:00:00,26.0,29.5,22.4,2.1,92.0,77.0,11.6,28.11,Caution,3,2,2022,34,5,Cool Dry,La Nina,0,2.1099999999999994,0
2022-02-04 08:00:00,27.0,32.0,22.9,0.0,95.0,68.0,16.8,31.99,Caution,4,2,2022,35,5,Cool Dry,La Nina,0,4.989999999999998,0
2022-02-05 08:00:00,26.3,30.6,23.5,0.0,84.0,70.0,18.4,28.48,Caution,5,2,2022,36,5,Cool Dry,La Nina,0,2.1799999999999997,0
2022-02-06 08:00:00,26.8,31.1,24.1,0.0,85.0,69.0,23.4,29.73,Caution,6,2,2022,37,5,Cool Dry,La Nina,0,2.9299999999999997,0
2022-02-07 08:00:00,25.7,30.0,22.8,5.2,99.0,82.0,20.0,27.44,Caution,7,2,2022,38,6,Cool Dry,La Nina,0,1.740000000000002,0
2022-02-08 08:00:00,27.2,32.0,23.2,0.4,94.0,75.0,15.5,32.4,Caution,8,2,2022,39,6,Cool Dry,La Nina,0,5.199999999999999,0
2022-02-09 08:00:00,27.0,31.9,22.6,0.9,99.0,72.0,17.0,32.72,Caution,9,2,2022,40,6,Cool Dry,La Nina,0,5.719999999999999,0
2022-02-10 08:00:00,27.1,32.5,22.6,0.0,97.0,71.0,18.9,32.66,Caution,10,2,2022,41,6,Cool Dry,La Nina,0,5.559999999999995,0
2022-02-11 08:00:00,27.1,32.5,23.0,0.0,93.0,70.0,19.2,31.92,Caution,11,2,2022,42,6,Cool Dry,La Nina,0,4.82,0
2022-02-12 08:00:00,27.0,32.5,24.2,5.7,93.0,75.0,18.5,31.62,Caution,12,2,2022,43,6,Cool Dry,La Nina,0,4.620000000000001,0
2022-02-13 08:00:00,27.3,30.9,24.0,0.8,95.0,75.0,17.4,32.9,Caution,13,2,2022,44,6,Cool Dry,La Nina,0,5.599999999999998,0
2022-02-14 08:00:00,26.2,30.1,23.4,7.2,99.0,83.0,11.4,29.02,Caution,14,2,2022,45,7,Cool Dry,La Nina,0,2.8200000000000003,0
2022-02-15 08:00:00,27.2,31.5,24.0,0.1,94.0,76.0,13.9,32.4,Caution,15,2,2022,46,7,Cool Dry,La Nina,0,5.199999999999999,0
2022-02-16 08:00:00,26.6,30.2,23.9,3.2,89.0,77.0,12.1,29.54,Caution,16,2,2022,47,7,Cool Dry,La Nina,0,2.9399999999999977,0
2022-02-17 08:00:00,26.8,30.2,24.1,0.9,94.0,77.0,20.3,31.22,Caution,17,2,2022,48,7,Cool Dry,La Nina,0,4.419999999999998,0
2022-02-18 08:00:00,27.0,30.8,23.5,2.9,98.0,76.0,14.1,32.53,Caution,18,2,2022,49,7,Cool Dry,La Nina,0,5.530000000000001,0
2022-02-19 08:00:00,27.5,31.5,24.3,0.9,92.0,76.0,16.9,32.91,Caution,19,2,2022,50,7,Cool Dry,La Nina,0,5.409999999999997,0
2022-02-20 08:00:00,27.6,31.5,24.0,1.8,96.0,73.0,16.4,34.07,Extreme Caution,20,2,2022,51,7,Cool Dry,La Nina,0,6.469999999999999,0
2022-02-21 08:00:00,27.9,32.7,25.0,0.3,90.0,72.0,20.2,33.7,Extreme Caution,21,2,2022,52,8,Cool Dry,La Nina,0,5.800000000000004,0
2022-02-22 08:00:00,26.3,30.4,24.1,4.6,92.0,80.0,16.2,28.93,Caution,22,2,2022,53,8,Cool Dry,La Nina,0,2.629999999999999,0
2022-02-23 08:00:00,26.7,32.0,22.5,0.4,96.0,75.0,16.6,31.26,Caution,23,2,2022,54,8,Cool Dry,La Nina,0,4.560000000000002,0
2022-02-24 08:00:00,27.9,32.9,24.1,0.2,90.0,68.0,17.7,33.7,Extreme Caution,24,2,2022,55,8,Cool Dry,La Nina,0,5.800000000000004,0
2022-02-25 08:00:00,27.5,32.0,24.6,0.6,85.0,69.0,19.1,31.52,Caution,25,2,2022,56,8,Cool Dry,La Nina,0,4.02,0
2022-02-26 08:00:00,26.9,31.5,23.0,4.3,96.0,72.0,15.6,31.86,Caution,26,2,2022,57,8,Cool Dry,La Nina,0,4.960000000000001,0
2022-02-27 08:00:00,27.4,32.4,23.2,2.1,97.0,72.0,16.6,33.63,Extreme Caution,27,2,2022,58,8,Cool Dry,La Nina,0,6.230000000000004,0
2022-02-28 08:00:00,27.8,32.6,23.5,0.0,88.0,68.0,24.4,32.97,Caution,28,2,2022,59,9,Cool Dry,La Nina,0,5.169999999999998,0
2022-03-01 08:00:00,27.6,34.0,23.2,0.0,88.0,65.0,24.3,32.39,Caution,1,3,2022,60,9,Dry,La Nina,0,4.789999999999999,0
2022-03-02 08:00:00,28.1,33.2,24.3,1.5,94.0,70.0,17.0,35.26,Extreme Caution,2,3,2022,61,9,Dry,La Nina,0,7.159999999999997,0
2022-03-03 08:00:00,28.1,34.0,22.8,0.6,98.0,70.0,21.2,36.24,Extreme Caution,3,3,2022,62,9,Dry,La Nina,0,8.14,0
2022-03-04 08:00:00,28.0,32.8,24.4,1.3,88.0,71.0,16.4,33.55,Extreme Caution,4,3,2022,63,9,Dry,La Nina,0,5.549999999999997,0
2022-03-05 08:00:00,28.1,32.0,23.5,0.0,89.0,66.0,23.9,34.08,Extreme Caution,5,3,2022,64,9,Dry,La Nina,0,5.979999999999997,0
2022-03-06 08:00:00,28.2,34.2,24.1,0.0,83.0,63.0,19.8,33.11,Extreme Caution,6,3,2022,65,9,Dry,La Nina,0,4.91,0
2022-03-07 08:00:00,27.8,31.5,24.1,0.0,87.0,67.0,16.0,32.76,Caution,7,3,2022,66,10,Dry,La Nina,0,4.959999999999997,0
2022-03-08 08:00:00,28.1,32.6,24.4,0.1,82.0,65.0,15.9,32.68,Caution,8,3,2022,67,10,Dry,La Nina,0,4.579999999999998,0
2022-03-09 08:00:00,27.8,32.1,24.9,0.0,71.0,61.0,19.8,30.41,Caution,9,3,2022,68,10,Dry,La Nina,0,2.6099999999999994,0
2022-03-10 08:00:00,28.4,33.5,25.0,0.4,88.0,65.0,22.0,34.77,Extreme Caution,10,3,2022,69,10,Dry,La Nina,0,6.3700000000000045,0
2022-03-11 08:00:00,28.0,32.8,25.5,2.8,91.0,75.0,10.8,34.23,Extreme Caution,11,3,2022,70,10,Dry,La Nina,0,6.229999999999997,0
2022-03-12 08:00:00,27.5,32.9,24.1,3.6,94.0,78.0,18.7,33.32,Extreme Caution,12,3,2022,71,10,Dry,La Nina,0,5.82,0
2022-03-13 08:00:00,27.7,31.7,25.2,6.9,90.0,77.0,17.7,33.1,Extreme Caution,13,3,2022,72,10,Dry,La Nina,0,5.400000000000002,0
2022-03-14 08:00:00,27.6,31.8,24.4,9.4,95.0,79.0,6.6,33.85,Extreme Caution,14,3,2022,73,11,Dry,La Nina,0,6.25,0
2022-03-15 08:00:00,28.1,32.9,24.9,0.5,97.0,78.0,10.7,35.99,Extreme Caution,15,3,2022,74,11,Dry,La Nina,0,7.890000000000001,0
2022-03-16 08:00:00,28.0,32.3,24.6,6.8,97.0,79.0,14.2,35.64,Extreme Caution,16,3,2022,75,11,Dry,La Nina,0,7.640000000000001,0
2022-03-17 08:00:00,29.0,33.5,25.4,1.9,92.0,73.0,19.3,37.8,Extreme Caution,17,3,2022,76,11,Dry,La Nina,0,8.799999999999997,0
2022-03-18 08:00:00,27.8,33.2,24.8,9.0,96.0,80.0,16.2,34.73,Extreme Caution,18,3,2022,77,11,Dry,La Nina,0,6.929999999999996,0
2022-03-19 08:00:00,28.9,32.8,25.4,0.6,92.0,74.0,16.5,37.45,Extreme Caution,19,3,2022,78,11,Dry,La Nina,0,8.550000000000004,0
2022-03-20 08:00:00,29.3,34.3,25.4,0.4,87.0,69.0,15.8,37.39,Extreme Caution,20,3,2022,79,11,Dry,La Nina,0,8.09,0
2022-03-21 08:00:00,29.8,34.5,25.9,0.2,87.0,66.0,20.6,39.08,Extreme Caution,21,3,2022,80,12,Dry,La Nina,0,9.279999999999998,0
2022-03-22 08:00:00,29.8,34.8,25.1,0.0,89.0,68.0,19.3,39.72,Extreme Caution,22,3,2022,81,12,Dry,La Nina,0,9.919999999999998,0
2022-03-23 08:00:00,29.3,34.3,25.4,1.6,88.0,70.0,13.0,37.67,Extreme Caution,23,3,2022,82,12,Dry,La Nina,0,8.370000000000001,0
2022-03-24 08:00:00,29.6,35.0,25.5,0.2,85.0,65.0,19.3,37.8,Extreme Caution,24,3,2022,83,12,Dry,La Nina,0,8.199999999999996,0
2022-03-25 08:00:00,30.1,35.0,26.4,0.0,84.0,64.0,20.0,39.17,Extreme Caution,25,3,2022,84,12,Dry,La Nina,0,9.07,0
2022-03-26 08:00:00,30.0,34.3,26.2,1.2,85.0,66.0,15.6,39.14,Extreme Caution,26,3,2022,85,12,Dry,La Nina,0,9.14,0
2022-03-27 08:00:00,29.8,35.4,25.3,0.4,91.0,65.0,19.5,40.37,Extreme Caution,27,3,2022,86,12,Dry,La Nina,0,10.569999999999997,0
2022-03-28 08:00:00,29.7,35.2,26.0,0.5,81.0,63.0,21.2,37.03,Extreme Caution,28,3,2022,87,13,Dry,La Nina,0,7.330000000000002,0
2022-03-29 08:00:00,29.2,33.2,26.0,0.3,81.0,66.0,26.1,35.54,Extreme Caution,29,3,2022,88,13,Dry,La Nina,0,6.34,0
2022-03-30 08:00:00,29.6,34.5,25.6,0.2,87.0,65.0,23.4,38.39,Extreme Caution,30,3,2022,89,13,Dry,La Nina,0,8.79,0
2022-03-31 08:00:00,30.0,35.0,25.9,0.0,87.0,65.0,14.7,39.78,Extreme Caution,31,3,2022,90,13,Dry,La Nina,0,9.780000000000001,0
2022-04-01 08:00:00,28.9,34.2,24.9,1.0,93.0,69.0,16.2,37.73,Extreme Caution,1,4,2022,91,13,Dry,La Nina,0,8.829999999999998,0
2022-04-02 08:00:00,28.4,34.1,23.3,1.7,99.0,68.0,20.6,37.59,Extreme Caution,2,4,2022,92,13,Dry,La Nina,0,9.190000000000005,0
2022-04-03 08:00:00,28.9,34.5,24.8,0.0,88.0,61.0,14.8,36.35,Extreme Caution,3,4,2022,93,13,Dry,La Nina,0,7.450000000000003,0
2022-04-04 08:00:00,28.7,32.7,25.6,3.7,84.0,65.0,19.5,34.73,Extreme Caution,4,4,2022,94,14,Dry,La Nina,0,6.029999999999998,0
2022-04-05 08:00:00,27.0,30.5,24.2,2.0,97.0,80.0,13.4,32.35,Caution,5,4,2022,95,14,Dry,La Nina,0,5.350000000000001,0
2022-04-06 08:00:00,28.0,31.6,25.2,2.3,90.0,76.0,12.6,34.0,Extreme Caution,6,4,2022,96,14,Dry,La Nina,0,6.0,0
2022-04-07 08:00:00,28.2,32.9,25.1,2.4,88.0,73.0,15.6,34.15,Extreme Caution,7,4,2022,97,14,Dry,La Nina,0,5.949999999999999,0
2022-04-08 08:00:00,26.7,30.4,25.4,22.0,92.0,84.0,10.3,30.6,Caution,8,4,2022,98,14,Dry,La Nina,0,3.900000000000002,0
2022-04-09 08:00:00,28.2,32.0,25.2,0.8,92.0,74.0,13.9,35.1,Extreme Caution,9,4,2022,99,14,Dry,La Nina,0,6.900000000000002,0
2022-04-10 08:00:00,26.8,29.9,25.2,1.6,88.0,81.0,12.1,30.22,Caution,10,4,2022,100,14,Dry,La Nina,0,3.419999999999998,0
2022-04-11 08:00:00,27.8,31.4,25.0,1.2,93.0,76.0,15.8,34.05,Extreme Caution,11,4,2022,101,15,Dry,La Nina,0,6.2499999999999964,0
2022-04-12 08:00:00,26.7,30.0,24.4,5.1,95.0,82.0,11.6,31.1,Caution,12,4,2022,102,15,Dry,La Nina,0,4.400000000000002,0
2022-04-13 08:00:00,27.4,30.8,24.9,4.3,93.0,80.0,19.1,32.81,Caution,13,4,2022,103,15,Dry,La Nina,0,5.410000000000004,0
2022-04-14 08:00:00,27.9,31.6,24.2,3.3,95.0,77.0,14.8,34.83,Extreme Caution,14,4,2022,104,15,Dry,La Nina,0,6.93,0
2022-04-15 08:00:00,28.2,32.3,24.8,1.5,90.0,73.0,16.5,34.62,Extreme Caution,15,4,2022,105,15,Dry,La Nina,0,6.419999999999998,0
2022-04-16 08:00:00,27.8,31.6,24.8,4.9,93.0,75.0,12.3,34.05,Extreme Caution,16,4,2022,106,15,Dry,La Nina,0,6.2499999999999964,0
2022-04-17 08:00:00,26.3,28.4,24.8,10.9,93.0,85.0,14.8,28.99,Caution,17,4,2022,107,15,Dry,La Nina,0,2.6899999999999977,0
2022-04-18 08:00:00,27.9,32.5,23.8,2.8,98.0,72.0,18.8,35.54,Extreme Caution,18,4,2022,108,16,Dry,La Nina,0,7.640000000000001,0
2022-04-19 08:00:00,28.0,32.2,24.5,1.4,94.0,73.0,17.6,34.93,Extreme Caution,19,4,2022,109,16,Dry,La Nina,0,6.93,0
2022-04-20 08:00:00,28.0,32.2,24.6,6.9,98.0,76.0,17.8,35.89,Extreme Caution,20,4,2022,110,16,Dry,La Nina,0,7.890000000000001,0
2022-04-21 08:00:00,28.8,32.7,25.8,1.6,91.0,75.0,13.1,36.83,Extreme Caution,21,4,2022,111,16,Dry,La Nina,0,8.029999999999998,0
2022-04-22 08:00:00,29.0,33.4,24.9,0.7,93.0,72.0,16.5,38.09,Extreme Caution,22,4,2022,112,16,Dry,La Nina,0,9.090000000000003,0
2022-04-23 08:00:00,29.4,34.1,25.6,0.0,91.0,67.0,21.3,38.92,Extreme Caution,23,4,2022,113,16,Dry,La Nina,0,9.520000000000003,0
2022-04-24 08:00:00,29.2,33.7,26.1,1.2,85.0,70.0,20.9,36.5,Extreme Caution,24,4,2022,114,16,Dry,La Nina,0,7.300000000000001,0
2022-04-25 08:00:00,29.1,33.3,26.5,1.0,87.0,71.0,17.8,36.73,Extreme Caution,25,4,2022,115,17,Dry,La Nina,0,7.6299999999999955,0
2022-04-26 08:00:00,29.3,33.2,26.1,0.7,87.0,71.0,17.1,37.39,Extreme Caution,26,4,2022,116,17,Dry,La Nina,0,8.09,0
2022-04-27 08:00:00,29.2,34.2,25.5,4.4,92.0,71.0,17.4,38.5,Extreme Caution,27,4,2022,117,17,Dry,La Nina,0,9.3,0
2022-04-28 08:00:00,29.7,34.5,26.4,0.5,86.0,69.0,23.4,38.43,Extreme Caution,28,4,2022,118,17,Dry,La Nina,0,8.73,0
2022-04-29 08:00:00,28.9,34.3,24.5,7.9,95.0,74.0,20.3,38.31,Extreme Caution,29,4,2022,119,17,Dry,La Nina,0,9.410000000000004,0
2022-04-30 08:00:00,29.3,34.0,25.9,0.3,89.0,72.0,18.7,37.97,Extreme Caution,30,4,2022,120,17,Dry,La Nina,0,8.669999999999998,0
2022-05-01 08:00:00,29.5,34.5,25.1,0.0,88.0,68.0,23.4,38.35,Extreme Caution,1,5,2022,121,17,Dry,La Nina,0,8.850000000000001,0
2022-05-02 08:00:00,29.6,33.8,25.5,1.3,87.0,66.0,18.9,38.39,Extreme Caution,2,5,2022,122,18,Dry,La Nina,0,8.79,0
2022-05-03 08:00:00,29.7,34.8,25.5,0.5,91.0,66.0,16.4,40.0,Extreme Caution,3,5,2022,123,18,Dry,La Nina,0,10.3,0
2022-05-04 08:00:00,29.7,34.7,25.1,1.4,89.0,64.0,23.1,39.36,Extreme Caution,4,5,2022,124,18,Dry,La Nina,0,9.66,0
2022-05-05 08:00:00,30.5,35.8,25.8,0.2,89.0,61.0,14.1,42.3,Danger,5,5,2022,125,18,Dry,La Nina,0,11.799999999999997,1
2022-05-06 08:00:00,30.6,35.6,26.7,0.0,86.0,64.0,17.2,41.6,Extreme Caution,6,5,2022,126,18,Dry,La Nina,0,11.0,0
2022-05-07 08:00:00,30.8,35.8,26.9,1.3,82.0,64.0,19.9,40.9,Extreme Caution,7,5,2022,127,18,Dry,La Nina,0,10.099999999999998,0
2022-05-08 08:00:00,30.9,36.8,26.7,0.0,81.0,61.0,21.0,40.89,Extreme Caution,8,5,2022,128,18,Dry,La Nina,0,9.990000000000002,0
2022-05-09 08:00:00,30.7,36.1,26.6,0.8,82.0,60.0,20.8,40.56,Extreme Caution,9,5,2022,129,19,Dry,La Nina,0,9.860000000000003,0
2022-05-10 08:00:00,30.6,35.5,26.9,1.5,80.0,61.0,20.1,39.56,Extreme Caution,10,5,2022,130,19,Dry,La Nina,0,8.96,0
2022-05-11 08:00:00,30.7,35.3,26.9,0.7,81.0,62.0,19.4,40.22,Extreme Caution,11,5,2022,131,19,Dry,La Nina,0,9.52,0
2022-05-12 08:00:00,30.8,35.7,27.1,2.2,81.0,63.0,20.6,40.55,Extreme Caution,12,5,2022,132,19,Dry,La Nina,0,9.749999999999996,0
2022-05-13 08:00:00,29.7,34.8,26.4,9.3,91.0,72.0,14.0,40.0,Extreme Caution,13,5,2022,133,19,Dry,La Nina,0,10.3,0
2022-05-14 08:00:00,28.8,33.9,26.1,2.3,93.0,77.0,16.5,37.38,Extreme Caution,14,5,2022,134,19,Dry,La Nina,0,8.580000000000002,0
2022-05-15 08:00:00,28.2,33.5,25.7,7.4,92.0,80.0,15.5,35.1,Extreme Caution,15,5,2022,135,19,Dry,La Nina,0,6.900000000000002,0
2022-05-16 08:00:00,27.3,32.1,25.6,18.7,93.0,85.0,16.5,32.51,Caution,16,5,2022,136,20,Dry,La Nina,0,5.209999999999997,0
2022-05-17 08:00:00,27.2,31.0,25.5,12.4,92.0,84.0,14.5,32.02,Caution,17,5,2022,137,20,Dry,La Nina,0,4.820000000000004,0
2022-05-18 08:00:00,26.8,29.6,25.4,16.3,96.0,87.0,13.4,31.56,Caution,18,5,2022,138,20,Dry,La Nina,0,4.759999999999998,0
2022-05-19 08:00:00,26.8,30.6,24.8,14.3,95.0,87.0,16.9,31.39,Caution,19,5,2022,139,20,Dry,La Nina,0,4.59,0
2022-05-20 08:00:00,26.5,29.9,24.9,15.4,94.0,87.0,10.4,29.64,Caution,20,5,2022,140,20,Dry,La Nina,0,3.1400000000000006,0
2022-05-21 08:00:00,27.6,30.3,25.5,0.9,93.0,80.0,13.5,33.43,Extreme Caution,21,5,2022,141,20,Dry,La Nina,0,5.829999999999998,0
2022-05-22 08:00:00,26.5,30.0,25.2,15.3,95.0,88.0,14.6,29.71,Caution,22,5,2022,142,20,Dry,La Nina,0,3.210000000000001,0
2022-05-23 08:00:00,27.6,31.2,25.2,6.2,95.0,84.0,12.1,33.85,Extreme Caution,23,5,2022,143,21,Dry,La Nina,0,6.25,0
2022-05-24 08:00:00,29.0,32.2,26.5,0.5,95.0,80.0,15.5,38.67,Extreme Caution,24,5,2022,144,21,Dry,La Nina,0,9.670000000000002,0
2022-05-25 08:00:00,28.4,32.2,25.7,3.5,96.0,83.0,13.2,36.79,Extreme Caution,25,5,2022,145,21,Dry,La Nina,0,8.39,0
2022-05-26 08:00:00,28.1,31.7,24.9,9.4,95.0,82.0,16.9,35.5,Extreme Caution,26,5,2022,146,21,Dry,La Nina,0,7.399999999999999,0
2022-05-27 08:00:00,28.4,32.8,24.6,19.7,93.0,79.0,13.8,36.01,Extreme Caution,27,5,2022,147,21,Dry,La Nina,0,7.609999999999999,0
2022-05-28 08:00:00,26.6,28.2,25.0,15.3,96.0,88.0,8.9,30.1,Caution,28,5,2022,148,21,Dry,La Nina,0,3.5,0
2022-05-29 08:00:00,28.4,31.1,25.6,0.9,95.0,80.0,21.4,36.53,Extreme Caution,29,5,2022,149,21,Dry,La Nina,0,8.130000000000003,0
2022-05-30 08:00:00,27.7,32.5,24.1,12.9,94.0,81.0,13.0,33.96,Extreme Caution,30,5,2022,150,22,Dry,La Nina,0,6.260000000000002,0
2022-05-31 08:00:00,27.7,30.4,25.3,4.5,91.0,82.0,16.6,33.31,Extreme Caution,31,5,2022,151,22,Dry,La Nina,0,5.610000000000003,0
2022-06-01 08:00:00,27.2,29.7,25.2,3.1,99.0,86.0,10.0,33.38,Extreme Caution,1,6,2022,152,22,Wet,La Nina,0,6.180000000000003,0
2022-06-02 08:00:00,28.3,30.9,26.0,4.9,92.0,81.0,18.2,35.43,Extreme Caution,2,6,2022,153,22,Wet,La Nina,0,7.129999999999999,0
2022-06-03 08:00:00,28.4,31.8,25.5,0.3,93.0,78.0,24.1,36.01,Extreme Caution,3,6,2022,154,22,Wet,La Nina,0,7.609999999999999,0
2022-06-04 08:00:00,28.3,32.3,25.0,0.7,97.0,79.0,12.9,36.7,Extreme Caution,4,6,2022,155,22,Wet,La Nina,0,8.400000000000002,0
2022-06-05 08:00:00,29.4,32.7,26.1,0.1,93.0,74.0,16.3,39.54,Extreme Caution,5,6,2022,156,22,Wet,La Nina,0,10.14,0
2022-06-06 08:00:00,29.3,32.3,27.1,1.5,86.0,74.0,16.1,37.1,Extreme Caution,6,6,2022,157,23,Wet,La Nina,0,7.800000000000001,0
2022-06-07 08:00:00,28.1,31.4,24.1,37.4,93.0,79.0,18.2,35.02,Extreme Caution,7,6,2022,158,23,Wet,La Nina,0,6.920000000000002,0
2022-06-08 08:00:00,28.2,31.9,25.4,2.4,94.0,81.0,13.8,35.59,Extreme Caution,8,6,2022,159,23,Wet,La Nina,0,7.390000000000004,0
2022-06-09 08:00:00,29.1,32.8,26.0,0.7,97.0,77.0,15.9,39.66,Extreme Caution,9,6,2022,160,23,Wet,La Nina,0,10.559999999999995,0
2022-06-10 08:00:00,28.5,32.9,25.5,2.5,89.0,78.0,16.3,35.33,Extreme Caution,10,6,2022,161,23,Wet,La Nina,0,6.829999999999998,0
2022-06-11 08:00:00,29.1,32.4,25.8,4.7,89.0,77.0,14.6,37.29,Extreme Caution,11,6,2022,162,23,Wet,La Nina,0,8.189999999999998,0
2022-06-12 08:00:00,27.6,31.2,25.1,15.3,93.0,83.0,10.5,33.43,Extreme Caution,12,6,2022,163,23,Wet,La Nina,0,5.829999999999998,0
2022-06-13 08:00:00,28.4,32.3,26.0,10.7,95.0,82.0,18.8,36.53,Extreme Caution,13,6,2022,164,24,Wet,La Nina,0,8.130000000000003,0
2022-06-14 08:00:00,28.3,33.5,25.4,9.2,94.0,80.25,18.3,35.93,Extreme Caution,14,6,2022,165,24,Wet,La Nina,0,7.629999999999999,0
2022-06-15 08:00:00,28.6,32.9,25.8,5.2,94.0,78.5,14.3,36.96,Extreme Caution,15,6,2022,166,24,Wet,La Nina,0,8.36,0
2022-06-16 08:00:00,29.1,32.2,26.2,1.3,93.0,76.75,14.6,38.44,Extreme Caution,16,6,2022,167,24,Wet,La Nina,0,9.339999999999996,0
2022-06-17 08:00:00,29.4,32.8,26.1,0.8,93.0,75.0,12.6,39.54,Extreme Caution,17,6,2022,168,24,Wet,La Nina,0,10.14,0
2022-06-18 08:00:00,28.3,32.2,25.3,3.2,93.0,79.0,15.7,35.68,Extreme Caution,18,6,2022,169,24,Wet,La Nina,0,7.379999999999999,0
2022-06-19 08:00:00,28.1,33.1,24.9,8.8,93.0,80.0,9.4,35.02,Extreme Caution,19,6,2022,170,24,Wet,La Nina,0,6.920000000000002,0
2022-06-20 08:00:00,28.1,32.8,24.6,6.7,93.0,79.0,14.8,35.02,Extreme Caution,20,6,2022,171,25,Wet,La Nina,0,6.920000000000002,0
2022-06-21 08:00:00,27.8,32.3,23.9,14.9,95.0,79.0,23.2,34.5,Extreme Caution,21,6,2022,172,25,Wet,La Nina,0,6.699999999999999,0
2022-06-22 08:00:00,27.6,31.6,25.0,6.3,93.0,80.0,16.5,33.43,Extreme Caution,22,6,2022,173,25,Wet,La Nina,0,5.829999999999998,0
2022-06-23 08:00:00,27.6,31.1,25.6,2.1,90.0,80.0,14.2,32.8,Caution,23,6,2022,174,25,Wet,La Nina,0,5.199999999999996,0
2022-06-24 08:00:00,27.8,31.3,25.5,2.9,94.0,82.0,10.1,34.28,Extreme Caution,24,6,2022,175,25,Wet,La Nina,0,6.48,0
2022-06-25 08:00:00,28.2,30.8,25.9,2.7,98.0,82.0,10.5,36.6,Extreme Caution,25,6,2022,176,25,Wet,La Nina,0,8.400000000000002,0
2022-06-26 08:00:00,27.4,29.9,25.9,16.2,94.0,86.0,9.2,33.01,Extreme Caution,26,6,2022,177,25,Wet,La Nina,0,5.609999999999999,0
2022-06-27 08:00:00,26.4,28.7,25.4,31.2,95.0,89.0,10.8,29.41,Caution,27,6,2022,178,26,Wet,La Nina,0,3.0100000000000016,0
2022-06-28 08:00:00,26.4,29.3,25.1,29.1,93.0,88.0,17.7,29.27,Caution,28,6,2022,179,26,Wet,La Nina,0,2.870000000000001,0
2022-06-29 08:00:00,26.9,29.6,25.9,13.1,95.0,88.0,9.7,31.69,Caution,29,6,2022,180,26,Wet,La Nina,0,4.790000000000003,0
2022-06-30 08:00:00,27.5,30.5,25.8,20.6,96.0,86.0,16.8,33.74,Extreme Caution,30,6,2022,181,26,Wet,La Nina,0,6.240000000000002,0
2022-07-01 08:00:00,27.3,29.5,25.8,2.0,92.0,84.0,16.3,32.32,Caution,1,7,2022,182,26,Wet,La Nina,0,5.02,0
2022-07-02 08:00:00,28.3,30.5,26.0,0.2,94.0,82.0,10.8,35.93,Extreme Caution,2,7,2022,183,26,Wet,La Nina,0,7.629999999999999,0
2022-07-03 08:00:00,29.0,31.8,26.2,0.5,96.0,77.0,15.8,38.97,Extreme Caution,3,7,2022,184,26,Wet,La Nina,0,9.969999999999999,0
2022-07-04 08:00:00,27.8,32.2,25.1,2.9,96.0,84.0,11.8,34.73,Extreme Caution,4,7,2022,185,27,Wet,La Nina,0,6.929999999999996,0
2022-07-05 08:00:00,26.7,30.2,24.7,14.6,97.0,90.0,11.5,31.43,Caution,5,7,2022,186,27,Wet,La Nina,0,4.73,0
2022-07-06 08:00:00,26.9,30.8,24.6,23.7,94.0,86.0,11.1,31.51,Caution,6,7,2022,187,27,Wet,La Nina,0,4.610000000000003,0
2022-07-07 08:00:00,26.2,28.9,24.5,18.0,95.0,89.0,10.9,28.81,Caution,7,7,2022,188,27,Wet,La Nina,0,2.6099999999999994,0
2022-07-08 08:00:00,26.7,29.8,24.8,37.1,93.0,87.0,15.2,30.77,Caution,8,7,2022,189,27,Wet,La Nina,0,4.07,0
2022-07-09 08:00:00,27.8,31.0,25.9,6.9,90.0,82.0,16.5,33.4,Extreme Caution,9,7,2022,190,27,Wet,La Nina,0,5.599999999999998,0
2022-07-10 08:00:00,28.2,31.9,25.9,3.3,93.0,83.0,14.1,35.35,Extreme Caution,10,7,2022,191,27,Wet,La Nina,0,7.150000000000002,0
2022-07-11 08:00:00,27.5,32.0,24.8,16.6,95.0,85.0,20.4,33.53,Extreme Caution,11,7,2022,192,28,Wet,La Nina,0,6.030000000000001,0
2022-07-12 08:00:00,27.1,31.0,25.1,22.5,94.0,87.0,13.5,32.1,Caution,12,7,2022,193,28,Wet,La Nina,0,5.0,0
2022-07-13 08:00:00,27.4,29.5,25.1,3.6,97.0,86.0,18.9,33.63,Extreme Caution,13,7,2022,194,28,Wet,La Nina,0,6.230000000000004,0
2022-07-14 08:00:00,28.4,31.2,25.8,2.5,96.0,82.0,16.9,36.79,Extreme Caution,14,7,2022,195,28,Wet,La Nina,0,8.39,0
2022-07-15 08:00:00,28.1,31.0,25.5,11.8,96.0,84.0,13.1,35.74,Extreme Caution,15,7,2022,196,28,Wet,La Nina,0,7.640000000000001,0
2022-07-16 08:00:00,27.2,31.2,24.7,21.2,98.0,87.0,12.8,33.18,Extreme Caution,16,7,2022,197,28,Wet,La Nina,0,5.98,0
2022-07-17 08:00:00,26.6,30.0,24.5,18.0,98.0,88.0,11.3,30.26,Caution,17,7,2022,198,28,Wet,La Nina,0,3.66,0
2022-07-18 08:00:00,26.6,30.8,24.7,20.7,98.0,88.0,12.8,30.26,Caution,18,7,2022,199,29,Wet,La Nina,0,3.66,0
2022-07-19 08:00:00,27.7,31.4,25.5,7.0,92.0,83.0,15.5,33.52,Extreme Caution,19,7,2022,200,29,Wet,La Nina,0,5.820000000000004,0
2022-07-20 08:00:00,28.5,32.2,24.9,20.5,94.0,79.0,19.7,36.61,Extreme Caution,20,7,2022,201,29,Wet,La Nina,0,8.11,0
2022-07-21 08:00:00,27.6,29.5,26.0,0.1,98.0,87.0,8.1,34.51,Extreme Caution,21,7,2022,202,29,Wet,La Nina,0,6.909999999999997,0
2022-07-22 08:00:00,27.2,31.0,25.0,4.6,100.0,88.0,10.8,33.57,Extreme Caution,22,7,2022,203,29,Wet,La Nina,0,6.370000000000001,0
2022-07-23 08:00:00,28.1,31.9,25.5,4.6,99.0,85.0,12.3,36.49,Extreme Caution,23,7,2022,204,29,Wet,La Nina,0,8.39,0
2022-07-24 08:00:00,28.0,31.6,25.5,15.3,92.0,83.0,16.9,34.46,Extreme Caution,24,7,2022,205,29,Wet,La Nina,0,6.460000000000001,0
2022-07-25 08:00:00,27.7,32.0,25.1,18.5,95.0,84.0,9.0,34.18,Extreme Caution,25,7,2022,206,30,Wet,La Nina,0,6.48,0
2022-07-26 08:00:00,27.8,31.4,25.0,7.1,96.0,85.0,17.3,34.73,Extreme Caution,26,7,2022,207,30,Wet,La Nina,0,6.929999999999996,0
2022-07-27 08:00:00,27.6,30.5,25.9,13.4,95.0,85.0,21.6,33.85,Extreme Caution,27,7,2022,208,30,Wet,La Nina,0,6.25,0
2022-07-28 08:00:00,27.4,30.3,25.5,17.8,95.0,86.0,17.1,33.22,Extreme Caution,28,7,2022,209,30,Wet,La Nina,0,5.82,0
2022-07-29 08:00:00,27.0,29.2,25.5,26.0,93.0,87.0,19.8,31.62,Caution,29,7,2022,210,30,Wet,La Nina,0,4.620000000000001,0
2022-07-30 08:00:00,26.5,28.7,25.1,15.3,94.0,88.0,20.3,29.64,Caution,30,7,2022,211,30,Wet,La Nina,0,3.1400000000000006,0
2022-07-31 08:00:00,27.2,29.4,25.2,6.1,95.0,86.0,21.4,32.59,Caution,31,7,2022,212,30,Wet,La Nina,0,5.390000000000004,0
2022-08-01 08:00:00,26.6,30.1,24.7,10.5,96.0,87.0,20.0,30.1,Caution,1,8,2022,213,31,Wet,La Nina,0,3.5,0
2022-08-02 08:00:00,27.7,30.3,25.5,1.2,93.0,84.0,11.6,33.74,Extreme Caution,2,8,2022,214,31,Wet,La Nina,0,6.040000000000003,0
2022-08-03 08:00:00,27.6,31.4,24.5,17.4,96.0,83.0,16.6,34.07,Extreme Caution,3,8,2022,215,31,Wet,La Nina,0,6.469999999999999,0
2022-08-04 08:00:00,26.3,29.8,24.5,41.2,96.0,89.0,10.8,29.16,Caution,4,8,2022,216,31,Wet,La Nina,0,2.8599999999999994,0
2022-08-05 08:00:00,25.6,26.8,24.6,54.9,94.0,91.0,20.0,27.09,Caution,5,8,2022,217,31,Wet,La Nina,0,1.4899999999999984,0
2022-08-06 08:00:00,26.4,28.5,24.7,7.9,95.0,88.0,19.6,29.41,Caution,6,8,2022,218,31,Wet,La Nina,0,3.0100000000000016,0
2022-08-07 08:00:00,26.5,30.0,25.4,25.9,96.0,89.0,10.9,29.78,Caution,7,8,2022,219,31,Wet,La Nina,0,3.280000000000001,0
2022-08-08 08:00:00,26.4,29.0,25.4,15.0,94.0,88.0,15.0,29.34,Caution,8,8,2022,220,32,Wet,La Nina,0,2.9400000000000013,0
2022-08-09 08:00:00,27.3,30.0,25.0,1.2,96.0,83.0,21.6,33.1,Extreme Caution,9,8,2022,221,32,Wet,La Nina,0,5.800000000000001,0
2022-08-10 08:00:00,27.7,30.5,25.0,0.5,95.0,82.0,15.4,34.18,Extreme Caution,10,8,2022,222,32,Wet,La Nina,0,6.48,0
2022-08-11 08:00:00,26.6,28.9,24.5,4.8,95.0,87.0,13.2,30.02,Caution,11,8,2022,223,32,Wet,La Nina,0,3.419999999999998,0
2022-08-12 08:00:00,27.3,30.5,24.2,14.7,96.0,84.0,12.1,33.1,Extreme Caution,12,8,2022,224,32,Wet,La Nina,0,5.800000000000001,0
2022-08-13 08:00:00,26.7,29.9,25.0,15.9,95.0,87.0,17.7,31.1,Caution,13,8,2022,225,32,Wet,La Nina,0,4.400000000000002,0
2022-08-14 08:00:00,26.3,29.4,24.4,32.7,93.0,87.0,11.4,28.99,Caution,14,8,2022,226,32,Wet,La Nina,0,2.6899999999999977,0
2022-08-15 08:00:00,26.3,28.3,25.3,25.0,95.0,88.0,21.4,29.11,Caution,15,8,2022,227,33,Wet,La Nina,0,2.8099999999999987,0
2022-08-16 08:00:00,27.8,29.9,26.3,3.9,88.0,81.0,24.0,32.97,Caution,16,8,2022,228,33,Wet,La Nina,0,5.169999999999998,0
2022-08-17 08:00:00,26.7,29.5,25.0,22.7,95.0,86.0,26.3,31.1,Caution,17,8,2022,229,33,Wet,La Nina,0,4.400000000000002,0
2022-08-18 08:00:00,26.1,28.1,24.8,18.1,96.0,91.0,11.5,28.56,Caution,18,8,2022,230,33,Wet,La Nina,0,2.4599999999999973,0
2022-08-19 08:00:00,26.7,30.7,24.4,5.2,98.0,87.0,13.8,31.6,Caution,19,8,2022,231,33,Wet,La Nina,0,4.900000000000002,0
2022-08-20 08:00:00,26.6,29.8,24.2,5.9,98.0,89.0,13.0,30.26,Caution,20,8,2022,232,33,Wet,La Nina,0,3.66,0
2022-08-21 08:00:00,26.8,29.6,24.4,17.9,96.0,87.0,11.8,31.56,Caution,21,8,2022,233,33,Wet,La Nina,0,4.759999999999998,0
2022-08-22 08:00:00,26.7,28.6,25.1,19.8,92.0,86.0,23.7,30.6,Caution,22,8,2022,234,34,Wet,La Nina,0,3.900000000000002,0
2022-08-23 08:00:00,25.3,26.6,24.0,26.4,95.0,91.0,34.7,26.37,Normal,23,8,2022,235,34,Wet,La Nina,0,1.0700000000000003,0
2022-08-24 08:00:00,26.4,28.8,24.5,2.4,96.0,89.0,10.9,29.47,Caution,24,8,2022,236,34,Wet,La Nina,0,3.0700000000000003,0
2022-08-25 08:00:00,27.7,31.1,24.6,3.6,97.0,86.0,9.5,34.62,Extreme Caution,25,8,2022,237,34,Wet,La Nina,0,6.919999999999998,0
2022-08-26 08:00:00,27.7,30.8,25.2,2.0,96.0,86.0,9.4,34.4,Extreme Caution,26,8,2022,238,34,Wet,La Nina,0,6.699999999999999,0
2022-08-27 08:00:00,27.5,30.0,25.7,2.3,95.0,86.0,12.6,33.53,Extreme Caution,27,8,2022,239,34,Wet,La Nina,0,6.030000000000001,0
2022-08-28 08:00:00,27.2,31.5,24.6,12.3,96.0,85.0,10.4,32.79,Caution,28,8,2022,240,34,Wet,La Nina,0,5.59,0
2022-08-29 08:00:00,27.9,31.0,25.0,2.3,99.0,85.0,11.2,35.77,Extreme Caution,29,8,2022,241,35,Wet,La Nina,0,7.8700000000000045,0
2022-08-30 08:00:00,27.2,29.6,25.3,8.2,97.0,87.0,12.3,32.98,Caution,30,8,2022,242,35,Wet,La Nina,0,5.779999999999998,0
2022-08-31 08:00:00,27.4,29.5,25.3,2.7,95.0,87.0,17.2,33.22,Extreme Caution,31,8,2022,243,35,Wet,La Nina,0,5.82,0
2022-09-01 08:00:00,27.4,29.2,26.1,6.4,91.0,84.0,26.5,32.41,Caution,1,9,2022,244,35,Wet,La Nina,0,5.009999999999998,0
2022-09-02 08:00:00,26.6,28.0,25.5,32.5,91.0,88.0,27.7,29.7,Caution,2,9,2022,245,35,Wet,La Nina,0,3.099999999999998,0
2022-09-03 08:00:00,26.6,28.0,25.8,20.1,94.0,89.0,31.9,29.93,Caution,3,9,2022,246,35,Wet,La Nina,0,3.3299999999999983,0
2022-09-04 08:00:00,27.3,29.3,26.2,4.3,90.0,85.0,31.8,31.93,Caution,4,9,2022,247,35,Wet,La Nina,0,4.629999999999999,0
2022-09-05 08:00:00,27.3,29.9,25.5,9.4,95.0,86.0,24.6,32.9,Caution,5,9,2022,248,36,Wet,La Nina,0,5.599999999999998,0
2022-09-06 08:00:00,27.4,31.1,24.9,13.7,94.0,86.0,12.9,33.01,Extreme Caution,6,9,2022,249,36,Wet,La Nina,0,5.609999999999999,0
2022-09-07 08:00:00,28.5,32.3,25.6,0.3,96.0,83.0,7.6,37.15,Extreme Caution,7,9,2022,250,36,Wet,La Nina,0,8.649999999999999,0
2022-09-08 08:00:00,27.6,31.5,24.2,11.3,96.0,85.0,10.8,34.07,Extreme Caution,8,9,2022,251,36,Wet,La Nina,0,6.469999999999999,0
2022-09-09 08:00:00,26.9,30.6,24.5,16.9,96.0,86.0,10.9,31.86,Caution,9,9,2022,252,36,Wet,La Nina,0,4.960000000000001,0
2022-09-10 08:00:00,26.7,28.1,24.5,9.8,94.0,86.0,24.1,30.93,Caution,10,9,2022,253,36,Wet,La Nina,0,4.23,0
2022-09-11 08:00:00,27.3,29.1,25.6,7.3,91.0,83.0,20.8,32.12,Caution,11,9,2022,254,36,Wet,La Nina,0,4.819999999999997,0
2022-09-12 08:00:00,27.8,29.9,26.3,5.5,91.0,82.0,21.6,33.61,Extreme Caution,12,9,2022,255,37,Wet,La Nina,0,5.809999999999999,0
2022-09-13 08:00:00,27.9,30.1,25.9,1.6,90.0,81.0,20.3,33.7,Extreme Caution,13,9,2022,256,37,Wet,La Nina,0,5.800000000000004,0
2022-09-14 08:00:00,27.1,29.2,25.6,9.1,93.0,85.0,24.4,31.92,Caution,14,9,2022,257,37,Wet,La Nina,0,4.82,0
2022-09-15 08:00:00,27.4,29.5,25.5,2.1,91.0,84.0,22.1,32.41,Caution,15,9,2022,258,37,Wet,La Nina,0,5.009999999999998,0
2022-09-16 08:00:00,26.7,29.2,24.9,30.8,93.0,85.0,21.0,30.77,Caution,16,9,2022,259,37,Wet,La Nina,0,4.07,0
2022-09-17 08:00:00,26.9,29.0,25.1,14.5,94.0,85.0,15.5,31.51,Caution,17,9,2022,260,37,Wet,La Nina,0,4.610000000000003,0
2022-09-18 08:00:00,26.8,29.2,25.6,15.7,93.0,86.0,28.3,31.05,Caution,18,9,2022,261,37,Wet,La Nina,0,4.25,0
2022-09-19 08:00:00,26.1,28.3,25.2,29.1,93.0,88.0,24.0,28.43,Caution,19,9,2022,262,38,Wet,La Nina,0,2.3299999999999983,0
2022-09-20 08:00:00,25.8,26.7,25.1,29.1,93.0,90.0,21.8,27.61,Caution,20,9,2022,263,38,Wet,La Nina,0,1.8099999999999987,0
2022-09-21 08:00:00,25.8,28.6,24.0,19.1,96.0,89.0,21.7,27.68,Caution,21,9,2022,264,38,Wet,La Nina,0,1.879999999999999,0
2022-09-22 08:00:00,26.0,28.2,23.5,8.3,96.0,87.0,13.9,28.26,Caution,22,9,2022,265,38,Wet,La Nina,0,2.2600000000000016,0
2022-09-23 08:00:00,25.9,29.0,23.9,18.2,99.0,88.0,14.8,28.06,Caution,23,9,2022,266,38,Wet,La Nina,0,2.16,0
2022-09-24 08:00:00,27.4,29.9,25.0,0.4,98.0,86.0,12.0,33.83,Extreme Caution,24,9,2022,267,38,Wet,La Nina,0,6.43,0
2022-09-25 08:00:00,26.4,28.0,25.3,78.4,93.0,88.0,41.8,29.27,Caution,25,9,2022,268,38,Wet,La Nina,0,2.870000000000001,0
2022-09-26 08:00:00,26.7,30.2,25.2,10.8,95.0,88.0,16.6,31.1,Caution,26,9,2022,269,39,Wet,La Nina,0,4.400000000000002,0
2022-09-27 08:00:00,26.6,30.2,24.4,12.4,97.0,88.0,14.5,30.18,Caution,27,9,2022,270,39,Wet,La Nina,0,3.5799999999999983,0
2022-09-28 08:00:00,26.7,29.6,24.5,16.6,98.0,88.0,11.3,31.6,Caution,28,9,2022,271,39,Wet,La Nina,0,4.900000000000002,0
2022-09-29 08:00:00,27.0,30.5,25.0,3.2,97.0,86.0,10.2,32.35,Caution,29,9,2022,272,39,Wet,La Nina,0,5.350000000000001,0
2022-09-30 08:00:00,26.6,29.1,24.5,5.3,96.0,86.0,15.2,30.1,Caution,30,9,2022,273,39,Wet,La Nina,0,3.5,0
2022-10-01 08:00:00,27.3,31.6,24.4,0.8,97.0,84.0,17.7,33.3,Extreme Caution,1,10,2022,274,39,Wet,La Nina,0,5.9999999999999964,0
2022-10-02 08:00:00,27.4,30.7,24.9,4.4,95.0,84.0,11.9,33.22,Extreme Caution,2,10,2022,275,39,Wet,La Nina,0,5.82,0
2022-10-03 08:00:00,26.7,30.4,24.0,6.1,96.0,88.0,13.2,31.26,Caution,3,10,2022,276,40,Wet,La Nina,0,4.560000000000002,0
2022-10-04 08:00:00,27.0,29.9,25.2,11.6,96.0,88.0,10.0,32.17,Caution,4,10,2022,277,40,Wet,La Nina,0,5.170000000000002,0
2022-10-05 08:00:00,27.2,30.1,25.4,8.4,94.0,86.0,13.2,32.4,Caution,5,10,2022,278,40,Wet,La Nina,0,5.199999999999999,0
2022-10-06 08:00:00,28.1,32.0,24.9,1.0,94.0,81.0,10.5,35.26,Extreme Caution,6,10,2022,279,40,Wet,La Nina,0,7.159999999999997,0
2022-10-07 08:00:00,27.0,30.4,24.8,5.2,99.0,87.0,11.3,32.72,Caution,7,10,2022,280,40,Wet,La Nina,0,5.719999999999999,0
2022-10-08 08:00:00,27.6,30.8,25.0,1.1,96.0,85.0,9.1,34.07,Extreme Caution,8,10,2022,281,40,Wet,La Nina,0,6.469999999999999,0
2022-10-09 08:00:00,27.1,30.2,24.6,2.9,96.0,85.0,10.1,32.48,Caution,9,10,2022,282,40,Wet,La Nina,0,5.3799999999999955,0
2022-10-10 08:00:00,27.2,30.5,24.6,1.0,94.0,81.0,18.5,32.4,Caution,10,10,2022,283,41,Wet,La Nina,0,5.199999999999999,0
2022-10-11 08:00:00,27.7,30.8,25.0,5.8,93.0,80.0,19.9,33.74,Extreme Caution,11,10,2022,284,41,Wet,La Nina,0,6.040000000000003,0
2022-10-12 08:00:00,27.8,29.6,25.7,3.5,94.0,82.0,16.4,34.28,Extreme Caution,12,10,2022,285,41,Wet,La Nina,0,6.48,0
2022-10-13 08:00:00,27.1,30.9,24.3,23.1,98.0,86.0,11.6,32.85,Caution,13,10,2022,286,41,Wet,La Nina,0,5.75,0
2022-10-14 08:00:00,27.2,30.0,24.8,23.0,95.0,85.0,15.0,32.59,Caution,14,10,2022,287,41,Wet,La Nina,0,5.390000000000004,0
2022-10-15 08:00:00,28.2,30.2,26.4,1.7,88.0,79.0,23.8,34.15,Extreme Caution,15,10,2022,288,41,Wet,La Nina,0,5.949999999999999,0
2022-10-16 08:00:00,27.1,30.0,25.5,4.4,92.0,84.0,27.0,31.73,Caution,16,10,2022,289,41,Wet,La Nina,0,4.629999999999999,0
2022-10-17 08:00:00,27.0,28.9,25.1,4.4,94.0,86.0,22.0,31.8,Caution,17,10,2022,290,42,Wet,La Nina,0,4.800000000000001,0
2022-10-18 08:00:00,27.0,30.2,24.5,5.4,95.0,86.0,12.3,31.99,Caution,18,10,2022,291,42,Wet,La Nina,0,4.989999999999998,0
2022-10-19 08:00:00,26.4,29.8,24.1,29.6,97.0,89.0,10.7,29.54,Caution,19,10,2022,292,42,Wet,La Nina,0,3.1400000000000006,0
2022-10-20 08:00:00,25.9,28.9,24.3,17.2,96.0,90.0,10.1,27.97,Caution,20,10,2022,293,42,Wet,La Nina,0,2.0700000000000003,0
2022-10-21 08:00:00,27.4,30.5,25.0,1.6,97.0,87.0,8.7,33.63,Extreme Caution,21,10,2022,294,42,Wet,La Nina,0,6.230000000000004,0
2022-10-22 08:00:00,27.5,31.1,25.1,7.4,97.0,86.0,13.8,33.95,Extreme Caution,22,10,2022,295,42,Wet,La Nina,0,6.450000000000003,0
2022-10-23 08:00:00,27.1,29.9,24.8,4.8,98.0,89.0,7.5,32.85,Caution,23,10,2022,296,42,Wet,La Nina,0,5.75,0
2022-10-24 08:00:00,27.4,29.8,25.1,4.4,96.0,86.0,11.8,33.42,Extreme Caution,24,10,2022,297,43,Wet,La Nina,0,6.020000000000003,0
2022-10-25 08:00:00,26.1,28.7,25.0,38.4,93.0,88.0,12.8,28.43,Caution,25,10,2022,298,43,Wet,La Nina,0,2.3299999999999983,0
2022-10-26 08:00:00,27.0,30.6,24.0,2.1,98.0,82.0,18.0,32.53,Caution,26,10,2022,299,43,Wet,La Nina,0,5.530000000000001,0
2022-10-27 08:00:00,28.0,32.0,25.5,0.0,91.0,75.0,12.5,34.23,Extreme Caution,27,10,2022,300,43,Wet,La Nina,0,6.229999999999997,0
2022-10-28 08:00:00,26.6,28.5,24.9,31.7,92.0,84.0,29.3,29.78,Caution,28,10,2022,301,43,Wet,La Nina,0,3.1799999999999997,0
2022-10-29 08:00:00,25.6,26.8,25.0,130.3,95.0,91.0,44.2,27.1,Caution,29,10,2022,302,43,Wet,La Nina,0,1.5,0
2022-10-30 08:00:00,27.1,28.5,25.5,18.3,94.0,87.0,30.8,32.1,Caution,30,10,2022,303,43,Wet,La Nina,0,5.0,0
2022-10-31 08:00:00,27.4,29.9,25.8,3.1,93.0,84.0,23.1,32.81,Caution,31,10,2022,304,44,Wet,La Nina,0,5.410000000000004,0
2022-11-01 08:00:00,26.5,28.5,24.1,18.5,99.0,88.0,19.6,30.01,Caution,1,11,2022,305,44,Wet,La Nina,0,3.5100000000000016,0
2022-11-02 08:00:00,26.9,29.8,24.3,0.5,96.0,86.0,14.1,31.86,Caution,2,11,2022,306,44,Wet,La Nina,0,4.960000000000001,0
2022-11-03 08:00:00,26.2,29.8,23.7,11.4,98.0,89.0,11.6,28.97,Caution,3,11,2022,307,44,Wet,La Nina,0,2.7699999999999996,0
2022-11-04 08:00:00,26.2,29.0,23.6,9.7,100.0,90.0,7.2,29.07,Caution,4,11,2022,308,44,Wet,La Nina,0,2.870000000000001,0
2022-11-05 08:00:00,26.6,29.6,24.1,5.4,97.0,88.0,7.6,30.18,Caution,5,11,2022,309,44,Wet,La Nina,0,3.5799999999999983,0
2022-11-06 08:00:00,27.1,29.6,24.6,0.5,96.0,85.0,12.2,32.48,Caution,6,11,2022,310,44,Wet,La Nina,0,5.3799999999999955,0
2022-11-07 08:00:00,27.1,29.5,25.0,1.3,97.0,87.0,10.8,32.66,Caution,7,11,2022,311,45,Wet,La Nina,0,5.559999999999995,0
2022-11-08 08:00:00,26.1,27.5,24.5,6.4,97.0,91.0,6.9,28.61,Caution,8,11,2022,312,45,Wet,La Nina,0,2.509999999999998,0
2022-11-09 08:00:00,27.4,30.6,24.7,1.1,100.0,87.0,8.1,34.25,Extreme Caution,9,11,2022,313,45,Wet,La Nina,0,6.850000000000001,0
2022-11-10 08:00:00,27.4,30.6,24.7,0.5,98.0,83.0,15.8,33.83,Extreme Caution,10,11,2022,314,45,Wet,La Nina,0,6.43,0
2022-11-11 08:00:00,27.6,31.0,24.8,0.1,97.0,83.0,13.1,34.29,Extreme Caution,11,11,2022,315,45,Wet,La Nina,0,6.689999999999998,0
2022-11-12 08:00:00,27.0,30.5,24.1,6.1,99.0,88.0,7.6,32.72,Caution,12,11,2022,316,45,Wet,La Nina,0,5.719999999999999,0
2022-11-13 08:00:00,27.6,31.1,24.7,0.5,97.0,86.0,7.2,34.29,Extreme Caution,13,11,2022,317,45,Wet,La Nina,0,6.689999999999998,0
2022-11-14 08:00:00,27.8,31.5,25.0,1.0,97.0,84.0,16.5,34.96,Extreme Caution,14,11,2022,318,46,Wet,La Nina,0,7.16,0
2022-11-15 08:00:00,27.6,31.0,25.1,0.9,96.0,84.0,11.4,34.07,Extreme Caution,15,11,2022,319,46,Wet,La Nina,0,6.469999999999999,0
2022-11-16 08:00:00,27.7,31.5,24.8,0.8,93.0,80.0,15.5,33.74,Extreme Caution,16,11,2022,320,46,Wet,La Nina,0,6.040000000000003,0
2022-11-17 08:00:00,27.3,31.0,24.6,3.8,96.0,82.0,12.9,33.1,Extreme Caution,17,11,2022,321,46,Wet,La Nina,0,5.800000000000001,0
2022-11-18 08:00:00,26.8,29.9,24.5,2.1,97.0,85.0,13.0,31.73,Caution,18,11,2022,322,46,Wet,La Nina,0,4.93,0
2022-11-19 08:00:00,26.1,29.6,24.5,26.7,95.0,88.0,12.6,28.52,Caution,19,11,2022,323,46,Wet,La Nina,0,2.419999999999998,0
2022-11-20 08:00:00,26.8,29.6,24.5,1.1,98.0,86.0,17.3,31.91,Caution,20,11,2022,324,46,Wet,La Nina,0,5.109999999999999,0
2022-11-21 08:00:00,26.5,29.3,25.0,10.0,93.0,86.0,18.5,29.56,Caution,21,11,2022,325,47,Wet,La Nina,0,3.0599999999999987,0
2022-11-22 08:00:00,27.3,30.2,24.9,0.2,94.0,83.0,17.4,32.71,Caution,22,11,2022,326,47,Wet,La Nina,0,5.41,0
2022-11-23 08:00:00,27.4,30.1,24.5,0.7,97.0,82.0,15.0,33.63,Extreme Caution,23,11,2022,327,47,Wet,La Nina,0,6.230000000000004,0
2022-11-24 08:00:00,27.8,31.9,24.6,0.1,97.0,81.0,15.2,34.96,Extreme Caution,24,11,2022,328,47,Wet,La Nina,0,7.16,0
2022-11-25 08:00:00,26.9,30.5,24.1,1.3,96.0,84.0,13.2,31.86,Caution,25,11,2022,329,47,Wet,La Nina,0,4.960000000000001,0
2022-11-26 08:00:00,26.8,30.8,22.8,0.7,100.0,85.0,10.1,32.25,Caution,26,11,2022,330,47,Wet,La Nina,0,5.449999999999999,0
2022-11-27 08:00:00,27.1,30.8,23.6,0.0,97.0,78.0,16.6,32.66,Caution,27,11,2022,331,47,Wet,La Nina,0,5.559999999999995,0
2022-11-28 08:00:00,27.2,29.9,24.5,2.5,97.0,84.0,11.2,32.98,Caution,28,11,2022,332,48,Wet,La Nina,0,5.779999999999998,0
2022-11-29 08:00:00,27.8,32.2,24.6,0.2,100.0,83.0,7.8,35.66,Extreme Caution,29,11,2022,333,48,Wet,La Nina,0,7.859999999999996,0
2022-11-30 08:00:00,27.5,31.7,24.5,22.7,97.0,84.0,14.5,33.95,Extreme Caution,30,11,2022,334,48,Wet,La Nina,0,6.450000000000003,0
2022-12-01 08:00:00,27.2,30.5,24.6,0.8,95.0,82.0,16.5,32.59,Caution,1,12,2022,335,48,Cool Dry,La Nina,0,5.390000000000004,0
2022-12-02 08:00:00,27.3,31.4,24.1,0.7,98.0,82.0,20.0,33.5,Extreme Caution,2,12,2022,336,48,Cool Dry,La Nina,0,6.199999999999999,0
2022-12-03 08:00:00,27.8,31.8,24.8,0.3,96.0,80.0,15.1,34.73,Extreme Caution,3,12,2022,337,48,Cool Dry,La Nina,0,6.929999999999996,0
2022-12-04 08:00:00,27.3,31.0,24.5,0.3,99.0,84.0,10.5,33.71,Extreme Caution,4,12,2022,338,48,Cool Dry,La Nina,0,6.41,0
2022-12-05 08:00:00,27.0,30.1,24.1,0.3,98.0,84.0,11.5,32.53,Caution,5,12,2022,339,49,Cool Dry,La Nina,0,5.530000000000001,0
2022-12-06 08:00:00,27.4,31.0,24.0,0.7,92.0,79.0,15.0,32.61,Caution,6,12,2022,340,49,Cool Dry,La Nina,0,5.210000000000001,0
2022-12-07 08:00:00,27.1,30.6,24.0,1.4,99.0,82.0,11.0,33.05,Extreme Caution,7,12,2022,341,49,Cool Dry,La Nina,0,5.949999999999996,0
2022-12-08 08:00:00,26.9,29.2,24.5,3.7,95.0,84.0,13.5,31.69,Caution,8,12,2022,342,49,Cool Dry,La Nina,0,4.790000000000003,0
2022-12-09 08:00:00,25.9,28.7,24.5,8.6,96.0,90.0,9.0,27.97,Caution,9,12,2022,343,49,Cool Dry,La Nina,0,2.0700000000000003,0
2022-12-10 08:00:00,25.7,28.6,23.8,11.9,96.0,88.0,12.0,27.39,Caution,10,12,2022,344,49,Cool Dry,La Nina,0,1.6900000000000013,0
2022-12-11 08:00:00,26.7,29.0,24.4,1.2,94.0,82.0,10.0,30.93,Caution,11,12,2022,345,49,Cool Dry,La Nina,0,4.23,0
2022-12-12 08:00:00,26.9,29.2,24.6,0.6,94.0,82.0,8.3,31.51,Caution,12,12,2022,346,50,Cool Dry,La Nina,0,4.610000000000003,0
2022-12-13 08:00:00,27.0,29.8,25.0,2.0,94.0,84.0,10.0,31.8,Caution,13,12,2022,347,50,Cool Dry,La Nina,0,4.800000000000001,0
2022-12-14 08:00:00,26.6,30.1,24.5,2.5,97.0,87.0,11.5,30.18,Caution,14,12,2022,348,50,Cool Dry,La Nina,0,3.5799999999999983,0
2022-12-15 08:00:00,27.2,31.1,25.0,0.7,96.0,84.0,15.1,32.79,Caution,15,12,2022,349,50,Cool Dry,La Nina,0,5.59,0
2022-12-16 08:00:00,27.6,32.1,24.8,0.1,95.0,79.0,15.2,33.85,Extreme Caution,16,12,2022,350,50,Cool Dry,La Nina,0,6.25,0
2022-12-17 08:00:00,27.2,30.5,24.9,1.3,93.0,80.0,14.4,32.21,Caution,17,12,2022,351,50,Cool Dry,La Nina,0,5.010000000000002,0
2022-12-18 08:00:00,26.4,29.2,24.2,0.3,79.0,73.0,24.3,28.4,Caution,18,12,2022,352,50,Cool Dry,La Nina,0,2.0,0
2022-12-19 08:00:00,25.4,27.4,23.6,2.2,89.0,79.0,24.1,26.32,Normal,19,12,2022,353,51,Cool Dry,La Nina,0,0.9200000000000017,0
2022-12-20 08:00:00,24.8,27.5,23.1,17.0,97.0,90.0,15.5,25.87,Normal,20,12,2022,354,51,Cool Dry,La Nina,0,1.0700000000000003,0
2022-12-21 08:00:00,25.7,29.1,23.0,3.1,96.0,87.0,18.1,27.39,Caution,21,12,2022,355,51,Cool Dry,La Nina,0,1.6900000000000013,0
2022-12-22 08:00:00,25.8,27.9,24.1,0.7,88.0,78.0,14.4,27.49,Caution,22,12,2022,356,51,Cool Dry,La Nina,0,1.6899999999999977,0
2022-12-23 08:00:00,25.5,28.6,23.5,0.5,83.0,71.0,13.4,26.27,Normal,23,12,2022,357,51,Cool Dry,La Nina,0,0.7699999999999996,0
2022-12-24 08:00:00,24.7,27.7,22.9,0.0,80.0,68.0,13.5,25.31,Normal,24,12,2022,358,51,Cool Dry,La Nina,0,0.6099999999999994,0
2022-12-25 08:00:00,24.1,27.0,21.8,0.0,88.0,72.0,14.3,24.86,Normal,25,12,2022,359,51,Cool Dry,La Nina,0,0.759999999999998,0
2022-12-26 08:00:00,24.6,27.7,22.0,0.0,92.0,71.0,15.5,25.52,Normal,26,12,2022,360,52,Cool Dry,La Nina,0,0.9199999999999982,0
2022-12-27 08:00:00,24.5,27.1,22.3,0.0,92.0,77.0,13.0,25.41,Normal,27,12,2022,361,52,Cool Dry,La Nina,0,0.9100000000000001,0
2022-12-28 08:00:00,25.3,29.2,22.5,11.6,94.0,77.0,18.7,26.34,Normal,28,12,2022,362,52,Cool Dry,La Nina,0,1.0399999999999991,0
2022-12-29 08:00:00,25.0,27.7,23.1,3.6,95.0,85.0,20.5,26.04,Normal,29,12,2022,363,52,Cool Dry,La Nina,0,1.0399999999999991,0
2022-12-30 08:00:00,26.4,30.8,23.1,0.3,91.0,80.0,11.2,29.14,Caution,30,12,2022,364,52,Cool Dry,La Nina,0,2.740000000000002,0
2022-12-31 08:00:00,25.7,29.0,23.2,11.2,97.0,84.0,8.1,27.41,Caution,31,12,2022,365,52,Cool Dry,La Nina,0,1.7100000000000009,0
2023-01-01 08:00:00,26.2,28.8,23.5,1.4,98.0,86.0,7.3,28.97,Caution,1,1,2023,1,52,Cool Dry,El Nino,1,2.7699999999999996,0
2023-01-02 08:00:00,26.8,31.1,23.9,5.3,94.0,80.0,14.4,31.22,Caution,2,1,2023,2,1,Cool Dry,El Nino,1,4.419999999999998,0
2023-01-03 08:00:00,26.0,28.8,24.6,2.8,90.0,82.0,14.0,28.04,Caution,3,1,2023,3,1,Cool Dry,El Nino,1,2.039999999999999,0
2023-01-04 08:00:00,25.6,28.5,23.6,7.6,98.0,84.0,14.3,27.13,Caution,4,1,2023,4,1,Cool Dry,El Nino,1,1.5299999999999976,0
2023-01-05 08:00:00,24.9,27.0,23.6,4.3,98.0,92.0,8.0,26.0,Normal,5,1,2023,5,1,Cool Dry,El Nino,1,1.1000000000000014,0
2023-01-06 08:00:00,24.9,28.0,23.2,17.6,99.0,91.0,13.2,26.03,Normal,6,1,2023,6,1,Cool Dry,El Nino,1,1.1300000000000026,0
2023-01-07 08:00:00,25.1,29.4,21.8,0.2,97.0,80.0,21.6,26.2,Normal,7,1,2023,7,1,Cool Dry,El Nino,1,1.0999999999999979,0
2023-01-08 08:00:00,24.6,28.5,21.6,1.0,95.0,79.0,17.0,25.6,Normal,8,1,2023,8,1,Cool Dry,El Nino,1,1.0,0
2023-01-09 08:00:00,25.3,29.5,22.2,0.0,94.0,78.0,10.8,26.34,Normal,9,1,2023,9,2,Cool Dry,El Nino,1,1.0399999999999991,0
2023-01-10 08:00:00,25.1,28.6,22.5,0.1,96.0,81.0,11.2,26.17,Normal,10,1,2023,10,2,Cool Dry,El Nino,1,1.0700000000000003,0
2023-01-11 08:00:00,25.4,29.4,21.9,0.0,100.0,79.0,11.7,26.61,Normal,11,1,2023,11,2,Cool Dry,El Nino,1,1.2100000000000009,0
2023-01-12 08:00:00,25.7,30.3,22.6,0.0,98.0,78.0,16.5,27.42,Caution,12,1,2023,12,2,Cool Dry,El Nino,1,1.7200000000000024,0
2023-01-13 08:00:00,25.7,29.1,23.2,1.2,98.0,83.0,13.8,27.42,Caution,13,1,2023,13,2,Cool Dry,El Nino,1,1.7200000000000024,0
2023-01-14 08:00:00,25.1,27.8,23.1,10.6,98.0,89.0,9.8,26.22,Normal,14,1,2023,14,2,Cool Dry,El Nino,1,1.1199999999999974,0
2023-01-15 08:00:00,24.6,27.5,23.1,16.2,99.0,93.0,10.6,25.7,Normal,15,1,2023,15,2,Cool Dry,El Nino,1,1.0999999999999979,0
2023-01-16 08:00:00,25.4,28.5,23.0,2.0,97.0,85.0,8.3,26.53,Normal,16,1,2023,16,3,Cool Dry,El Nino,1,1.1300000000000026,0
2023-01-17 08:00:00,25.9,29.0,24.0,2.8,93.0,83.0,19.1,27.88,Caution,17,1,2023,17,3,Cool Dry,El Nino,1,1.9800000000000004,0
2023-01-18 08:00:00,25.5,29.0,23.7,4.7,90.0,84.0,12.4,26.46,Normal,18,1,2023,18,3,Cool Dry,El Nino,1,0.9600000000000009,0
2023-01-19 08:00:00,26.1,29.5,23.8,0.1,88.0,76.0,14.0,28.21,Caution,19,1,2023,19,3,Cool Dry,El Nino,1,2.1099999999999994,0
2023-01-20 08:00:00,25.9,29.1,23.8,0.8,91.0,80.0,15.9,27.82,Caution,20,1,2023,20,3,Cool Dry,El Nino,1,1.9200000000000017,0
2023-01-21 08:00:00,25.5,28.4,23.1,4.6,98.0,84.0,11.1,26.66,Normal,21,1,2023,21,3,Cool Dry,El Nino,1,1.1600000000000001,0
2023-01-22 08:00:00,25.6,29.0,22.5,0.4,98.0,83.0,12.6,27.13,Caution,22,1,2023,22,3,Cool Dry,El Nino,1,1.5299999999999976,0
2023-01-23 08:00:00,26.4,31.0,23.4,0.3,94.0,77.0,11.2,29.34,Caution,23,1,2023,23,4,Cool Dry,El Nino,1,2.9400000000000013,0
2023-01-24 08:00:00,26.4,30.6,23.6,0.5,86.0,71.0,16.2,28.83,Caution,24,1,2023,24,4,Cool Dry,El Nino,1,2.4299999999999997,0
2023-01-25 08:00:00,24.9,29.0,22.1,0.0,84.0,72.0,17.7,25.64,Normal,25,1,2023,25,4,Cool Dry,El Nino,1,0.740000000000002,0
2023-01-26 08:00:00,25.9,29.5,23.6,0.0,84.0,72.0,18.0,27.6,Caution,26,1,2023,26,4,Cool Dry,El Nino,1,1.7000000000000028,0
2023-01-27 08:00:00,24.9,27.5,23.0,8.4,91.0,82.0,16.8,25.82,Normal,27,1,2023,27,4,Cool Dry,El Nino,1,0.9200000000000017,0
2023-01-28 08:00:00,24.7,27.6,22.3,0.0,87.0,74.0,16.3,25.5,Normal,28,1,2023,28,4,Cool Dry,El Nino,1,0.8000000000000007,0
2023-01-29 08:00:00,24.6,27.8,22.4,0.1,89.0,76.0,18.6,25.44,Normal,29,1,2023,29,4,Cool Dry,El Nino,1,0.8399999999999999,0
2023-01-30 08:00:00,25.6,29.0,23.1,0.0,93.0,77.0,13.0,26.64,Normal,30,1,2023,30,5,Cool Dry,El Nino,1,1.0399999999999991,0
2023-01-31 08:00:00,25.3,28.6,22.9,0.0,94.0,77.0,18.8,26.34,Normal,31,1,2023,31,5,Cool Dry,El Nino,1,1.0399999999999991,0
2023-02-01 08:00:00,26.6,31.0,23.8,0.0,97.0,78.0,21.1,30.18,Caution,1,2,2023,32,5,Cool Dry,El Nino,1,3.5799999999999983,0
2023-02-02 08:00:00,26.3,31.1,22.8,0.6,100.0,82.0,15.9,29.41,Caution,2,2,2023,33,5,Cool Dry,El Nino,1,3.1099999999999994,0
2023-02-03 08:00:00,26.6,31.7,23.1,0.8,96.0,76.0,16.2,30.1,Caution,3,2,2023,34,5,Cool Dry,El Nino,1,3.5,0
2023-02-04 08:00:00,26.2,30.8,22.5,0.0,93.0,70.0,18.4,28.71,Caution,4,2,2023,35,5,Cool Dry,El Nino,1,2.5100000000000016,0
2023-02-05 08:00:00,26.4,30.6,23.7,2.1,92.0,74.0,15.2,29.21,Caution,5,2,2023,36,5,Cool Dry,El Nino,1,2.8100000000000023,0
2023-02-06 08:00:00,26.5,29.5,24.4,0.6,95.0,81.0,10.7,29.71,Caution,6,2,2023,37,6,Cool Dry,El Nino,1,3.210000000000001,0
2023-02-07 08:00:00,26.8,31.0,23.4,0.5,97.0,79.0,15.0,31.73,Caution,7,2,2023,38,6,Cool Dry,El Nino,1,4.93,0
2023-02-08 08:00:00,26.4,30.5,22.6,3.9,96.0,78.0,13.9,29.47,Caution,8,2,2023,39,6,Cool Dry,El Nino,1,3.0700000000000003,0
2023-02-09 08:00:00,26.2,31.1,22.1,0.1,96.0,72.0,19.5,28.86,Caution,9,2,2023,40,6,Cool Dry,El Nino,1,2.66,0
2023-02-10 08:00:00,26.5,31.9,22.2,0.0,99.0,73.0,16.6,30.01,Caution,10,2,2023,41,6,Cool Dry,El Nino,1,3.5100000000000016,0
2023-02-11 08:00:00,27.2,32.1,23.6,0.0,94.0,72.0,22.9,32.4,Caution,11,2,2023,42,6,Cool Dry,El Nino,1,5.199999999999999,0
2023-02-12 08:00:00,26.9,32.1,22.6,0.2,95.0,74.0,20.9,31.69,Caution,12,2,2023,43,6,Cool Dry,El Nino,1,4.790000000000003,0
2023-02-13 08:00:00,26.5,29.8,22.4,0.3,99.0,75.0,19.1,30.01,Caution,13,2,2023,44,7,Cool Dry,El Nino,1,3.5100000000000016,0
2023-02-14 08:00:00,26.0,29.8,21.6,1.2,96.0,73.0,11.9,28.26,Caution,14,2,2023,45,7,Cool Dry,El Nino,1,2.2600000000000016,0
2023-02-15 08:00:00,26.6,31.3,23.6,0.0,86.0,65.0,20.8,29.31,Caution,15,2,2023,46,7,Cool Dry,El Nino,1,2.7099999999999973,0
2023-02-16 08:00:00,25.6,29.8,21.7,2.6,85.0,67.0,19.3,26.43,Normal,16,2,2023,47,7,Cool Dry,El Nino,1,0.8299999999999983,0
2023-02-17 08:00:00,26.0,30.7,22.9,0.0,92.0,67.0,18.9,28.11,Caution,17,2,2023,48,7,Cool Dry,El Nino,1,2.1099999999999994,0
2023-02-18 08:00:00,26.7,31.0,23.6,3.3,91.0,70.0,18.0,30.44,Caution,18,2,2023,49,7,Cool Dry,El Nino,1,3.740000000000002,0
2023-02-19 08:00:00,24.2,24.9,23.4,19.3,96.0,91.0,14.7,25.18,Normal,19,2,2023,50,7,Cool Dry,El Nino,1,0.9800000000000004,0
2023-02-20 08:00:00,25.8,29.3,23.5,6.4,95.0,86.0,11.9,27.66,Caution,20,2,2023,51,8,Cool Dry,El Nino,1,1.8599999999999994,0
2023-02-21 08:00:00,25.6,28.4,22.2,1.3,90.0,80.0,12.2,26.57,Normal,21,2,2023,52,8,Cool Dry,El Nino,1,0.9699999999999989,0
2023-02-22 08:00:00,25.9,28.8,23.0,0.0,92.0,77.0,14.0,27.85,Caution,22,2,2023,53,8,Cool Dry,El Nino,1,1.9500000000000028,0
2023-02-23 08:00:00,26.2,29.9,23.4,0.0,96.0,82.0,10.7,28.86,Caution,23,2,2023,54,8,Cool Dry,El Nino,1,2.66,0
2023-02-24 08:00:00,27.1,30.2,23.8,0.1,96.0,77.0,8.2,32.48,Caution,24,2,2023,55,8,Cool Dry,El Nino,1,5.3799999999999955,0
2023-02-25 08:00:00,27.6,31.4,25.0,2.0,88.0,74.0,13.9,32.39,Caution,25,2,2023,56,8,Cool Dry,El Nino,1,4.789999999999999,0
2023-02-26 08:00:00,26.7,30.0,24.1,0.1,82.0,73.0,22.9,29.24,Caution,26,2,2023,57,8,Cool Dry,El Nino,1,2.539999999999999,0
2023-02-27 08:00:00,25.8,29.2,23.0,0.0,88.0,73.0,18.4,27.49,Caution,27,2,2023,58,9,Cool Dry,El Nino,1,1.6899999999999977,0
2023-02-28 08:00:00,25.9,29.8,22.9,0.0,89.0,71.0,17.5,27.75,Caution,28,2,2023,59,9,Cool Dry,El Nino,1,1.8500000000000014,0
2023-03-01 08:00:00,26.5,30.0,23.9,0.7,96.0,78.0,11.0,29.78,Caution,1,3,2023,60,9,Dry,El Nino,1,3.280000000000001,0
2023-03-02 08:00:00,25.5,29.8,22.0,1.0,84.0,69.0,17.3,26.3,Normal,2,3,2023,61,9,Dry,El Nino,1,0.8000000000000007,0
2023-03-03 08:00:00,25.2,29.6,21.4,0.0,93.0,70.0,18.4,26.2,Normal,3,3,2023,62,9,Dry,El Nino,1,1.0,0
2023-03-04 08:00:00,25.6,30.0,22.6,0.2,88.0,72.0,14.9,26.51,Normal,4,3,2023,63,9,Dry,El Nino,1,0.9100000000000001,0
2023-03-05 08:00:00,25.2,29.8,20.8,0.0,86.0,67.0,16.3,26.02,Normal,5,3,2023,64,9,Dry,El Nino,1,0.8200000000000003,0
2023-03-06 08:00:00,25.1,30.0,20.8,0.0,91.0,67.0,18.5,26.04,Normal,6,3,2023,65,10,Dry,El Nino,1,0.9399999999999977,0
2023-03-07 08:00:00,25.5,29.9,22.2,0.0,87.0,70.0,19.4,26.38,Normal,7,3,2023,66,10,Dry,El Nino,1,0.879999999999999,0
2023-03-08 08:00:00,25.8,29.5,21.9,1.0,92.0,73.0,12.3,27.58,Caution,8,3,2023,67,10,Dry,El Nino,1,1.7799999999999976,0
2023-03-09 08:00:00,25.9,29.5,22.2,0.4,93.0,72.0,12.6,27.88,Caution,9,3,2023,68,10,Dry,El Nino,1,1.9800000000000004,0
2023-03-10 08:00:00,25.3,29.1,21.0,4.0,98.0,74.0,14.0,26.44,Normal,10,3,2023,69,10,Dry,El Nino,1,1.1400000000000006,0
2023-03-11 08:00:00,25.6,29.8,21.6,0.1,93.0,71.0,15.8,26.64,Normal,11,3,2023,70,10,Dry,El Nino,1,1.0399999999999991,0
2023-03-12 08:00:00,26.4,31.1,23.0,0.4,90.0,69.0,13.1,29.08,Caution,12,3,2023,71,10,Dry,El Nino,1,2.6799999999999997,0
2023-03-13 08:00:00,24.8,27.5,22.2,4.7,93.0,80.0,13.0,25.76,Normal,13,3,2023,72,11,Dry,El Nino,1,0.9600000000000009,0
2023-03-14 08:00:00,25.8,30.6,21.7,0.0,95.0,73.0,19.6,27.66,Caution,14,3,2023,73,11,Dry,El Nino,1,1.8599999999999994,0
2023-03-15 08:00:00,26.7,30.8,23.0,0.7,95.0,74.0,13.3,31.1,Caution,15,3,2023,74,11,Dry,El Nino,1,4.400000000000002,0
2023-03-16 08:00:00,27.6,32.5,23.5,0.0,89.0,68.0,16.3,32.6,Caution,16,3,2023,75,11,Dry,El Nino,1,5.0,0
2023-03-17 08:00:00,27.3,31.9,22.8,0.9,88.0,69.0,15.8,31.55,Caution,17,3,2023,76,11,Dry,El Nino,1,4.25,0
2023-03-18 08:00:00,27.4,32.2,24.0,0.0,87.0,70.0,21.3,31.64,Caution,18,3,2023,77,11,Dry,El Nino,1,4.240000000000002,0
2023-03-19 08:00:00,27.3,32.3,23.0,0.0,90.0,68.0,20.9,31.93,Caution,19,3,2023,78,11,Dry,El Nino,1,4.629999999999999,0
2023-03-20 08:00:00,26.9,31.9,22.6,0.0,93.0,70.0,22.0,31.33,Caution,20,3,2023,79,12,Dry,El Nino,1,4.43,0
2023-03-21 08:00:00,27.3,32.0,22.6,0.0,87.0,69.0,24.7,31.36,Caution,21,3,2023,80,12,Dry,El Nino,1,4.059999999999999,0
2023-03-22 08:00:00,28.7,34.0,25.0,0.0,90.0,67.0,19.7,36.23,Extreme Caution,22,3,2023,81,12,Dry,El Nino,1,7.529999999999998,0
2023-03-23 08:00:00,28.9,34.2,23.8,0.0,92.0,65.0,19.9,37.45,Extreme Caution,23,3,2023,82,12,Dry,El Nino,1,8.550000000000004,0
2023-03-24 08:00:00,29.3,34.2,25.9,1.3,86.0,69.0,20.9,37.1,Extreme Caution,24,3,2023,83,12,Dry,El Nino,1,7.800000000000001,0
2023-03-25 08:00:00,29.4,34.7,25.4,0.0,85.0,67.0,21.5,37.14,Extreme Caution,25,3,2023,84,12,Dry,El Nino,1,7.740000000000002,0
2023-03-26 08:00:00,28.9,33.6,24.1,0.0,88.0,68.0,22.2,36.35,Extreme Caution,26,3,2023,85,12,Dry,El Nino,1,7.450000000000003,0
2023-03-27 08:00:00,28.8,34.4,24.4,0.2,88.0,65.0,21.7,36.03,Extreme Caution,27,3,2023,86,13,Dry,El Nino,1,7.23,0
2023-03-28 08:00:00,28.8,33.5,25.0,1.4,85.0,65.0,17.6,35.25,Extreme Caution,28,3,2023,87,13,Dry,El Nino,1,6.449999999999999,0
2023-03-29 08:00:00,28.5,33.2,24.9,0.8,81.0,64.0,19.2,33.57,Extreme Caution,29,3,2023,88,13,Dry,El Nino,1,5.07,0
2023-03-30 08:00:00,28.9,33.2,25.4,0.6,87.0,68.0,20.0,36.08,Extreme Caution,30,3,2023,89,13,Dry,El Nino,1,7.18,0
2023-03-31 08:00:00,29.1,33.3,25.6,0.9,89.0,70.0,16.5,37.29,Extreme Caution,31,3,2023,90,13,Dry,El Nino,1,8.189999999999998,0
2023-04-01 08:00:00,29.3,34.2,25.0,0.2,94.0,69.0,15.3,39.48,Extreme Caution,1,4,2023,91,13,Dry,El Nino,1,10.179999999999996,0
2023-04-02 08:00:00,28.4,33.7,24.9,3.7,89.0,71.0,18.8,35.01,Extreme Caution,2,4,2023,92,13,Dry,El Nino,1,6.609999999999999,0
2023-04-03 08:00:00,27.9,32.8,23.5,22.3,96.0,74.0,16.0,35.06,Extreme Caution,3,4,2023,93,14,Dry,El Nino,1,7.160000000000004,0
2023-04-04 08:00:00,27.9,32.2,25.1,1.2,83.0,67.0,20.1,32.3,Caution,4,4,2023,94,14,Dry,El Nino,1,4.399999999999999,0
2023-04-05 08:00:00,28.4,33.0,24.4,0.0,85.0,62.0,20.8,34.05,Extreme Caution,5,4,2023,95,14,Dry,El Nino,1,5.649999999999999,0
2023-04-06 08:00:00,28.6,32.9,25.5,1.2,78.0,63.0,17.6,33.27,Extreme Caution,6,4,2023,96,14,Dry,El Nino,1,4.670000000000002,0
2023-04-07 08:00:00,28.8,32.7,25.0,0.0,86.0,66.0,13.7,35.51,Extreme Caution,7,4,2023,97,14,Dry,El Nino,1,6.709999999999997,0
2023-04-08 08:00:00,29.0,34.2,25.5,0.5,86.0,64.0,18.6,36.13,Extreme Caution,8,4,2023,98,14,Dry,El Nino,1,7.130000000000003,0
2023-04-09 08:00:00,28.4,33.3,24.9,0.8,84.0,67.0,21.3,33.86,Extreme Caution,9,4,2023,99,14,Dry,El Nino,1,5.460000000000001,0
2023-04-10 08:00:00,28.3,31.6,24.6,1.1,87.0,67.0,14.2,34.22,Extreme Caution,10,4,2023,100,15,Dry,El Nino,1,5.919999999999998,0
2023-04-11 08:00:00,28.5,32.2,25.4,0.0,86.0,68.0,22.4,34.59,Extreme Caution,11,4,2023,101,15,Dry,El Nino,1,6.090000000000003,0
2023-04-12 08:00:00,26.1,29.2,25.0,22.2,96.0,87.0,12.2,28.56,Caution,12,4,2023,102,15,Dry,El Nino,1,2.4599999999999973,0
2023-04-13 08:00:00,25.4,27.5,24.4,38.1,95.0,91.0,28.5,26.48,Normal,13,4,2023,103,15,Dry,El Nino,1,1.0800000000000018,0
2023-04-14 08:00:00,26.6,29.2,24.7,8.6,95.0,87.0,13.8,30.02,Caution,14,4,2023,104,15,Dry,El Nino,1,3.419999999999998,0
2023-04-15 08:00:00,27.9,30.8,25.5,1.4,97.0,81.0,14.5,35.3,Extreme Caution,15,4,2023,105,15,Dry,El Nino,1,7.399999999999999,0
2023-04-16 08:00:00,27.8,30.9,25.4,2.1,95.0,83.0,13.4,34.5,Extreme Caution,16,4,2023,106,15,Dry,El Nino,1,6.699999999999999,0
2023-04-17 08:00:00,28.1,31.4,25.0,0.8,96.0,82.0,13.2,35.74,Extreme Caution,17,4,2023,107,16,Dry,El Nino,1,7.640000000000001,0
2023-04-18 08:00:00,28.6,32.2,25.4,0.5,90.0,76.0,16.6,35.9,Extreme Caution,18,4,2023,108,16,Dry,El Nino,1,7.299999999999997,0
2023-04-19 08:00:00,29.0,32.7,26.2,0.2,93.0,77.0,14.0,38.09,Extreme Caution,19,4,2023,109,16,Dry,El Nino,1,9.090000000000003,0
2023-04-20 08:00:00,29.1,33.6,25.0,0.1,94.0,77.0,15.0,38.74,Extreme Caution,20,4,2023,110,16,Dry,El Nino,1,9.64,0
2023-04-21 08:00:00,28.0,32.8,24.8,1.5,91.0,79.0,15.3,34.23,Extreme Caution,21,4,2023,111,16,Dry,El Nino,1,6.229999999999997,0
2023-04-22 08:00:00,29.1,32.7,25.5,0.4,100.0,77.0,16.4,40.6,Extreme Caution,22,4,2023,112,16,Dry,El Nino,1,11.5,0
2023-04-23 08:00:00,28.9,33.0,25.1,2.5,92.0,76.0,16.4,37.45,Extreme Caution,23,4,2023,113,16,Dry,El Nino,1,8.550000000000004,0
2023-04-24 08:00:00,28.6,32.2,26.1,1.9,84.0,73.0,11.9,34.44,Extreme Caution,24,4,2023,114,17,Dry,El Nino,1,5.839999999999996,0
2023-04-25 08:00:00,29.0,32.8,26.1,0.6,82.0,69.0,14.2,35.18,Extreme Caution,25,4,2023,115,17,Dry,El Nino,1,6.18,0
2023-04-26 08:00:00,29.2,32.9,26.0,0.6,87.0,69.0,10.7,37.05,Extreme Caution,26,4,2023,116,17,Dry,El Nino,1,7.849999999999998,0
2023-04-27 08:00:00,29.4,34.3,24.9,0.4,91.0,66.0,19.3,38.92,Extreme Caution,27,4,2023,117,17,Dry,El Nino,1,9.520000000000003,0
2023-04-28 08:00:00,29.6,34.7,25.0,0.0,93.0,66.0,14.5,40.28,Extreme Caution,28,4,2023,118,17,Dry,El Nino,1,10.68,0
2023-04-29 08:00:00,29.1,34.2,25.4,2.0,94.0,73.0,16.9,38.74,Extreme Caution,29,4,2023,119,17,Dry,El Nino,1,9.64,0
2023-04-30 08:00:00,28.6,34.2,25.4,2.4,95.0,77.0,11.6,37.23,Extreme Caution,30,4,2023,120,17,Dry,El Nino,1,8.629999999999995,0
2023-05-01 08:00:00,30.3,34.5,26.7,0.4,87.0,68.0,17.5,40.85,Extreme Caution,1,5,2023,121,18,Dry,El Nino,1,10.55,0
2023-05-02 08:00:00,30.5,35.3,26.8,0.2,81.0,63.0,21.0,39.56,Extreme Caution,2,5,2023,122,18,Dry,El Nino,1,9.060000000000002,0
2023-05-03 08:00:00,30.2,35.6,26.5,0.9,85.0,65.0,22.1,39.83,Extreme Caution,3,5,2023,123,18,Dry,El Nino,1,9.629999999999999,0
2023-05-04 08:00:00,29.3,34.0,26.3,0.9,83.0,70.0,23.2,36.32,Extreme Caution,4,5,2023,124,18,Dry,El Nino,1,7.02,0
2023-05-05 08:00:00,30.3,35.0,26.7,0.3,82.0,65.0,21.4,39.22,Extreme Caution,5,5,2023,125,18,Dry,El Nino,1,8.919999999999998,0
2023-05-06 08:00:00,30.5,35.0,27.0,2.4,83.0,66.0,23.8,40.21,Extreme Caution,6,5,2023,126,18,Dry,El Nino,1,9.71,0
2023-05-07 08:00:00,30.3,35.5,26.1,0.8,93.0,70.0,22.2,42.99,Danger,7,5,2023,127,18,Dry,El Nino,1,12.690000000000001,1
2023-05-08 08:00:00,29.2,35.5,25.9,4.1,92.0,74.0,21.1,38.5,Extreme Caution,8,5,2023,128,19,Dry,El Nino,1,9.3,0
2023-05-09 08:00:00,29.1,33.7,25.5,14.1,93.0,76.0,17.0,38.44,Extreme Caution,9,5,2023,129,19,Dry,El Nino,1,9.339999999999996,0
2023-05-10 08:00:00,28.0,32.1,26.1,6.6,90.0,81.0,9.8,34.0,Extreme Caution,10,5,2023,130,19,Dry,El Nino,1,6.0,0
2023-05-11 08:00:00,28.7,31.0,26.5,0.3,89.0,77.0,18.0,35.97,Extreme Caution,11,5,2023,131,19,Dry,El Nino,1,7.27,0
2023-05-12 08:00:00,28.3,32.8,25.3,4.3,97.0,79.0,15.2,36.7,Extreme Caution,12,5,2023,132,19,Dry,El Nino,1,8.400000000000002,0
2023-05-13 08:00:00,29.6,33.5,26.2,1.2,94.0,72.0,15.7,40.61,Extreme Caution,13,5,2023,133,19,Dry,El Nino,1,11.009999999999998,0
2023-05-14 08:00:00,29.2,33.2,26.0,9.2,93.0,77.0,18.3,38.81,Extreme Caution,14,5,2023,134,19,Dry,El Nino,1,9.610000000000003,0
2023-05-15 08:00:00,29.5,32.7,27.2,0.6,90.0,77.0,21.9,38.96,Extreme Caution,15,5,2023,135,20,Dry,El Nino,1,9.46,0
2023-05-16 08:00:00,28.4,31.5,26.2,11.0,95.0,84.0,20.8,36.53,Extreme Caution,16,5,2023,136,20,Dry,El Nino,1,8.130000000000003,0
2023-05-17 08:00:00,29.3,32.2,25.9,7.5,93.0,79.0,18.1,39.17,Extreme Caution,17,5,2023,137,20,Dry,El Nino,1,9.870000000000001,0
2023-05-18 08:00:00,29.0,32.4,26.4,4.3,98.0,81.0,17.6,39.58,Extreme Caution,18,5,2023,138,20,Dry,El Nino,1,10.579999999999998,0
2023-05-19 08:00:00,28.8,31.5,25.6,3.5,94.0,81.0,11.3,37.66,Extreme Caution,19,5,2023,139,20,Dry,El Nino,1,8.859999999999996,0
2023-05-20 08:00:00,28.2,30.5,26.4,4.4,92.0,82.0,10.8,35.1,Extreme Caution,20,5,2023,140,20,Dry,El Nino,1,6.900000000000002,0
2023-05-21 08:00:00,28.3,30.9,26.9,3.9,90.0,82.0,12.5,34.94,Extreme Caution,21,5,2023,141,20,Dry,El Nino,1,6.639999999999997,0
2023-05-22 08:00:00,28.7,31.9,26.2,5.3,98.0,83.0,16.6,38.43,Extreme Caution,22,5,2023,142,21,Dry,El Nino,1,9.73,0
2023-05-23 08:00:00,28.4,31.9,26.4,9.4,91.0,81.0,14.6,35.51,Extreme Caution,23,5,2023,143,21,Dry,El Nino,1,7.109999999999999,0
2023-05-24 08:00:00,28.5,33.3,25.5,12.3,94.0,81.0,16.9,36.61,Extreme Caution,24,5,2023,144,21,Dry,El Nino,1,8.11,0
2023-05-25 08:00:00,27.6,32.5,24.5,9.0,98.0,83.0,12.4,34.51,Extreme Caution,25,5,2023,145,21,Dry,El Nino,1,6.909999999999997,0
2023-05-26 08:00:00,28.3,31.8,25.8,11.0,96.0,81.0,13.4,36.44,Extreme Caution,26,5,2023,146,21,Dry,El Nino,1,8.139999999999997,0
2023-05-27 08:00:00,27.9,32.5,24.9,6.5,94.0,80.0,9.8,34.6,Extreme Caution,27,5,2023,147,21,Dry,El Nino,1,6.700000000000003,0
2023-05-28 08:00:00,29.8,31.8,27.7,0.3,83.0,71.0,22.9,37.89,Extreme Caution,28,5,2023,148,21,Dry,El Nino,1,8.09,0
2023-05-29 08:00:00,30.4,33.4,27.9,2.1,83.0,72.0,29.3,39.87,Extreme Caution,29,5,2023,149,22,Dry,El Nino,1,9.469999999999999,0
2023-05-30 08:00:00,28.9,33.1,26.6,2.6,87.0,77.0,35.0,36.08,Extreme Caution,30,5,2023,150,22,Dry,El Nino,1,7.18,0
2023-05-31 08:00:00,29.0,31.0,27.6,2.9,83.0,76.0,36.0,35.41,Extreme Caution,31,5,2023,151,22,Dry,El Nino,1,6.409999999999997,0
2023-06-01 08:00:00,28.2,31.0,26.5,4.9,88.0,82.0,33.5,34.15,Extreme Caution,1,6,2023,152,22,Wet,El Nino,1,5.949999999999999,0
2023-06-02 08:00:00,27.6,30.1,25.5,19.5,93.0,85.0,27.6,33.43,Extreme Caution,2,6,2023,153,22,Wet,El Nino,1,5.829999999999998,0
2023-06-03 08:00:00,28.0,30.1,25.9,8.3,97.0,84.0,18.8,35.64,Extreme Caution,3,6,2023,154,22,Wet,El Nino,1,7.640000000000001,0
2023-06-04 08:00:00,28.2,32.4,25.7,7.2,92.0,81.0,12.2,35.1,Extreme Caution,4,6,2023,155,22,Wet,El Nino,1,6.900000000000002,0
2023-06-05 08:00:00,27.7,32.3,25.2,18.2,94.0,83.0,12.8,33.96,Extreme Caution,5,6,2023,156,23,Wet,El Nino,1,6.260000000000002,0
2023-06-06 08:00:00,27.7,31.6,24.9,7.3,96.0,84.0,8.7,34.4,Extreme Caution,6,6,2023,157,23,Wet,El Nino,1,6.699999999999999,0
2023-06-07 08:00:00,27.7,32.3,24.0,21.2,98.0,83.0,16.6,34.85,Extreme Caution,7,6,2023,158,23,Wet,El Nino,1,7.150000000000002,0
2023-06-08 08:00:00,27.6,31.2,24.4,15.6,95.0,84.0,22.7,33.85,Extreme Caution,8,6,2023,159,23,Wet,El Nino,1,6.25,0
2023-06-09 08:00:00,27.6,30.5,25.5,17.7,92.0,85.0,26.6,33.22,Extreme Caution,9,6,2023,160,23,Wet,El Nino,1,5.619999999999997,0
2023-06-10 08:00:00,27.4,29.4,26.5,10.0,89.0,84.0,25.7,32.02,Caution,10,6,2023,161,23,Wet,El Nino,1,4.6200000000000045,0
2023-06-11 08:00:00,26.7,28.0,25.5,21.3,94.0,88.0,27.7,30.93,Caution,11,6,2023,162,23,Wet,El Nino,1,4.23,0
2023-06-12 08:00:00,27.5,29.4,26.6,7.4,91.0,86.0,24.3,32.71,Caution,12,6,2023,163,24,Wet,El Nino,1,5.210000000000001,0
2023-06-13 08:00:00,29.0,31.0,27.7,3.4,86.0,78.0,28.2,36.13,Extreme Caution,13,6,2023,164,24,Wet,El Nino,1,7.130000000000003,0
2023-06-14 08:00:00,28.9,31.0,26.6,0.8,94.0,81.0,23.3,38.02,Extreme Caution,14,6,2023,165,24,Wet,El Nino,1,9.120000000000005,0
2023-06-15 08:00:00,27.3,31.0,25.0,17.8,95.0,87.0,16.3,32.9,Caution,15,6,2023,166,24,Wet,El Nino,1,5.599999999999998,0
2023-06-16 08:00:00,28.1,30.8,25.3,14.6,95.0,83.0,18.5,35.5,Extreme Caution,16,6,2023,167,24,Wet,El Nino,1,7.399999999999999,0
2023-06-17 08:00:00,28.9,32.4,25.3,0.3,91.0,74.0,18.0,37.17,Extreme Caution,17,6,2023,168,24,Wet,El Nino,1,8.270000000000003,0
2023-06-18 08:00:00,28.7,32.6,25.6,1.1,96.0,78.0,12.1,37.87,Extreme Caution,18,6,2023,169,24,Wet,El Nino,1,9.169999999999998,0
2023-06-19 08:00:00,28.3,32.0,25.2,5.3,94.0,80.0,10.8,35.93,Extreme Caution,19,6,2023,170,25,Wet,El Nino,1,7.629999999999999,0
2023-06-20 08:00:00,28.4,31.8,25.8,7.9,95.0,81.0,16.9,36.53,Extreme Caution,20,6,2023,171,25,Wet,El Nino,1,8.130000000000003,0
2023-06-21 08:00:00,28.2,32.2,24.8,11.6,99.0,82.0,20.2,36.85,Extreme Caution,21,6,2023,172,25,Wet,El Nino,1,8.650000000000002,0
2023-06-22 08:00:00,27.8,33.4,24.5,5.4,98.0,82.0,18.1,35.19,Extreme Caution,22,6,2023,173,25,Wet,El Nino,1,7.389999999999997,0
2023-06-23 08:00:00,28.5,31.8,25.1,4.9,94.0,80.0,10.9,36.61,Extreme Caution,23,6,2023,174,25,Wet,El Nino,1,8.11,0
2023-06-24 08:00:00,28.1,32.0,25.5,4.0,95.0,80.0,17.6,35.5,Extreme Caution,24,6,2023,175,25,Wet,El Nino,1,7.399999999999999,0
2023-06-25 08:00:00,27.6,30.1,25.9,15.2,90.0,83.0,11.4,32.8,Caution,25,6,2023,176,25,Wet,El Nino,1,5.199999999999996,0
2023-06-26 08:00:00,27.4,29.5,25.6,4.6,93.0,86.0,13.7,32.81,Caution,26,6,2023,177,26,Wet,El Nino,1,5.410000000000004,0
2023-06-27 08:00:00,27.8,30.7,25.4,9.0,94.0,84.0,11.0,34.28,Extreme Caution,27,6,2023,178,26,Wet,El Nino,1,6.48,0
2023-06-28 08:00:00,27.7,32.2,25.4,21.0,95.0,84.0,18.6,34.18,Extreme Caution,28,6,2023,179,26,Wet,El Nino,1,6.48,0
2023-06-29 08:00:00,28.1,31.1,26.2,11.2,90.0,82.0,16.3,34.31,Extreme Caution,29,6,2023,180,26,Wet,El Nino,1,6.210000000000001,0
2023-06-30 08:00:00,28.1,30.1,26.1,0.6,95.0,84.0,15.2,35.5,Extreme Caution,30,6,2023,181,26,Wet,El Nino,1,7.399999999999999,0
2023-07-01 08:00:00,28.5,33.9,26.0,9.7,95.0,82.0,14.4,36.88,Extreme Caution,1,7,2023,182,26,Wet,El Nino,1,8.380000000000003,0
2023-07-02 08:00:00,28.1,31.9,25.0,0.4,95.0,82.0,10.2,35.5,Extreme Caution,2,7,2023,183,26,Wet,El Nino,1,7.399999999999999,0
2023-07-03 08:00:00,29.5,33.9,25.9,0.1,92.0,73.0,20.4,39.59,Extreme Caution,3,7,2023,184,27,Wet,El Nino,1,10.090000000000003,0
2023-07-04 08:00:00,29.9,33.7,26.4,0.0,87.0,70.0,11.0,39.43,Extreme Caution,4,7,2023,185,27,Wet,El Nino,1,9.530000000000001,0
2023-07-05 08:00:00,30.1,34.0,27.0,0.4,85.0,70.0,21.9,39.48,Extreme Caution,5,7,2023,186,27,Wet,El Nino,1,9.379999999999995,0
2023-07-06 08:00:00,29.3,33.6,24.8,10.9,93.0,75.0,11.5,39.17,Extreme Caution,6,7,2023,187,27,Wet,El Nino,1,9.870000000000001,0
2023-07-07 08:00:00,28.8,33.5,25.6,5.2,88.0,75.0,20.3,36.03,Extreme Caution,7,7,2023,188,27,Wet,El Nino,1,7.23,0
2023-07-08 08:00:00,29.6,33.6,26.0,1.4,90.0,70.0,16.3,39.32,Extreme Caution,8,7,2023,189,27,Wet,El Nino,1,9.719999999999999,0
2023-07-09 08:00:00,29.9,34.0,26.3,0.5,88.0,68.0,9.6,39.75,Extreme Caution,9,7,2023,190,27,Wet,El Nino,1,9.850000000000001,0
2023-07-10 08:00:00,29.6,33.1,26.8,2.6,89.0,71.0,12.1,39.01,Extreme Caution,10,7,2023,191,28,Wet,El Nino,1,9.409999999999997,0
2023-07-11 08:00:00,28.9,33.8,26.2,6.6,94.0,76.0,11.5,38.02,Extreme Caution,11,7,2023,192,28,Wet,El Nino,1,9.120000000000005,0
2023-07-12 08:00:00,28.3,31.9,26.1,5.3,90.0,80.0,12.2,34.94,Extreme Caution,12,7,2023,193,28,Wet,El Nino,1,6.639999999999997,0
2023-07-13 08:00:00,26.1,26.8,25.2,73.3,93.0,91.0,23.7,28.43,Caution,13,7,2023,194,28,Wet,El Nino,1,2.3299999999999983,0
2023-07-14 08:00:00,26.0,26.6,25.5,44.0,93.0,91.0,29.3,28.15,Caution,14,7,2023,195,28,Wet,El Nino,1,2.1499999999999986,0
2023-07-15 08:00:00,26.5,28.6,25.0,21.2,94.0,87.0,30.9,29.64,Caution,15,7,2023,196,28,Wet,El Nino,1,3.1400000000000006,0
2023-07-16 08:00:00,26.6,28.9,25.0,20.9,94.0,87.0,23.4,29.93,Caution,16,7,2023,197,28,Wet,El Nino,1,3.3299999999999983,0
2023-07-17 08:00:00,28.0,29.5,26.3,5.6,91.0,82.0,22.2,34.23,Extreme Caution,17,7,2023,198,29,Wet,El Nino,1,6.229999999999997,0
2023-07-18 08:00:00,28.6,31.7,25.8,14.6,93.0,79.0,13.6,36.69,Extreme Caution,18,7,2023,199,29,Wet,El Nino,1,8.089999999999996,0
2023-07-19 08:00:00,27.1,30.8,24.5,21.0,97.0,86.0,11.7,32.66,Caution,19,7,2023,200,29,Wet,El Nino,1,5.559999999999995,0
2023-07-20 08:00:00,27.4,31.1,25.0,12.8,96.0,86.0,11.7,33.42,Extreme Caution,20,7,2023,201,29,Wet,El Nino,1,6.020000000000003,0
2023-07-21 08:00:00,27.3,31.2,25.0,7.7,96.0,87.0,10.7,33.1,Extreme Caution,21,7,2023,202,29,Wet,El Nino,1,5.800000000000001,0
2023-07-22 08:00:00,27.2,30.7,24.6,7.0,94.0,85.0,19.0,32.4,Caution,22,7,2023,203,29,Wet,El Nino,1,5.199999999999999,0
2023-07-23 08:00:00,26.5,29.9,24.6,17.5,94.0,87.0,16.7,29.64,Caution,23,7,2023,204,29,Wet,El Nino,1,3.1400000000000006,0
2023-07-24 08:00:00,27.4,29.6,26.0,11.5,95.0,86.0,22.3,33.22,Extreme Caution,24,7,2023,205,30,Wet,El Nino,1,5.82,0
2023-07-25 08:00:00,28.0,30.5,26.4,5.7,87.0,82.0,35.1,33.33,Extreme Caution,25,7,2023,206,30,Wet,El Nino,1,5.329999999999998,0
2023-07-26 08:00:00,26.8,28.2,25.0,11.0,93.0,86.0,41.3,31.05,Caution,26,7,2023,207,30,Wet,El Nino,1,4.25,0
2023-07-27 08:00:00,26.8,28.4,25.5,20.6,91.0,86.0,35.9,30.71,Caution,27,7,2023,208,30,Wet,El Nino,1,3.91,0
2023-07-28 08:00:00,26.8,28.6,25.0,27.8,93.0,86.0,32.2,31.05,Caution,28,7,2023,209,30,Wet,El Nino,1,4.25,0
2023-07-29 08:00:00,26.7,29.0,25.4,22.7,92.0,86.0,27.0,30.6,Caution,29,7,2023,210,30,Wet,El Nino,1,3.900000000000002,0
2023-07-30 08:00:00,26.9,28.8,25.7,6.4,91.0,85.0,26.2,30.99,Caution,30,7,2023,211,30,Wet,El Nino,1,4.09,0
2023-07-31 08:00:00,27.4,29.5,26.1,7.5,90.0,83.0,27.7,32.22,Caution,31,7,2023,212,31,Wet,El Nino,1,4.82,0
2023-08-01 08:00:00,27.3,29.0,26.0,6.5,90.0,85.0,28.7,31.93,Caution,1,8,2023,213,31,Wet,El Nino,1,4.629999999999999,0
2023-08-02 08:00:00,26.8,28.6,25.6,11.7,92.0,87.0,31.7,30.88,Caution,2,8,2023,214,31,Wet,El Nino,1,4.079999999999998,0
2023-08-03 08:00:00,27.5,29.5,26.2,5.7,91.0,85.0,33.4,32.71,Caution,3,8,2023,215,31,Wet,El Nino,1,5.210000000000001,0
2023-08-04 08:00:00,28.3,30.0,26.5,2.4,90.0,81.0,29.6,34.94,Extreme Caution,4,8,2023,216,31,Wet,El Nino,1,6.639999999999997,0
2023-08-05 08:00:00,28.5,30.5,27.1,2.6,83.0,78.0,29.8,33.95,Extreme Caution,5,8,2023,217,31,Wet,El Nino,1,5.450000000000003,0
2023-08-06 08:00:00,28.4,30.1,26.2,1.6,89.0,78.0,32.7,35.01,Extreme Caution,6,8,2023,218,31,Wet,El Nino,1,6.609999999999999,0
2023-08-07 08:00:00,28.3,30.1,26.4,3.5,90.0,80.0,30.9,34.94,Extreme Caution,7,8,2023,219,32,Wet,El Nino,1,6.639999999999997,0
2023-08-08 08:00:00,28.5,30.6,26.4,2.4,91.0,81.0,26.4,35.83,Extreme Caution,8,8,2023,220,32,Wet,El Nino,1,7.329999999999998,0
2023-08-09 08:00:00,28.3,31.0,26.4,2.2,92.0,83.0,28.2,35.43,Extreme Caution,9,8,2023,221,32,Wet,El Nino,1,7.129999999999999,0
2023-08-10 08:00:00,28.2,30.9,26.4,3.3,93.0,84.0,17.6,35.35,Extreme Caution,10,8,2023,222,32,Wet,El Nino,1,7.150000000000002,0
2023-08-11 08:00:00,27.7,30.3,25.6,0.6,96.0,85.0,23.9,34.4,Extreme Caution,11,8,2023,223,32,Wet,El Nino,1,6.699999999999999,0
2023-08-12 08:00:00,28.4,30.1,26.1,1.3,91.0,82.0,21.4,35.51,Extreme Caution,12,8,2023,224,32,Wet,El Nino,1,7.109999999999999,0
2023-08-13 08:00:00,28.7,30.8,26.9,1.1,88.0,81.0,21.4,35.71,Extreme Caution,13,8,2023,225,32,Wet,El Nino,1,7.010000000000002,0
2023-08-14 08:00:00,28.5,31.0,26.4,2.9,91.0,81.0,15.9,35.83,Extreme Caution,14,8,2023,226,33,Wet,El Nino,1,7.329999999999998,0
2023-08-15 08:00:00,28.3,31.5,25.2,3.9,97.0,84.0,16.0,36.7,Extreme Caution,15,8,2023,227,33,Wet,El Nino,1,8.400000000000002,0
2023-08-16 08:00:00,28.0,31.1,25.6,2.1,95.0,83.0,22.4,35.16,Extreme Caution,16,8,2023,228,33,Wet,El Nino,1,7.159999999999997,0
2023-08-17 08:00:00,27.9,30.4,26.2,4.5,91.0,82.0,26.1,33.92,Extreme Caution,17,8,2023,229,33,Wet,El Nino,1,6.020000000000003,0
2023-08-18 08:00:00,28.0,30.1,26.2,3.3,90.0,82.0,23.5,34.0,Extreme Caution,18,8,2023,230,33,Wet,El Nino,1,6.0,0
2023-08-19 08:00:00,28.4,30.8,26.6,4.0,90.0,81.0,17.3,35.26,Extreme Caution,19,8,2023,231,33,Wet,El Nino,1,6.859999999999999,0
2023-08-20 08:00:00,28.4,31.1,25.2,2.1,96.0,79.0,21.3,36.79,Extreme Caution,20,8,2023,232,33,Wet,El Nino,1,8.39,0
2023-08-21 08:00:00,27.9,31.1,25.5,0.7,92.0,82.0,16.1,34.14,Extreme Caution,21,8,2023,233,34,Wet,El Nino,1,6.240000000000002,0
2023-08-22 08:00:00,27.1,30.5,25.4,19.4,94.0,86.0,16.8,32.1,Caution,22,8,2023,234,34,Wet,El Nino,1,5.0,0
2023-08-23 08:00:00,27.3,30.3,25.0,7.9,96.0,85.0,23.4,33.1,Extreme Caution,23,8,2023,235,34,Wet,El Nino,1,5.800000000000001,0
2023-08-24 08:00:00,27.1,30.0,25.0,7.4,96.0,85.0,25.4,32.48,Caution,24,8,2023,236,34,Wet,El Nino,1,5.3799999999999955,0
2023-08-25 08:00:00,28.2,30.5,26.6,3.2,89.0,80.0,21.0,34.39,Extreme Caution,25,8,2023,237,34,Wet,El Nino,1,6.190000000000001,0
2023-08-26 08:00:00,27.5,29.5,26.5,8.5,87.0,82.0,25.9,31.91,Caution,26,8,2023,238,34,Wet,El Nino,1,4.41,0
2023-08-27 08:00:00,27.2,28.8,26.2,8.1,90.0,84.0,26.5,31.65,Caution,27,8,2023,239,34,Wet,El Nino,1,4.449999999999999,0
2023-08-28 08:00:00,27.9,30.1,26.0,2.5,89.0,82.0,27.1,33.48,Extreme Caution,28,8,2023,240,35,Wet,El Nino,1,5.579999999999998,0
2023-08-29 08:00:00,27.1,29.2,25.6,7.1,93.0,84.0,36.4,31.92,Caution,29,8,2023,241,35,Wet,El Nino,1,4.82,0
2023-08-30 08:00:00,26.6,28.5,24.9,19.9,93.0,87.0,34.9,29.85,Caution,30,8,2023,242,35,Wet,El Nino,1,3.25,0
2023-08-31 08:00:00,26.8,28.4,25.5,18.6,94.0,88.0,34.0,31.22,Caution,31,8,2023,243,35,Wet,El Nino,1,4.419999999999998,0
2023-09-01 08:00:00,26.8,28.1,25.8,32.2,91.0,87.0,34.7,30.71,Caution,1,9,2023,244,35,Wet,El Nino,1,3.91,0
2023-09-02 08:00:00,27.0,28.9,25.5,24.7,92.0,87.0,35.1,31.45,Caution,2,9,2023,245,35,Wet,El Nino,1,4.449999999999999,0
2023-09-03 08:00:00,27.0,28.5,26.0,18.1,91.0,86.0,32.3,31.27,Caution,3,9,2023,246,35,Wet,El Nino,1,4.27,0
2023-09-04 08:00:00,26.8,27.5,26.2,16.0,90.0,88.0,24.3,30.55,Caution,4,9,2023,247,36,Wet,El Nino,1,3.75,0
2023-09-05 08:00:00,26.9,29.4,25.0,22.9,96.0,90.0,23.1,31.86,Caution,5,9,2023,248,36,Wet,El Nino,1,4.960000000000001,0
2023-09-06 08:00:00,27.5,31.0,24.6,7.0,97.0,87.0,14.5,33.95,Extreme Caution,6,9,2023,249,36,Wet,El Nino,1,6.450000000000003,0
2023-09-07 08:00:00,27.6,32.2,24.8,8.5,96.0,86.0,12.9,34.07,Extreme Caution,7,9,2023,250,36,Wet,El Nino,1,6.469999999999999,0
2023-09-08 08:00:00,27.9,31.6,24.6,5.5,96.0,84.0,13.9,35.06,Extreme Caution,8,9,2023,251,36,Wet,El Nino,1,7.160000000000004,0
2023-09-09 08:00:00,27.8,31.0,25.1,0.4,95.0,84.0,10.2,34.5,Extreme Caution,9,9,2023,252,36,Wet,El Nino,1,6.699999999999999,0
2023-09-10 08:00:00,27.8,31.0,25.0,4.8,95.0,84.0,16.6,34.5,Extreme Caution,10,9,2023,253,36,Wet,El Nino,1,6.699999999999999,0
2023-09-11 08:00:00,27.7,30.1,25.0,2.6,96.0,84.0,17.6,34.4,Extreme Caution,11,9,2023,254,37,Wet,El Nino,1,6.699999999999999,0
2023-09-12 08:00:00,27.0,30.1,25.2,8.4,95.0,87.0,9.7,31.99,Caution,12,9,2023,255,37,Wet,El Nino,1,4.989999999999998,0
2023-09-13 08:00:00,26.9,28.5,25.0,7.7,91.0,84.0,17.0,30.99,Caution,13,9,2023,256,37,Wet,El Nino,1,4.09,0
2023-09-14 08:00:00,27.0,30.5,25.1,12.2,95.0,86.0,18.9,31.99,Caution,14,9,2023,257,37,Wet,El Nino,1,4.989999999999998,0
2023-09-15 08:00:00,27.1,30.4,24.9,11.7,96.0,87.0,13.4,32.48,Caution,15,9,2023,258,37,Wet,El Nino,1,5.3799999999999955,0
2023-09-16 08:00:00,27.4,31.2,24.9,6.6,98.0,85.0,12.9,33.83,Extreme Caution,16,9,2023,259,37,Wet,El Nino,1,6.43,0
2023-09-17 08:00:00,26.8,31.1,24.5,24.4,97.0,87.0,13.7,31.73,Caution,17,9,2023,260,37,Wet,El Nino,1,4.93,0
2023-09-18 08:00:00,27.7,31.0,24.4,4.0,96.0,85.0,12.8,34.4,Extreme Caution,18,9,2023,261,38,Wet,El Nino,1,6.699999999999999,0
2023-09-19 08:00:00,27.3,31.6,24.9,12.8,97.0,87.0,9.0,33.3,Extreme Caution,19,9,2023,262,38,Wet,El Nino,1,5.9999999999999964,0
2023-09-20 08:00:00,28.4,31.8,25.4,0.7,91.0,80.0,10.5,35.51,Extreme Caution,20,9,2023,263,38,Wet,El Nino,1,7.109999999999999,0
2023-09-21 08:00:00,27.6,32.1,24.8,6.1,98.0,85.0,11.0,34.51,Extreme Caution,21,9,2023,264,38,Wet,El Nino,1,6.909999999999997,0
2023-09-22 08:00:00,26.4,28.5,24.8,27.3,97.0,91.0,9.4,29.54,Caution,22,9,2023,265,38,Wet,El Nino,1,3.1400000000000006,0
2023-09-23 08:00:00,26.3,28.1,24.7,22.8,97.0,90.0,12.5,29.22,Caution,23,9,2023,266,38,Wet,El Nino,1,2.919999999999998,0
2023-09-24 08:00:00,27.6,30.4,25.5,7.3,95.0,85.0,7.6,33.85,Extreme Caution,24,9,2023,267,38,Wet,El Nino,1,6.25,0
2023-09-25 08:00:00,26.8,29.6,24.6,15.1,96.0,89.0,9.7,31.56,Caution,25,9,2023,268,39,Wet,El Nino,1,4.759999999999998,0
2023-09-26 08:00:00,27.1,30.0,24.8,9.5,94.0,86.0,15.8,32.1,Caution,26,9,2023,269,39,Wet,El Nino,1,5.0,0
2023-09-27 08:00:00,26.9,30.0,25.1,2.3,97.0,88.0,15.6,32.04,Caution,27,9,2023,270,39,Wet,El Nino,1,5.140000000000001,0
2023-09-28 08:00:00,26.8,31.1,24.2,11.5,96.0,88.0,11.3,31.56,Caution,28,9,2023,271,39,Wet,El Nino,1,4.759999999999998,0
2023-09-29 08:00:00,27.6,31.4,25.3,6.5,98.0,88.0,7.3,34.51,Extreme Caution,29,9,2023,272,39,Wet,El Nino,1,6.909999999999997,0
2023-09-30 08:00:00,27.9,30.5,26.0,2.8,95.0,86.0,18.4,34.83,Extreme Caution,30,9,2023,273,39,Wet,El Nino,1,6.93,0
2023-10-01 08:00:00,27.6,30.8,25.5,11.3,95.0,87.0,20.4,33.85,Extreme Caution,1,10,2023,274,39,Wet,El Nino,1,6.25,0
2023-10-02 08:00:00,27.4,29.9,26.0,10.3,92.0,86.0,26.3,32.61,Caution,2,10,2023,275,40,Wet,El Nino,1,5.210000000000001,0
2023-10-03 08:00:00,27.3,29.5,26.2,2.9,89.0,85.0,28.2,31.74,Caution,3,10,2023,276,40,Wet,El Nino,1,4.439999999999998,0
2023-10-04 08:00:00,27.1,29.1,25.5,18.9,91.0,86.0,25.6,31.55,Caution,4,10,2023,277,40,Wet,El Nino,1,4.449999999999999,0
2023-10-05 08:00:00,26.6,28.5,25.4,9.0,93.0,88.0,23.5,29.85,Caution,5,10,2023,278,40,Wet,El Nino,1,3.25,0
2023-10-06 08:00:00,27.0,29.1,24.9,2.0,95.0,85.0,20.8,31.99,Caution,6,10,2023,279,40,Wet,El Nino,1,4.989999999999998,0
2023-10-07 08:00:00,27.6,30.2,25.3,1.2,95.0,84.0,15.4,33.85,Extreme Caution,7,10,2023,280,40,Wet,El Nino,1,6.25,0
2023-10-08 08:00:00,27.4,30.9,24.8,7.0,96.0,85.0,15.6,33.42,Extreme Caution,8,10,2023,281,40,Wet,El Nino,1,6.020000000000003,0
2023-10-09 08:00:00,27.8,31.1,25.3,1.3,95.0,85.0,12.6,34.5,Extreme Caution,9,10,2023,282,41,Wet,El Nino,1,6.699999999999999,0
2023-10-10 08:00:00,27.7,30.1,25.2,3.8,94.0,85.0,8.2,33.96,Extreme Caution,10,10,2023,283,41,Wet,El Nino,1,6.260000000000002,0
2023-10-11 08:00:00,26.6,28.6,24.4,4.4,96.0,88.0,13.1,30.1,Caution,11,10,2023,284,41,Wet,El Nino,1,3.5,0
2023-10-12 08:00:00,27.4,29.7,25.1,2.1,94.0,85.0,9.5,33.01,Extreme Caution,12,10,2023,285,41,Wet,El Nino,1,5.609999999999999,0
2023-10-13 08:00:00,28.0,30.9,25.6,0.8,93.0,85.0,7.1,34.69,Extreme Caution,13,10,2023,286,41,Wet,El Nino,1,6.689999999999998,0
2023-10-14 08:00:00,27.8,30.7,24.9,2.3,95.0,82.0,14.4,34.5,Extreme Caution,14,10,2023,287,41,Wet,El Nino,1,6.699999999999999,0
2023-10-15 08:00:00,27.4,30.9,23.9,12.4,97.0,84.0,13.9,33.63,Extreme Caution,15,10,2023,288,41,Wet,El Nino,1,6.230000000000004,0
2023-10-16 08:00:00,27.1,29.8,24.9,2.3,95.0,85.0,12.2,32.29,Caution,16,10,2023,289,42,Wet,El Nino,1,5.189999999999998,0
2023-10-17 08:00:00,27.3,30.5,24.8,6.6,95.0,85.0,10.2,32.9,Caution,17,10,2023,290,42,Wet,El Nino,1,5.599999999999998,0
2023-10-18 08:00:00,28.0,31.0,25.4,2.2,97.0,83.0,9.3,35.64,Extreme Caution,18,10,2023,291,42,Wet,El Nino,1,7.640000000000001,0
2023-10-19 08:00:00,26.8,29.4,25.4,12.1,94.0,88.0,8.4,31.22,Caution,19,10,2023,292,42,Wet,El Nino,1,4.419999999999998,0
2023-10-20 08:00:00,26.6,29.5,24.3,14.7,96.0,88.0,12.2,30.1,Caution,20,10,2023,293,42,Wet,El Nino,1,3.5,0
2023-10-21 08:00:00,26.0,28.2,24.6,5.3,96.0,90.0,6.9,28.26,Caution,21,10,2023,294,42,Wet,El Nino,1,2.2600000000000016,0
2023-10-22 08:00:00,26.1,28.1,24.6,7.5,96.0,91.0,10.5,28.56,Caution,22,10,2023,295,42,Wet,El Nino,1,2.4599999999999973,0
2023-10-23 08:00:00,25.7,28.0,23.9,5.6,98.0,92.0,6.3,27.42,Caution,23,10,2023,296,43,Wet,El Nino,1,1.7200000000000024,0
2023-10-24 08:00:00,26.5,30.5,24.5,5.0,98.0,89.0,9.9,29.93,Caution,24,10,2023,297,43,Wet,El Nino,1,3.4299999999999997,0
2023-10-25 08:00:00,27.9,31.0,25.4,0.7,95.0,83.0,8.4,34.83,Extreme Caution,25,10,2023,298,43,Wet,El Nino,1,6.93,0
2023-10-26 08:00:00,27.5,30.5,24.6,5.8,95.0,86.0,11.8,33.53,Extreme Caution,26,10,2023,299,43,Wet,El Nino,1,6.030000000000001,0
2023-10-27 08:00:00,26.6,30.8,24.1,3.4,98.0,88.0,12.6,30.26,Caution,27,10,2023,300,43,Wet,El Nino,1,3.66,0
2023-10-28 08:00:00,27.6,30.4,24.9,0.8,96.0,85.0,9.7,34.07,Extreme Caution,28,10,2023,301,43,Wet,El Nino,1,6.469999999999999,0
2023-10-29 08:00:00,27.8,31.5,24.6,1.1,91.0,79.0,9.9,33.61,Extreme Caution,29,10,2023,302,43,Wet,El Nino,1,5.809999999999999,0
2023-10-30 08:00:00,28.2,32.7,25.0,0.2,89.0,75.0,14.0,34.39,Extreme Caution,30,10,2023,303,44,Wet,El Nino,1,6.190000000000001,0
2023-10-31 08:00:00,27.6,31.6,24.4,16.7,93.0,77.0,15.2,33.43,Extreme Caution,31,10,2023,304,44,Wet,El Nino,1,5.829999999999998,0
2023-11-01 08:00:00,26.1,28.6,24.2,11.2,97.0,90.0,11.9,28.61,Caution,1,11,2023,305,44,Wet,El Nino,1,2.509999999999998,0
2023-11-02 08:00:00,26.2,28.4,24.1,6.9,97.0,92.0,6.8,28.91,Caution,2,11,2023,306,44,Wet,El Nino,1,2.710000000000001,0
2023-11-03 08:00:00,27.1,31.1,24.5,2.9,97.0,87.0,11.8,32.66,Caution,3,11,2023,307,44,Wet,El Nino,1,5.559999999999995,0
2023-11-04 08:00:00,27.7,30.9,24.8,3.3,97.0,86.0,8.6,34.62,Extreme Caution,4,11,2023,308,44,Wet,El Nino,1,6.919999999999998,0
2023-11-05 08:00:00,27.5,30.9,24.6,2.4,97.0,88.0,6.1,33.95,Extreme Caution,5,11,2023,309,44,Wet,El Nino,1,6.450000000000003,0
2023-11-06 08:00:00,27.9,31.3,25.0,1.5,94.0,82.0,10.2,34.6,Extreme Caution,6,11,2023,310,45,Wet,El Nino,1,6.700000000000003,0
2023-11-07 08:00:00,28.0,31.5,25.5,0.9,94.0,81.0,12.6,34.93,Extreme Caution,7,11,2023,311,45,Wet,El Nino,1,6.93,0
2023-11-08 08:00:00,27.4,30.6,25.2,1.2,93.0,84.0,12.0,32.81,Caution,8,11,2023,312,45,Wet,El Nino,1,5.410000000000004,0
2023-11-09 08:00:00,28.0,32.1,24.6,1.5,92.0,80.0,8.9,34.46,Extreme Caution,9,11,2023,313,45,Wet,El Nino,1,6.460000000000001,0
2023-11-10 08:00:00,27.8,32.1,24.7,0.9,93.0,81.0,11.2,34.05,Extreme Caution,10,11,2023,314,45,Wet,El Nino,1,6.2499999999999964,0
2023-11-11 08:00:00,28.0,31.4,25.1,0.9,96.0,81.0,15.9,35.4,Extreme Caution,11,11,2023,315,45,Wet,El Nino,1,7.399999999999999,0
2023-11-12 08:00:00,27.9,31.4,25.4,1.3,92.0,80.0,10.9,34.14,Extreme Caution,12,11,2023,316,45,Wet,El Nino,1,6.240000000000002,0
2023-11-13 08:00:00,27.7,30.9,25.4,0.6,94.0,80.0,13.4,33.96,Extreme Caution,13,11,2023,317,46,Wet,El Nino,1,6.260000000000002,0
2023-11-14 08:00:00,27.7,30.8,25.7,1.6,86.0,78.0,19.6,32.27,Caution,14,11,2023,318,46,Wet,El Nino,1,4.570000000000004,0
2023-11-15 08:00:00,27.7,31.0,25.4,1.6,87.0,77.0,15.4,32.47,Caution,15,11,2023,319,46,Wet,El Nino,1,4.77,0
2023-11-16 08:00:00,27.9,32.0,25.3,0.1,87.0,73.0,14.3,33.04,Extreme Caution,16,11,2023,320,46,Wet,El Nino,1,5.140000000000001,0
2023-11-17 08:00:00,27.8,32.5,24.8,0.0,84.0,69.0,19.1,32.19,Caution,17,11,2023,321,46,Wet,El Nino,1,4.389999999999997,0
2023-11-18 08:00:00,27.5,31.5,24.8,0.9,82.0,70.0,17.1,31.13,Caution,18,11,2023,322,46,Wet,El Nino,1,3.629999999999999,0
2023-11-19 08:00:00,27.0,30.9,24.5,0.0,83.0,70.0,13.9,30.03,Caution,19,11,2023,323,46,Wet,El Nino,1,3.030000000000001,0
2023-11-20 08:00:00,27.4,31.6,24.5,0.4,93.0,73.0,11.2,32.81,Caution,20,11,2023,324,47,Wet,El Nino,1,5.410000000000004,0
2023-11-21 08:00:00,27.3,31.5,23.9,0.8,87.0,72.0,10.3,31.36,Caution,21,11,2023,325,47,Wet,El Nino,1,4.059999999999999,0
2023-11-22 08:00:00,27.2,30.9,24.1,2.1,91.0,74.0,9.0,31.83,Caution,22,11,2023,326,47,Wet,El Nino,1,4.629999999999999,0
2023-11-23 08:00:00,26.5,30.0,24.5,4.7,98.0,86.0,10.8,29.93,Caution,23,11,2023,327,47,Wet,El Nino,1,3.4299999999999997,0
2023-11-24 08:00:00,27.9,31.5,25.9,1.4,88.0,78.0,14.5,33.26,Extreme Caution,24,11,2023,328,47,Wet,El Nino,1,5.359999999999999,0
2023-11-25 08:00:00,26.4,28.5,24.5,2.8,89.0,80.0,12.6,29.02,Caution,25,11,2023,329,47,Wet,El Nino,1,2.620000000000001,0
2023-11-26 08:00:00,27.3,30.9,24.4,1.3,95.0,80.0,17.8,32.9,Caution,26,11,2023,330,47,Wet,El Nino,1,5.599999999999998,0
2023-11-27 08:00:00,28.0,32.6,24.8,1.0,96.0,77.0,16.5,35.4,Extreme Caution,27,11,2023,331,48,Wet,El Nino,1,7.399999999999999,0
2023-11-28 08:00:00,28.1,32.4,25.2,0.6,90.0,76.0,18.4,34.31,Extreme Caution,28,11,2023,332,48,Wet,El Nino,1,6.210000000000001,0
2023-11-29 08:00:00,28.3,32.0,26.0,0.2,86.0,76.0,15.8,33.99,Extreme Caution,29,11,2023,333,48,Wet,El Nino,1,5.690000000000001,0
2023-11-30 08:00:00,28.4,32.0,25.6,0.1,90.0,74.0,18.4,35.26,Extreme Caution,30,11,2023,334,48,Wet,El Nino,1,6.859999999999999,0
2023-12-01 08:00:00,28.1,31.8,25.6,1.0,89.0,75.0,23.0,34.08,Extreme Caution,1,12,2023,335,48,Cool Dry,El Nino,1,5.979999999999997,0
2023-12-02 08:00:00,28.1,32.4,25.0,0.0,87.0,73.0,19.7,33.63,Extreme Caution,2,12,2023,336,48,Cool Dry,El Nino,1,5.530000000000001,0
2023-12-03 08:00:00,27.6,31.6,24.7,1.0,93.0,77.0,18.8,33.43,Extreme Caution,3,12,2023,337,48,Cool Dry,El Nino,1,5.829999999999998,0
2023-12-04 08:00:00,28.6,33.2,25.4,0.4,91.0,71.0,12.8,36.16,Extreme Caution,4,12,2023,338,49,Cool Dry,El Nino,1,7.559999999999995,0
2023-12-05 08:00:00,27.8,31.0,25.0,3.0,99.0,83.0,5.1,35.42,Extreme Caution,5,12,2023,339,49,Cool Dry,El Nino,1,7.620000000000001,0
2023-12-06 08:00:00,26.6,31.2,24.0,6.3,98.0,86.0,10.4,30.26,Caution,6,12,2023,340,49,Cool Dry,El Nino,1,3.66,0
2023-12-07 08:00:00,27.5,30.6,25.8,1.4,90.0,80.0,16.9,32.51,Caution,7,12,2023,341,49,Cool Dry,El Nino,1,5.009999999999998,0
2023-12-08 08:00:00,27.5,31.8,23.7,0.0,92.0,76.0,10.0,32.91,Caution,8,12,2023,342,49,Cool Dry,El Nino,1,5.409999999999997,0
2023-12-09 08:00:00,27.5,31.4,23.9,0.5,94.0,77.0,13.0,33.32,Extreme Caution,9,12,2023,343,49,Cool Dry,El Nino,1,5.82,0
2023-12-10 08:00:00,27.7,32.5,24.2,0.2,96.0,75.0,9.4,34.4,Extreme Caution,10,12,2023,344,49,Cool Dry,El Nino,1,6.699999999999999,0
2023-12-11 08:00:00,27.1,30.6,24.5,1.2,91.0,80.0,9.7,31.55,Caution,11,12,2023,345,50,Cool Dry,El Nino,1,4.449999999999999,0
2023-12-12 08:00:00,28.5,33.3,25.6,0.0,91.0,73.0,15.5,35.83,Extreme Caution,12,12,2023,346,50,Cool Dry,El Nino,1,7.329999999999998,0
2023-12-13 08:00:00,28.3,32.9,25.4,1.8,86.0,72.0,17.9,33.99,Extreme Caution,13,12,2023,347,50,Cool Dry,El Nino,1,5.690000000000001,0
2023-12-14 08:00:00,27.8,31.0,25.0,0.8,84.0,71.0,20.5,32.19,Caution,14,12,2023,348,50,Cool Dry,El Nino,1,4.389999999999997,0
2023-12-15 08:00:00,26.8,31.1,23.6,19.6,98.0,80.0,14.7,31.91,Caution,15,12,2023,349,50,Cool Dry,El Nino,1,5.109999999999999,0
2023-12-16 08:00:00,26.6,29.1,25.3,2.3,90.0,82.0,14.2,29.62,Caution,16,12,2023,350,50,Cool Dry,El Nino,1,3.0199999999999996,0
2023-12-17 08:00:00,27.0,30.8,24.5,2.3,87.0,69.0,22.2,30.57,Caution,17,12,2023,351,50,Cool Dry,El Nino,1,3.5700000000000003,0
2023-12-18 08:00:00,26.8,30.7,24.5,1.1,93.0,80.0,19.2,31.05,Caution,18,12,2023,352,51,Cool Dry,El Nino,1,4.25,0
2023-12-19 08:00:00,27.8,32.0,25.0,2.0,93.0,76.0,16.3,34.05,Extreme Caution,19,12,2023,353,51,Cool Dry,El Nino,1,6.2499999999999964,0
2023-12-20 08:00:00,27.9,31.6,25.2,1.6,93.0,77.0,9.8,34.37,Extreme Caution,20,12,2023,354,51,Cool Dry,El Nino,1,6.469999999999999,0
2023-12-21 08:00:00,27.1,30.5,23.9,9.2,91.0,79.0,12.5,31.55,Caution,21,12,2023,355,51,Cool Dry,El Nino,1,4.449999999999999,0
2023-12-22 08:00:00,25.4,28.3,22.9,2.1,91.0,76.0,18.6,26.37,Normal,22,12,2023,356,51,Cool Dry,El Nino,1,0.9700000000000024,0
2023-12-23 08:00:00,25.6,28.0,24.1,0.0,85.0,78.0,18.3,26.43,Normal,23,12,2023,357,51,Cool Dry,El Nino,1,0.8299999999999983,0
2023-12-24 08:00:00,26.7,30.2,24.6,1.6,91.0,77.0,17.3,30.44,Caution,24,12,2023,358,51,Cool Dry,El Nino,1,3.740000000000002,0
2023-12-25 08:00:00,26.6,30.0,24.5,2.2,90.0,77.0,22.5,29.62,Caution,25,12,2023,359,52,Cool Dry,El Nino,1,3.0199999999999996,0
2023-12-26 08:00:00,26.6,30.0,24.1,1.2,94.0,82.0,19.4,29.93,Caution,26,12,2023,360,52,Cool Dry,El Nino,1,3.3299999999999983,0
2023-12-27 08:00:00,26.8,31.0,24.0,2.1,97.0,82.0,13.6,31.73,Caution,27,12,2023,361,52,Cool Dry,El Nino,1,4.93,0
2023-12-28 08:00:00,27.1,31.5,23.8,1.4,95.0,78.0,10.9,32.29,Caution,28,12,2023,362,52,Cool Dry,El Nino,1,5.189999999999998,0
2023-12-29 08:00:00,27.2,31.5,24.4,1.4,95.0,79.0,17.0,32.59,Caution,29,12,2023,363,52,Cool Dry,El Nino,1,5.390000000000004,0
2023-12-30 08:00:00,27.5,31.8,24.1,2.2,95.0,78.0,14.1,33.53,Extreme Caution,30,12,2023,364,52,Cool Dry,El Nino,1,6.030000000000001,0
2023-12-31 08:00:00,26.6,30.2,23.9,2.0,97.0,86.0,10.4,30.18,Caution,31,12,2023,365,52,Cool Dry,El Nino,1,3.5799999999999983,0
2024-01-01 08:00:00,26.7,30.2,24.4,2.3,98.0,87.0,7.4,31.6,Caution,1,1,2024,1,1,Cool Dry,El Nino,1,4.900000000000002,0
2024-01-02 08:00:00,26.6,30.1,24.2,1.5,96.0,85.0,7.6,30.1,Caution,2,1,2024,2,1,Cool Dry,El Nino,1,3.5,0
2024-01-03 08:00:00,27.3,30.6,25.1,0.3,91.0,80.0,9.5,32.12,Caution,3,1,2024,3,1,Cool Dry,El Nino,1,4.819999999999997,0
2024-01-04 08:00:00,27.5,31.6,24.7,0.0,86.0,73.0,11.0,31.72,Caution,4,1,2024,4,1,Cool Dry,El Nino,1,4.219999999999999,0
2024-01-05 08:00:00,27.2,31.2,23.8,0.7,89.0,74.0,10.4,31.46,Caution,5,1,2024,5,1,Cool Dry,El Nino,1,4.260000000000002,0
2024-01-06 08:00:00,27.4,31.6,24.6,0.0,83.0,69.0,10.3,31.01,Caution,6,1,2024,6,1,Cool Dry,El Nino,1,3.610000000000003,0
2024-01-07 08:00:00,27.0,31.0,24.7,0.0,83.0,68.0,15.5,30.03,Caution,7,1,2024,7,1,Cool Dry,El Nino,1,3.030000000000001,0
2024-01-08 08:00:00,27.0,31.4,23.5,6.2,96.0,77.0,19.7,32.17,Caution,8,1,2024,8,2,Cool Dry,El Nino,1,5.170000000000002,0
2024-01-09 08:00:00,27.1,31.1,24.5,0.8,94.0,80.0,10.4,32.1,Caution,9,1,2024,9,2,Cool Dry,El Nino,1,5.0,0
2024-01-10 08:00:00,27.0,30.9,24.2,1.7,96.0,80.0,11.5,32.17,Caution,10,1,2024,10,2,Cool Dry,El Nino,1,5.170000000000002,0
2024-01-11 08:00:00,26.6,30.8,23.8,0.1,85.0,72.0,13.0,29.24,Caution,11,1,2024,11,2,Cool Dry,El Nino,1,2.639999999999997,0
2024-01-12 08:00:00,26.4,30.2,23.9,0.0,88.0,69.0,14.3,28.95,Caution,12,1,2024,12,2,Cool Dry,El Nino,1,2.5500000000000007,0
2024-01-13 08:00:00,26.7,30.4,24.0,0.0,75.0,63.0,19.1,28.71,Caution,13,1,2024,13,2,Cool Dry,El Nino,1,2.0100000000000016,0
2024-01-14 08:00:00,26.7,31.0,23.6,0.2,82.0,67.0,13.4,29.24,Caution,14,1,2024,14,2,Cool Dry,El Nino,1,2.539999999999999,0
2024-01-15 08:00:00,26.5,30.9,23.0,1.0,88.0,66.0,12.9,29.21,Caution,15,1,2024,15,3,Cool Dry,El Nino,1,2.710000000000001,0
2024-01-16 08:00:00,26.1,30.6,23.0,0.0,80.0,64.0,20.9,27.86,Caution,16,1,2024,16,3,Cool Dry,El Nino,1,1.759999999999998,0
2024-01-17 08:00:00,25.6,30.9,21.8,0.1,84.0,65.0,19.1,26.41,Normal,17,1,2024,17,3,Cool Dry,El Nino,1,0.8099999999999987,0
2024-01-18 08:00:00,26.5,31.4,23.2,1.0,88.0,70.0,12.4,29.21,Caution,18,1,2024,18,3,Cool Dry,El Nino,1,2.710000000000001,0
2024-01-19 08:00:00,26.8,31.9,23.0,0.8,87.0,71.0,14.9,30.05,Caution,19,1,2024,19,3,Cool Dry,El Nino,1,3.25,0
2024-01-20 08:00:00,26.7,29.8,24.0,2.5,90.0,73.0,12.6,30.28,Caution,20,1,2024,20,3,Cool Dry,El Nino,1,3.580000000000002,0
2024-01-21 08:00:00,27.3,31.1,24.1,1.0,92.0,73.0,11.5,32.32,Caution,21,1,2024,21,3,Cool Dry,El Nino,1,5.02,0
2024-01-22 08:00:00,26.8,31.0,24.0,2.5,94.0,76.0,15.0,31.22,Caution,22,1,2024,22,4,Cool Dry,El Nino,1,4.419999999999998,0
2024-01-23 08:00:00,26.3,29.2,24.2,2.5,90.0,77.0,17.3,28.81,Caution,23,1,2024,23,4,Cool Dry,El Nino,1,2.509999999999998,0
2024-01-24 08:00:00,26.2,30.0,23.5,0.0,78.0,66.0,20.1,27.96,Caution,24,1,2024,24,4,Cool Dry,El Nino,1,1.7600000000000016,0
2024-01-25 08:00:00,25.7,30.0,22.5,0.0,81.0,65.0,13.7,26.44,Normal,25,1,2024,25,4,Cool Dry,El Nino,1,0.740000000000002,0
2024-01-26 08:00:00,24.7,28.9,21.1,0.2,88.0,66.0,13.4,25.52,Normal,26,1,2024,26,4,Cool Dry,El Nino,1,0.8200000000000003,0
2024-01-27 08:00:00,24.7,29.1,21.2,0.0,86.0,67.0,21.3,25.47,Normal,27,1,2024,27,4,Cool Dry,El Nino,1,0.7699999999999996,0
2024-01-28 08:00:00,25.2,29.6,22.6,0.0,80.0,66.0,24.3,25.86,Normal,28,1,2024,28,4,Cool Dry,El Nino,1,0.6600000000000001,0
2024-01-29 08:00:00,25.3,30.2,20.8,0.2,90.0,64.0,24.2,26.24,Normal,29,1,2024,29,5,Cool Dry,El Nino,1,0.9399999999999977,0
2024-01-30 08:00:00,26.2,31.4,22.4,0.0,86.0,65.0,19.5,28.35,Caution,30,1,2024,30,5,Cool Dry,El Nino,1,2.150000000000002,0
2024-01-31 08:00:00,26.3,30.9,23.0,0.2,91.0,71.0,17.7,28.87,Caution,31,1,2024,31,5,Cool Dry,El Nino,1,2.5700000000000003,0
2024-02-01 08:00:00,27.4,32.8,23.8,0.1,92.0,69.0,19.1,32.61,Caution,1,2,2024,32,5,Cool Dry,El Nino,1,5.210000000000001,0
2024-02-02 08:00:00,27.4,32.6,23.3,0.0,91.0,67.0,17.7,32.41,Caution,2,2,2024,33,5,Cool Dry,El Nino,1,5.009999999999998,0
2024-02-03 08:00:00,27.8,33.6,24.1,0.0,85.0,68.0,21.5,32.34,Caution,3,2,2024,34,5,Cool Dry,El Nino,1,4.540000000000003,0
2024-02-04 08:00:00,28.2,34.2,23.9,0.0,87.0,65.0,22.4,33.92,Extreme Caution,4,2,2024,35,5,Cool Dry,El Nino,1,5.720000000000002,0
2024-02-05 08:00:00,27.8,33.3,23.5,0.2,90.0,69.0,19.4,33.4,Extreme Caution,5,2,2024,36,6,Cool Dry,El Nino,1,5.599999999999998,0
2024-02-06 08:00:00,27.5,32.8,23.0,0.0,89.0,66.0,15.5,32.31,Caution,6,2,2024,37,6,Cool Dry,El Nino,1,4.810000000000002,0
2024-02-07 08:00:00,27.3,32.7,22.6,0.0,88.0,65.0,23.2,31.55,Caution,7,2,2024,38,6,Cool Dry,El Nino,1,4.25,0
2024-02-08 08:00:00,27.7,31.8,23.9,0.0,87.0,67.0,17.5,32.47,Caution,8,2,2024,39,6,Cool Dry,El Nino,1,4.77,0
2024-02-09 08:00:00,27.4,31.4,24.2,2.7,86.0,69.0,14.7,31.45,Caution,9,2,2024,40,6,Cool Dry,El Nino,1,4.050000000000001,0
2024-02-10 08:00:00,27.4,32.0,23.9,1.4,78.0,63.0,17.4,30.42,Caution,10,2,2024,41,6,Cool Dry,El Nino,1,3.020000000000003,0
2024-02-11 08:00:00,27.1,32.2,23.5,0.0,83.0,60.0,17.7,30.27,Caution,11,2,2024,42,6,Cool Dry,El Nino,1,3.169999999999998,0
2024-02-12 08:00:00,26.4,31.3,23.8,0.0,70.0,58.0,20.7,27.89,Caution,12,2,2024,43,7,Cool Dry,El Nino,1,1.490000000000002,0
2024-02-13 08:00:00,27.3,32.0,24.1,0.0,84.0,65.0,22.4,30.88,Caution,13,2,2024,44,7,Cool Dry,El Nino,1,3.5799999999999983,0
2024-02-14 08:00:00,27.9,33.8,23.6,0.0,87.0,66.0,22.1,33.04,Extreme Caution,14,2,2024,45,7,Cool Dry,El Nino,1,5.140000000000001,0
2024-02-15 08:00:00,28.0,32.8,23.8,0.2,86.0,65.0,16.0,33.11,Extreme Caution,15,2,2024,46,7,Cool Dry,El Nino,1,5.109999999999999,0
2024-02-16 08:00:00,27.0,30.5,23.7,1.0,82.0,67.0,16.6,29.93,Caution,16,2,2024,47,7,Cool Dry,El Nino,1,2.9299999999999997,0
2024-02-17 08:00:00,27.8,33.5,23.9,0.0,82.0,63.0,21.7,31.89,Caution,17,2,2024,48,7,Cool Dry,El Nino,1,4.09,0
2024-02-18 08:00:00,28.3,34.0,25.0,0.0,80.0,61.0,19.4,32.86,Caution,18,2,2024,49,7,Cool Dry,El Nino,1,4.559999999999999,0
2024-02-19 08:00:00,28.1,33.5,24.2,0.0,86.0,62.0,23.3,33.4,Extreme Caution,19,2,2024,50,8,Cool Dry,El Nino,1,5.299999999999997,0
2024-02-20 08:00:00,28.3,33.9,24.8,0.0,75.0,57.0,22.2,32.03,Caution,20,2,2024,51,8,Cool Dry,El Nino,1,3.7300000000000004,0
2024-02-21 08:00:00,28.1,33.2,23.0,0.0,91.0,62.0,24.4,34.54,Extreme Caution,21,2,2024,52,8,Cool Dry,El Nino,1,6.439999999999998,0
2024-02-22 08:00:00,28.5,34.3,23.5,0.0,88.0,65.0,17.7,35.08,Extreme Caution,22,2,2024,53,8,Cool Dry,El Nino,1,6.579999999999998,0
2024-02-23 08:00:00,28.2,34.2,24.2,0.0,81.0,64.0,21.6,32.77,Caution,23,2,2024,54,8,Cool Dry,El Nino,1,4.570000000000004,0
2024-02-24 08:00:00,29.3,35.0,26.1,0.1,79.0,60.0,21.0,35.35,Extreme Caution,24,2,2024,55,8,Cool Dry,El Nino,1,6.050000000000001,0
2024-02-25 08:00:00,27.9,32.8,24.8,1.4,75.0,66.0,19.1,31.14,Caution,25,2,2024,56,8,Cool Dry,El Nino,1,3.240000000000002,0
2024-02-26 08:00:00,27.4,32.5,22.9,0.0,86.0,61.0,20.8,31.45,Caution,26,2,2024,57,9,Cool Dry,El Nino,1,4.050000000000001,0
2024-02-27 08:00:00,27.1,32.8,22.0,0.0,87.0,60.0,22.5,30.83,Caution,27,2,2024,58,9,Cool Dry,El Nino,1,3.729999999999997,0
2024-02-28 08:00:00,27.3,32.7,23.4,0.0,80.0,59.0,23.4,30.42,Caution,28,2,2024,59,9,Cool Dry,El Nino,1,3.120000000000001,0
2024-02-29 08:00:00,27.9,34.3,23.2,0.1,86.0,63.0,21.8,32.83,Caution,29,2,2024,60,9,Cool Dry,El Nino,1,4.93,0
2024-03-01 08:00:00,27.7,32.4,23.5,0.0,84.0,62.0,17.3,31.92,Caution,1,3,2024,61,9,Dry,El Nino,1,4.220000000000002,0
2024-03-02 08:00:00,27.5,32.0,23.2,0.0,80.0,60.0,17.0,30.88,Caution,2,3,2024,62,9,Dry,El Nino,1,3.379999999999999,0
2024-03-03 08:00:00,27.7,33.3,23.9,0.0,79.0,58.0,21.3,31.23,Caution,3,3,2024,63,9,Dry,El Nino,1,3.530000000000001,0
2024-03-04 08:00:00,28.2,32.7,25.2,3.6,80.0,67.0,18.1,32.6,Caution,4,3,2024,64,10,Dry,El Nino,1,4.400000000000002,0
2024-03-05 08:00:00,28.2,33.8,23.1,0.0,82.0,58.0,21.5,32.94,Caution,5,3,2024,65,10,Dry,El Nino,1,4.739999999999998,0
2024-03-06 08:00:00,28.6,34.0,24.0,0.0,90.0,64.0,14.1,35.9,Extreme Caution,6,3,2024,66,10,Dry,El Nino,1,7.299999999999997,0
2024-03-07 08:00:00,28.0,33.0,24.6,0.2,85.0,67.0,19.3,32.9,Caution,7,3,2024,67,10,Dry,El Nino,1,4.899999999999999,0
2024-03-08 08:00:00,28.0,32.2,25.0,0.8,84.0,64.0,18.6,32.73,Caution,8,3,2024,68,10,Dry,El Nino,1,4.729999999999997,0
2024-03-09 08:00:00,27.5,32.3,24.4,3.5,87.0,68.0,20.6,31.91,Caution,9,3,2024,69,10,Dry,El Nino,1,4.41,0
2024-03-10 08:00:00,27.9,33.0,24.7,1.2,74.0,61.0,16.4,31.0,Caution,10,3,2024,70,10,Dry,El Nino,1,3.1000000000000014,0
2024-03-11 08:00:00,27.9,32.3,24.5,0.4,92.0,68.0,17.9,34.14,Extreme Caution,11,3,2024,71,11,Dry,El Nino,1,6.240000000000002,0
2024-03-12 08:00:00,27.4,31.8,24.3,12.0,96.0,78.0,13.4,33.42,Extreme Caution,12,3,2024,72,11,Dry,El Nino,1,6.020000000000003,0
2024-03-13 08:00:00,27.4,31.8,24.2,0.4,84.0,70.0,19.8,31.13,Caution,13,3,2024,73,11,Dry,El Nino,1,3.7300000000000004,0
2024-03-14 08:00:00,27.5,31.9,24.4,5.9,89.0,69.0,13.9,32.31,Caution,14,3,2024,74,11,Dry,El Nino,1,4.810000000000002,0
2024-03-15 08:00:00,27.4,31.1,24.4,4.0,95.0,74.0,15.9,33.22,Extreme Caution,15,3,2024,75,11,Dry,El Nino,1,5.82,0
2024-03-16 08:00:00,27.8,32.8,24.3,0.7,85.0,69.0,19.0,32.34,Caution,16,3,2024,76,11,Dry,El Nino,1,4.540000000000003,0
2024-03-17 08:00:00,27.5,31.5,23.8,0.8,85.0,69.0,9.2,31.52,Caution,17,3,2024,77,11,Dry,El Nino,1,4.02,0
2024-03-18 08:00:00,27.5,32.6,23.6,0.5,88.0,65.0,17.6,32.11,Caution,18,3,2024,78,12,Dry,El Nino,1,4.609999999999999,0
2024-03-19 08:00:00,27.9,32.0,24.2,3.1,94.0,68.0,10.3,34.6,Extreme Caution,19,3,2024,79,12,Dry,El Nino,1,6.700000000000003,0
2024-03-20 08:00:00,27.3,32.2,24.0,0.0,87.0,68.0,20.0,31.36,Caution,20,3,2024,80,12,Dry,El Nino,1,4.059999999999999,0
2024-03-21 08:00:00,26.4,30.7,23.8,0.5,80.0,70.0,19.8,28.46,Caution,21,3,2024,81,12,Dry,El Nino,1,2.0600000000000023,0
2024-03-22 08:00:00,27.0,31.0,24.6,1.1,83.0,70.0,22.4,30.03,Caution,22,3,2024,82,12,Dry,El Nino,1,3.030000000000001,0
2024-03-23 08:00:00,27.8,31.9,24.9,0.8,79.0,69.0,25.0,31.46,Caution,23,3,2024,83,12,Dry,El Nino,1,3.66,0
2024-03-24 08:00:00,28.7,34.2,24.8,0.0,85.0,65.0,22.4,34.95,Extreme Caution,24,3,2024,84,12,Dry,El Nino,1,6.2500000000000036,0
2024-03-25 08:00:00,28.9,34.7,24.9,0.0,83.0,62.0,22.2,35.11,Extreme Caution,25,3,2024,85,13,Dry,El Nino,1,6.210000000000001,0
2024-03-26 08:00:00,29.4,34.2,25.9,2.7,87.0,69.0,10.7,37.72,Extreme Caution,26,3,2024,86,13,Dry,El Nino,1,8.32,0
2024-03-27 08:00:00,28.4,33.6,25.0,8.0,95.0,77.0,15.1,36.53,Extreme Caution,27,3,2024,87,13,Dry,El Nino,1,8.130000000000003,0
2024-03-28 08:00:00,29.7,35.5,25.5,5.0,96.0,73.0,20.9,41.67,Extreme Caution,28,3,2024,88,13,Dry,El Nino,1,11.970000000000002,0
2024-03-29 08:00:00,29.0,33.8,25.5,2.0,83.0,69.0,22.2,35.41,Extreme Caution,29,3,2024,89,13,Dry,El Nino,1,6.409999999999997,0
2024-03-30 08:00:00,28.8,35.1,23.6,0.0,82.0,64.0,27.2,34.61,Extreme Caution,30,3,2024,90,13,Dry,El Nino,1,5.809999999999999,0
2024-03-31 08:00:00,29.5,35.3,25.5,0.0,81.0,61.0,18.1,36.42,Extreme Caution,31,3,2024,91,13,Dry,El Nino,1,6.920000000000002,0
2024-04-01 08:00:00,30.1,35.5,25.7,0.0,79.0,59.0,23.6,37.69,Extreme Caution,1,4,2024,92,14,Dry,El Nino,1,7.589999999999996,0
2024-04-02 08:00:00,29.9,35.8,25.5,0.0,78.0,56.0,19.2,36.82,Extreme Caution,2,4,2024,93,14,Dry,El Nino,1,6.920000000000002,0
2024-04-03 08:00:00,29.6,35.8,24.7,0.0,81.0,60.0,22.5,36.72,Extreme Caution,3,4,2024,94,14,Dry,El Nino,1,7.119999999999997,0
2024-04-04 08:00:00,29.8,34.9,25.4,1.9,83.0,64.0,20.4,37.89,Extreme Caution,4,4,2024,95,14,Dry,El Nino,1,8.09,0
2024-04-05 08:00:00,30.2,36.0,26.0,0.0,81.0,61.0,24.4,38.59,Extreme Caution,5,4,2024,96,14,Dry,El Nino,1,8.390000000000004,0
2024-04-06 08:00:00,29.6,35.0,25.4,1.5,83.0,64.0,23.1,37.25,Extreme Caution,6,4,2024,97,14,Dry,El Nino,1,7.649999999999999,0
2024-04-07 08:00:00,29.7,34.5,25.1,2.1,83.0,64.0,23.5,37.57,Extreme Caution,7,4,2024,98,14,Dry,El Nino,1,7.870000000000001,0
2024-04-08 08:00:00,29.0,35.0,23.2,0.0,84.0,62.0,24.6,35.64,Extreme Caution,8,4,2024,99,15,Dry,El Nino,1,6.640000000000001,0
2024-04-09 08:00:00,29.6,35.2,25.6,0.0,86.0,66.0,22.0,38.09,Extreme Caution,9,4,2024,100,15,Dry,El Nino,1,8.490000000000002,0
2024-04-10 08:00:00,30.0,35.2,26.1,0.5,79.0,60.0,16.5,37.39,Extreme Caution,10,4,2024,101,15,Dry,El Nino,1,7.390000000000001,0
2024-04-11 08:00:00,30.1,36.2,25.6,0.1,82.0,61.0,19.8,38.57,Extreme Caution,11,4,2024,102,15,Dry,El Nino,1,8.469999999999999,0
2024-04-12 08:00:00,29.9,35.8,24.6,0.0,84.0,59.0,21.3,38.5,Extreme Caution,12,4,2024,103,15,Dry,El Nino,1,8.600000000000001,0
2024-04-13 08:00:00,30.0,35.8,25.1,0.0,83.0,61.0,25.2,38.54,Extreme Caution,13,4,2024,104,15,Dry,El Nino,1,8.54,0
2024-04-14 08:00:00,30.4,35.2,26.5,1.7,81.0,62.0,20.2,39.23,Extreme Caution,14,4,2024,105,15,Dry,El Nino,1,8.829999999999998,0
2024-04-15 08:00:00,29.9,34.7,25.2,0.1,79.0,63.0,23.8,37.09,Extreme Caution,15,4,2024,106,16,Dry,El Nino,1,7.190000000000005,0
2024-04-16 08:00:00,30.0,35.7,24.4,0.0,83.0,60.0,24.7,38.54,Extreme Caution,16,4,2024,107,16,Dry,El Nino,1,8.54,0
2024-04-17 08:00:00,30.2,35.5,25.8,0.0,80.0,60.0,24.0,38.29,Extreme Caution,17,4,2024,108,16,Dry,El Nino,1,8.09,0
2024-04-18 08:00:00,30.7,36.2,26.4,0.0,77.0,59.0,20.2,38.91,Extreme Caution,18,4,2024,109,16,Dry,El Nino,1,8.209999999999997,0
2024-04-19 08:00:00,30.7,36.1,25.7,0.0,77.0,56.0,27.0,38.91,Extreme Caution,19,4,2024,110,16,Dry,El Nino,1,8.209999999999997,0
2024-04-20 08:00:00,31.2,37.0,27.0,0.0,77.0,55.0,20.5,40.47,Extreme Caution,20,4,2024,111,16,Dry,El Nino,1,9.27,0
2024-04-21 08:00:00,30.8,36.3,26.1,0.0,78.0,55.0,24.3,39.54,Extreme Caution,21,4,2024,112,16,Dry,El Nino,1,8.739999999999998,0
2024-04-22 08:00:00,31.4,36.5,27.2,0.3,78.0,59.0,22.6,41.48,Extreme Caution,22,4,2024,113,17,Dry,El Nino,1,10.079999999999998,0
2024-04-23 08:00:00,31.5,36.4,27.5,1.1,86.0,64.0,21.5,45.03,Danger,23,4,2024,114,17,Dry,El Nino,1,13.530000000000001,1
2024-04-24 08:00:00,31.1,36.8,27.6,1.3,81.0,65.0,13.5,41.58,Extreme Caution,24,4,2024,115,17,Dry,El Nino,1,10.479999999999997,0
2024-04-25 08:00:00,31.4,36.7,27.8,1.1,79.0,62.0,16.3,41.86,Extreme Caution,25,4,2024,116,17,Dry,El Nino,1,10.46,0
2024-04-26 08:00:00,31.7,37.3,27.0,0.2,76.0,56.0,24.6,41.72,Extreme Caution,26,4,2024,117,17,Dry,El Nino,1,10.02,0
2024-04-27 08:00:00,32.3,37.4,28.8,0.1,75.0,59.0,20.6,43.3,Danger,27,4,2024,118,17,Dry,El Nino,1,11.0,1
2024-04-28 08:00:00,32.6,37.2,29.0,0.6,73.0,59.0,21.7,43.46,Danger,28,4,2024,119,17,Dry,El Nino,1,10.86,1
2024-04-29 08:00:00,32.1,37.6,27.2,0.0,77.0,56.0,18.2,43.46,Danger,29,4,2024,120,18,Dry,El Nino,1,11.36,1
2024-04-30 08:00:00,32.1,38.2,27.3,0.0,78.0,57.0,20.4,43.88,Danger,30,4,2024,121,18,Dry,El Nino,1,11.780000000000001,1
2024-05-01 08:00:00,31.5,36.7,27.5,2.1,81.0,61.0,12.3,42.98,Danger,1,5,2024,122,18,Dry,El Nino,1,11.479999999999997,1
2024-05-02 08:00:00,31.4,37.3,26.6,0.0,76.0,57.0,22.9,40.75,Extreme Caution,2,5,2024,123,18,Dry,El Nino,1,9.350000000000001,0
2024-05-03 08:00:00,31.3,37.1,27.2,0.4,77.0,58.0,21.3,40.79,Extreme Caution,3,5,2024,124,18,Dry,El Nino,1,9.489999999999998,0
2024-05-04 08:00:00,31.4,37.2,27.0,0.2,82.0,59.0,21.4,43.02,Danger,4,5,2024,125,18,Dry,El Nino,1,11.620000000000005,1
2024-05-05 08:00:00,31.9,36.5,28.4,0.2,74.0,58.0,16.2,41.6,Extreme Caution,5,5,2024,126,18,Dry,El Nino,1,9.700000000000003,0
2024-05-06 08:00:00,31.6,36.4,27.6,0.3,77.0,60.0,20.9,41.77,Extreme Caution,6,5,2024,127,19,Dry,El Nino,1,10.170000000000002,0
2024-05-07 08:00:00,31.9,37.5,27.8,0.0,78.0,55.0,20.1,43.18,Danger,7,5,2024,128,19,Dry,El Nino,1,11.280000000000001,1
2024-05-08 08:00:00,31.5,35.8,27.8,1.1,74.0,60.0,19.7,40.35,Extreme Caution,8,5,2024,129,19,Dry,El Nino,1,8.850000000000001,0
2024-05-09 08:00:00,31.6,36.8,27.6,1.1,74.0,60.0,20.9,40.66,Extreme Caution,9,5,2024,130,19,Dry,El Nino,1,9.059999999999995,0
2024-05-10 08:00:00,30.9,35.8,27.8,3.4,75.0,63.0,13.8,38.87,Extreme Caution,10,5,2024,131,19,Dry,El Nino,1,7.969999999999999,0
2024-05-11 08:00:00,30.6,35.0,27.9,1.2,83.0,68.0,18.3,40.56,Extreme Caution,11,5,2024,132,19,Dry,El Nino,1,9.96,0
2024-05-12 08:00:00,32.0,35.6,28.9,0.1,79.0,62.0,21.1,43.94,Danger,12,5,2024,133,19,Dry,El Nino,1,11.939999999999998,1
2024-05-13 08:00:00,29.7,35.3,25.5,15.2,95.0,75.0,17.5,41.33,Extreme Caution,13,5,2024,134,20,Dry,El Nino,1,11.629999999999999,0
2024-05-14 08:00:00,30.4,35.0,27.3,1.4,90.0,73.0,12.1,42.28,Danger,14,5,2024,135,20,Dry,El Nino,1,11.880000000000003,1
2024-05-15 08:00:00,29.6,34.7,25.9,1.7,94.0,75.0,14.3,40.61,Extreme Caution,15,5,2024,136,20,Dry,El Nino,1,11.009999999999998,0
2024-05-16 08:00:00,29.5,35.1,26.8,4.8,91.0,74.0,16.8,39.27,Extreme Caution,16,5,2024,137,20,Dry,El Nino,1,9.770000000000003,0
2024-05-17 08:00:00,29.3,34.8,25.9,12.3,93.0,76.0,15.2,39.17,Extreme Caution,17,5,2024,138,20,Dry,El Nino,1,9.870000000000001,0
2024-05-18 08:00:00,30.3,34.5,27.2,1.1,85.0,70.0,10.5,40.18,Extreme Caution,18,5,2024,139,20,Dry,El Nino,1,9.879999999999999,0
2024-05-19 08:00:00,29.1,33.4,26.8,10.6,95.0,78.0,14.8,39.04,Extreme Caution,19,5,2024,140,20,Dry,El Nino,1,9.939999999999998,0
2024-05-20 08:00:00,29.9,34.3,27.0,2.9,88.0,71.0,18.4,39.75,Extreme Caution,20,5,2024,141,21,Dry,El Nino,1,9.850000000000001,0
2024-05-21 08:00:00,30.7,35.7,27.4,1.4,89.0,70.0,14.6,43.08,Danger,21,5,2024,142,21,Dry,El Nino,1,12.379999999999999,1
2024-05-22 08:00:00,30.9,34.8,27.8,1.4,79.0,65.0,12.9,40.2,Extreme Caution,22,5,2024,143,21,Dry,El Nino,1,9.300000000000004,0
2024-05-23 08:00:00,31.5,35.7,28.0,0.4,82.0,63.0,17.7,43.38,Danger,23,5,2024,144,21,Dry,El Nino,1,11.880000000000003,1
2024-05-24 08:00:00,30.8,35.5,28.0,1.7,88.0,70.0,14.8,43.09,Danger,24,5,2024,145,21,Dry,El Nino,1,12.290000000000003,1
2024-05-25 08:00:00,28.4,33.5,25.5,54.2,94.0,81.0,27.7,36.27,Extreme Caution,25,5,2024,146,21,Dry,El Nino,1,7.8700000000000045,0
2024-05-26 08:00:00,26.6,27.8,25.7,62.6,95.0,92.0,29.8,30.02,Caution,26,5,2024,147,21,Dry,El Nino,1,3.419999999999998,0
2024-05-27 08:00:00,28.3,29.5,27.5,8.9,89.0,84.0,26.4,34.7,Extreme Caution,27,5,2024,148,22,Dry,El Nino,1,6.400000000000002,0
2024-05-28 08:00:00,28.3,30.3,27.0,6.0,89.0,84.0,28.6,34.7,Extreme Caution,28,5,2024,149,22,Dry,El Nino,1,6.400000000000002,0
2024-05-29 08:00:00,28.0,31.2,26.0,11.1,95.0,86.0,20.6,35.16,Extreme Caution,29,5,2024,150,22,Dry,El Nino,1,7.159999999999997,0
2024-05-30 08:00:00,30.0,33.2,27.5,0.2,90.0,76.0,11.4,40.77,Extreme Caution,30,5,2024,151,22,Dry,El Nino,1,10.770000000000003,0
2024-05-31 08:00:00,30.4,34.1,27.2,0.2,94.0,76.0,15.5,43.76,Danger,31,5,2024,152,22,Dry,El Nino,1,13.36,1
2024-06-01 08:00:00,30.3,34.3,26.9,0.9,94.0,76.0,14.6,43.36,Danger,1,6,2024,153,22,Wet,El Nino,1,13.059999999999999,1
2024-06-02 08:00:00,29.3,33.9,27.0,3.4,91.0,79.0,14.9,38.56,Extreme Caution,2,6,2024,154,22,Wet,El Nino,1,9.260000000000002,0
2024-06-03 08:00:00,29.3,32.2,27.2,6.2,87.0,81.0,16.6,37.39,Extreme Caution,3,6,2024,155,23,Wet,El Nino,1,8.09,0
2024-06-04 08:00:00,29.3,32.7,26.9,0.9,92.0,79.0,13.8,38.86,Extreme Caution,4,6,2024,156,23,Wet,El Nino,1,9.559999999999999,0
2024-06-05 08:00:00,27.7,31.5,25.5,10.9,95.0,86.0,10.8,34.18,Extreme Caution,5,6,2024,157,23,Wet,El Nino,1,6.48,0
2024-06-06 08:00:00,27.5,31.5,25.0,3.6,97.0,85.0,11.8,33.95,Extreme Caution,6,6,2024,158,23,Wet,El Nino,1,6.450000000000003,0
2024-06-07 08:00:00,27.4,30.8,25.1,21.6,96.0,86.0,11.0,33.42,Extreme Caution,7,6,2024,159,23,Wet,El Nino,1,6.020000000000003,0
2024-06-08 08:00:00,28.2,30.5,26.8,10.2,90.0,84.0,12.2,34.62,Extreme Caution,8,6,2024,160,23,Wet,El Nino,1,6.419999999999998,0
2024-06-09 08:00:00,28.2,32.3,26.200000000000003,5.5,92.0,82.0,14.0,35.1,Extreme Caution,9,6,2024,161,23,Wet,El Nino,1,6.900000000000002,0
2024-06-10 08:00:00,28.5,32.7,25.6,0.6,96.0,82.0,13.3,37.15,Extreme Caution,10,6,2024,162,24,Wet,El Nino,1,8.649999999999999,0
2024-06-11 08:00:00,29.5,32.2,27.3,0.2,92.0,80.0,9.4,39.59,Extreme Caution,11,6,2024,163,24,Wet,El Nino,1,10.090000000000003,0
2024-06-12 08:00:00,29.1,32.2,26.5,1.8,93.0,82.0,11.1,38.44,Extreme Caution,12,6,2024,164,24,Wet,El Nino,1,9.339999999999996,0
2024-06-13 08:00:00,29.4,32.4,27.6,2.9,92.0,81.0,12.2,39.22,Extreme Caution,13,6,2024,165,24,Wet,El Nino,1,9.82,0
2024-06-14 08:00:00,28.3,32.8,24.9,19.4,94.0,82.0,11.4,35.93,Extreme Caution,14,6,2024,166,24,Wet,El Nino,1,7.629999999999999,0
2024-06-15 08:00:00,28.1,32.0,25.3,10.1,94.0,83.0,11.4,35.26,Extreme Caution,15,6,2024,167,24,Wet,El Nino,1,7.159999999999997,0
2024-06-16 08:00:00,27.9,32.0,25.1,14.9,96.0,83.0,12.1,35.06,Extreme Caution,16,6,2024,168,24,Wet,El Nino,1,7.160000000000004,0
2024-06-17 08:00:00,27.7,30.9,25.5,5.7,93.0,86.0,11.3,33.74,Extreme Caution,17,6,2024,169,25,Wet,El Nino,1,6.040000000000003,0
2024-06-18 08:00:00,27.9,31.0,26.2,9.2,94.0,86.0,11.0,34.6,Extreme Caution,18,6,2024,170,25,Wet,El Nino,1,6.700000000000003,0
2024-06-19 08:00:00,27.7,32.0,24.6,17.4,96.0,84.0,11.1,34.4,Extreme Caution,19,6,2024,171,25,Wet,El Nino,1,6.699999999999999,0
2024-06-20 08:00:00,28.0,31.3,25.2,15.6,95.0,84.0,16.3,35.16,Extreme Caution,20,6,2024,172,25,Wet,El Nino,1,7.159999999999997,0
2024-06-21 08:00:00,27.5,31.5,25.3,9.0,96.0,86.0,18.1,33.74,Extreme Caution,21,6,2024,173,25,Wet,El Nino,1,6.240000000000002,0
2024-06-22 08:00:00,28.0,32.2,25.6,4.2,96.0,84.0,13.5,35.4,Extreme Caution,22,6,2024,174,25,Wet,El Nino,1,7.399999999999999,0
2024-06-23 08:00:00,26.9,30.4,24.8,17.4,95.0,86.0,13.9,31.69,Caution,23,6,2024,175,25,Wet,El Nino,1,4.790000000000003,0
2024-06-24 08:00:00,27.8,31.2,25.1,10.5,98.0,85.0,14.0,35.19,Extreme Caution,24,6,2024,176,26,Wet,El Nino,1,7.389999999999997,0
2024-06-25 08:00:00,28.5,31.5,26.0,0.4,91.0,79.0,22.6,35.83,Extreme Caution,25,6,2024,177,26,Wet,El Nino,1,7.329999999999998,0
2024-06-26 08:00:00,28.3,31.8,26.0,4.8,95.0,82.0,15.9,36.18,Extreme Caution,26,6,2024,178,26,Wet,El Nino,1,7.879999999999999,0
2024-06-27 08:00:00,28.2,31.0,26.5,1.6,89.0,81.0,23.5,34.39,Extreme Caution,27,6,2024,179,26,Wet,El Nino,1,6.190000000000001,0
2024-06-28 08:00:00,28.8,31.8,25.9,0.7,95.0,81.0,14.3,37.95,Extreme Caution,28,6,2024,180,26,Wet,El Nino,1,9.150000000000002,0
2024-06-29 08:00:00,28.7,32.8,25.6,14.3,93.0,79.0,11.7,37.03,Extreme Caution,29,6,2024,181,26,Wet,El Nino,1,8.330000000000002,0
2024-06-30 08:00:00,27.6,31.9,25.3,12.6,96.0,86.0,13.7,34.07,Extreme Caution,30,6,2024,182,26,Wet,El Nino,1,6.469999999999999,0
2024-07-01 08:00:00,27.9,30.9,25.6,5.6,95.0,86.0,11.6,34.83,Extreme Caution,1,7,2024,183,27,Wet,El Nino,1,6.93,0
2024-07-02 08:00:00,27.7,31.3,25.8,10.0,95.0,85.0,17.5,34.18,Extreme Caution,2,7,2024,184,27,Wet,El Nino,1,6.48,0
2024-07-03 08:00:00,28.7,33.1,25.9,3.5,95.0,80.0,18.7,37.59,Extreme Caution,3,7,2024,185,27,Wet,El Nino,1,8.890000000000004,0
2024-07-04 08:00:00,27.4,30.8,24.4,16.8,95.0,85.0,11.2,33.22,Extreme Caution,4,7,2024,186,27,Wet,El Nino,1,5.82,0
2024-07-05 08:00:00,26.8,29.1,24.5,14.6,96.0,88.0,8.2,31.56,Caution,5,7,2024,187,27,Wet,El Nino,1,4.759999999999998,0
2024-07-06 08:00:00,28.1,32.2,25.8,9.4,93.0,80.0,18.2,35.02,Extreme Caution,6,7,2024,188,27,Wet,El Nino,1,6.920000000000002,0
2024-07-07 08:00:00,27.7,32.1,25.2,11.0,95.0,83.0,15.9,34.18,Extreme Caution,7,7,2024,189,27,Wet,El Nino,1,6.48,0
2024-07-08 08:00:00,27.2,30.7,25.0,11.9,96.0,86.0,8.4,32.79,Caution,8,7,2024,190,28,Wet,El Nino,1,5.59,0
2024-07-09 08:00:00,27.3,31.2,25.0,16.2,96.0,86.0,12.5,33.1,Extreme Caution,9,7,2024,191,28,Wet,El Nino,1,5.800000000000001,0
2024-07-10 08:00:00,27.7,30.4,24.9,4.6,94.0,83.0,8.2,33.96,Extreme Caution,10,7,2024,192,28,Wet,El Nino,1,6.260000000000002,0
2024-07-11 08:00:00,26.8,31.2,24.5,35.0,94.0,86.0,10.8,31.22,Caution,11,7,2024,193,28,Wet,El Nino,1,4.419999999999998,0
2024-07-12 08:00:00,27.4,31.8,24.7,10.9,97.0,85.0,13.0,33.63,Extreme Caution,12,7,2024,194,28,Wet,El Nino,1,6.230000000000004,0
2024-07-13 08:00:00,27.8,30.6,24.9,8.2,94.0,82.0,18.7,34.28,Extreme Caution,13,7,2024,195,28,Wet,El Nino,1,6.48,0
2024-07-14 08:00:00,27.8,31.2,25.0,6.3,95.0,82.0,19.3,34.5,Extreme Caution,14,7,2024,196,28,Wet,El Nino,1,6.699999999999999,0
2024-07-15 08:00:00,27.0,30.5,25.1,8.0,96.0,86.0,15.5,32.17,Caution,15,7,2024,197,29,Wet,El Nino,1,5.170000000000002,0
2024-07-16 08:00:00,28.2,31.4,25.7,0.3,88.0,79.0,22.4,34.15,Extreme Caution,16,7,2024,198,29,Wet,El Nino,1,5.949999999999999,0
2024-07-17 08:00:00,27.2,30.5,25.8,12.2,97.0,88.0,7.7,32.98,Caution,17,7,2024,199,29,Wet,El Nino,1,5.779999999999998,0
2024-07-18 08:00:00,27.0,30.9,25.0,9.8,96.0,88.0,12.6,32.17,Caution,18,7,2024,200,29,Wet,El Nino,1,5.170000000000002,0
2024-07-19 08:00:00,27.2,30.6,25.2,17.1,97.0,86.0,19.7,32.98,Caution,19,7,2024,201,29,Wet,El Nino,1,5.779999999999998,0
2024-07-20 08:00:00,28.6,30.5,26.5,0.9,90.0,80.0,16.4,35.9,Extreme Caution,20,7,2024,202,29,Wet,El Nino,1,7.299999999999997,0
2024-07-21 08:00:00,27.3,29.8,26.0,30.8,92.0,86.0,25.1,32.32,Caution,21,7,2024,203,29,Wet,El Nino,1,5.02,0
2024-07-22 08:00:00,26.6,27.5,26.1,73.7,92.0,90.0,34.3,29.78,Caution,22,7,2024,204,30,Wet,El Nino,1,3.1799999999999997,0
2024-07-23 08:00:00,26.1,26.5,25.4,69.5,93.0,90.0,36.3,28.43,Caution,23,7,2024,205,30,Wet,El Nino,1,2.3299999999999983,0
2024-07-24 08:00:00,26.3,27.5,25.2,53.5,92.0,89.0,36.8,28.93,Caution,24,7,2024,206,30,Wet,El Nino,1,2.629999999999999,0
2024-07-25 08:00:00,27.1,28.2,25.9,8.8,90.0,85.0,35.9,31.37,Caution,25,7,2024,207,30,Wet,El Nino,1,4.27,0
2024-07-26 08:00:00,28.1,30.9,25.5,5.0,94.0,81.0,24.6,35.26,Extreme Caution,26,7,2024,208,30,Wet,El Nino,1,7.159999999999997,0
2024-07-27 08:00:00,28.0,31.1,25.1,1.2,97.0,82.0,13.7,35.64,Extreme Caution,27,7,2024,209,30,Wet,El Nino,1,7.640000000000001,0
2024-07-28 08:00:00,26.3,28.2,24.6,10.7,96.0,89.0,15.3,29.16,Caution,28,7,2024,210,30,Wet,El Nino,1,2.8599999999999994,0
2024-07-29 08:00:00,27.3,29.1,25.3,1.6,93.0,84.0,16.1,32.51,Caution,29,7,2024,211,31,Wet,El Nino,1,5.209999999999997,0
2024-07-30 08:00:00,27.7,30.6,25.1,0.9,95.0,84.0,14.2,34.18,Extreme Caution,30,7,2024,212,31,Wet,El Nino,1,6.48,0
2024-07-31 08:00:00,27.8,30.6,25.1,4.7,95.0,85.0,11.6,34.5,Extreme Caution,31,7,2024,213,31,Wet,El Nino,1,6.699999999999999,0
2024-08-01 08:00:00,26.6,30.1,24.1,9.0,98.0,88.0,9.0,30.26,Caution,1,8,2024,214,31,Wet,El Nino,1,3.66,0
2024-08-02 08:00:00,26.6,30.2,24.0,13.1,95.0,86.0,10.5,30.02,Caution,2,8,2024,215,31,Wet,El Nino,1,3.419999999999998,0
2024-08-03 08:00:00,26.9,30.2,24.6,2.9,94.0,85.0,10.1,31.51,Caution,3,8,2024,216,31,Wet,El Nino,1,4.610000000000003,0
2024-08-04 08:00:00,27.4,30.0,25.8,8.6,94.0,85.0,15.1,33.01,Extreme Caution,4,8,2024,217,31,Wet,El Nino,1,5.609999999999999,0
2024-08-05 08:00:00,26.8,29.1,25.4,21.7,95.0,87.0,15.8,31.39,Caution,5,8,2024,218,32,Wet,El Nino,1,4.59,0
2024-08-06 08:00:00,27.5,29.2,26.5,5.6,90.0,83.0,20.4,32.51,Caution,6,8,2024,219,32,Wet,El Nino,1,5.009999999999998,0
2024-08-07 08:00:00,28.3,30.3,26.7,3.3,89.0,82.0,23.2,34.7,Extreme Caution,7,8,2024,220,32,Wet,El Nino,1,6.400000000000002,0
2024-08-08 08:00:00,27.7,29.9,26.2,14.2,91.0,84.0,23.2,33.31,Extreme Caution,8,8,2024,221,32,Wet,El Nino,1,5.610000000000003,0
2024-08-09 08:00:00,28.3,30.5,26.1,3.4,91.0,81.0,25.1,35.18,Extreme Caution,9,8,2024,222,32,Wet,El Nino,1,6.879999999999999,0
2024-08-10 08:00:00,26.8,28.6,25.0,6.6,96.0,88.0,20.6,31.56,Caution,10,8,2024,223,32,Wet,El Nino,1,4.759999999999998,0
2024-08-11 08:00:00,28.0,30.2,25.4,0.7,95.0,84.0,22.7,35.16,Extreme Caution,11,8,2024,224,32,Wet,El Nino,1,7.159999999999997,0
2024-08-12 08:00:00,28.6,31.0,26.0,0.9,91.0,79.0,19.3,36.16,Extreme Caution,12,8,2024,225,33,Wet,El Nino,1,7.559999999999995,0
2024-08-13 08:00:00,29.1,31.4,26.6,1.1,91.0,79.0,14.6,37.86,Extreme Caution,13,8,2024,226,33,Wet,El Nino,1,8.759999999999998,0
2024-08-14 08:00:00,28.3,31.4,26.1,5.0,97.0,86.0,18.0,36.7,Extreme Caution,14,8,2024,227,33,Wet,El Nino,1,8.400000000000002,0
2024-08-15 08:00:00,28.3,31.2,25.9,3.2,96.0,85.0,16.6,36.44,Extreme Caution,15,8,2024,228,33,Wet,El Nino,1,8.139999999999997,0
2024-08-16 08:00:00,28.2,31.4,25.5,0.0,94.0,84.0,13.8,35.59,Extreme Caution,16,8,2024,229,33,Wet,El Nino,1,7.390000000000004,0
2024-08-17 08:00:00,28.7,32.7,25.7,0.1,95.0,79.0,12.6,37.59,Extreme Caution,17,8,2024,230,33,Wet,El Nino,1,8.890000000000004,0
2024-08-18 08:00:00,29.0,32.2,26.0,0.1,90.0,78.0,11.0,37.23,Extreme Caution,18,8,2024,231,33,Wet,El Nino,1,8.229999999999997,0
2024-08-19 08:00:00,28.5,32.7,26.4,0.7,93.0,81.0,10.1,36.35,Extreme Caution,19,8,2024,232,34,Wet,El Nino,1,7.850000000000001,0
2024-08-20 08:00:00,28.4,32.4,25.8,2.7,97.0,83.0,8.1,37.06,Extreme Caution,20,8,2024,233,34,Wet,El Nino,1,8.660000000000004,0
2024-08-21 08:00:00,27.7,32.3,24.6,8.1,96.0,86.0,8.6,34.4,Extreme Caution,21,8,2024,234,34,Wet,El Nino,1,6.699999999999999,0
2024-08-22 08:00:00,28.8,31.8,26.0,0.6,96.0,82.0,8.9,38.23,Extreme Caution,22,8,2024,235,34,Wet,El Nino,1,9.429999999999996,0
2024-08-23 08:00:00,27.1,31.1,24.7,18.3,97.0,88.0,5.7,32.66,Caution,23,8,2024,236,34,Wet,El Nino,1,5.559999999999995,0
2024-08-24 08:00:00,26.7,28.8,25.0,17.6,97.0,90.0,11.6,31.43,Caution,24,8,2024,237,34,Wet,El Nino,1,4.73,0
2024-08-25 08:00:00,27.4,30.5,25.5,12.1,95.0,86.0,11.3,33.22,Extreme Caution,25,8,2024,238,34,Wet,El Nino,1,5.82,0
2024-08-26 08:00:00,27.2,30.1,25.0,14.2,95.0,86.0,16.4,32.59,Caution,26,8,2024,239,35,Wet,El Nino,1,5.390000000000004,0
2024-08-27 08:00:00,27.0,29.7,25.1,40.2,95.0,86.0,21.1,31.99,Caution,27,8,2024,240,35,Wet,El Nino,1,4.989999999999998,0
2024-08-28 08:00:00,26.5,27.9,25.8,12.6,95.0,90.0,20.4,29.71,Caution,28,8,2024,241,35,Wet,El Nino,1,3.210000000000001,0
2024-08-29 08:00:00,27.5,30.0,26.4,16.6,95.0,87.0,15.4,33.53,Extreme Caution,29,8,2024,242,35,Wet,El Nino,1,6.030000000000001,0
2024-08-30 08:00:00,27.4,31.0,25.4,12.3,94.0,86.0,12.6,33.01,Extreme Caution,30,8,2024,243,35,Wet,El Nino,1,5.609999999999999,0
2024-08-31 08:00:00,28.3,31.5,25.6,2.6,95.0,84.0,8.6,36.18,Extreme Caution,31,8,2024,244,35,Wet,El Nino,1,7.879999999999999,0
2024-09-01 08:00:00,26.5,30.5,24.1,72.2,96.0,88.0,13.2,29.78,Caution,1,9,2024,245,35,Wet,El Nino,1,3.280000000000001,0
2024-09-02 08:00:00,26.0,26.5,25.4,72.6,93.0,90.0,29.5,28.15,Caution,2,9,2024,246,36,Wet,El Nino,1,2.1499999999999986,0
2024-09-03 08:00:00,26.8,28.8,25.7,23.9,92.0,87.0,31.7,30.88,Caution,3,9,2024,247,36,Wet,El Nino,1,4.079999999999998,0
2024-09-04 08:00:00,26.3,27.0,25.8,30.9,91.0,89.0,32.3,28.87,Caution,4,9,2024,248,36,Wet,El Nino,1,2.5700000000000003,0
2024-09-05 08:00:00,26.8,28.0,25.4,17.5,96.0,89.0,25.2,31.56,Caution,5,9,2024,249,36,Wet,El Nino,1,4.759999999999998,0
2024-09-06 08:00:00,27.4,29.5,24.9,3.6,93.0,85.0,12.7,32.81,Caution,6,9,2024,250,36,Wet,El Nino,1,5.410000000000004,0
2024-09-07 08:00:00,28.6,31.8,25.4,0.0,95.0,79.0,10.0,37.23,Extreme Caution,7,9,2024,251,36,Wet,El Nino,1,8.629999999999995,0
2024-09-08 08:00:00,28.5,31.5,25.9,0.1,91.0,78.0,13.4,35.83,Extreme Caution,8,9,2024,252,36,Wet,El Nino,1,7.329999999999998,0
2024-09-09 08:00:00,27.3,29.2,25.5,2.2,95.0,87.0,12.2,32.9,Caution,9,9,2024,253,37,Wet,El Nino,1,5.599999999999998,0
2024-09-10 08:00:00,27.6,30.0,25.0,15.1,96.0,84.0,22.3,34.07,Extreme Caution,10,9,2024,254,37,Wet,El Nino,1,6.469999999999999,0
2024-09-11 08:00:00,27.1,30.1,25.2,22.2,95.0,87.0,12.6,32.29,Caution,11,9,2024,255,37,Wet,El Nino,1,5.189999999999998,0
2024-09-12 08:00:00,27.0,30.0,24.9,19.4,97.0,88.0,22.1,32.35,Caution,12,9,2024,256,37,Wet,El Nino,1,5.350000000000001,0
2024-09-13 08:00:00,26.6,28.9,25.3,15.9,96.0,90.0,20.1,30.1,Caution,13,9,2024,257,37,Wet,El Nino,1,3.5,0
2024-09-14 08:00:00,26.9,29.6,25.0,21.6,97.0,89.0,14.8,32.04,Caution,14,9,2024,258,37,Wet,El Nino,1,5.140000000000001,0
2024-09-15 08:00:00,26.8,29.1,24.5,13.8,96.0,88.0,22.1,31.56,Caution,15,9,2024,259,37,Wet,El Nino,1,4.759999999999998,0
2024-09-16 08:00:00,27.5,29.5,25.8,10.3,93.0,85.0,19.4,33.12,Extreme Caution,16,9,2024,260,38,Wet,El Nino,1,5.619999999999997,0
2024-09-17 08:00:00,26.8,29.0,25.0,9.2,96.0,87.0,21.5,31.56,Caution,17,9,2024,261,38,Wet,El Nino,1,4.759999999999998,0
2024-09-18 08:00:00,26.7,29.2,25.0,20.7,96.0,89.0,23.7,31.26,Caution,18,9,2024,262,38,Wet,El Nino,1,4.560000000000002,0
2024-09-19 08:00:00,27.5,30.5,25.8,8.6,92.0,84.0,22.2,32.91,Caution,19,9,2024,263,38,Wet,El Nino,1,5.409999999999997,0
2024-09-20 08:00:00,27.1,29.4,24.8,6.1,95.0,84.0,20.0,32.29,Caution,20,9,2024,264,38,Wet,El Nino,1,5.189999999999998,0
2024-09-21 08:00:00,26.3,29.2,25.3,10.3,97.0,89.0,11.1,29.22,Caution,21,9,2024,265,38,Wet,El Nino,1,2.919999999999998,0
2024-09-22 08:00:00,26.8,30.2,24.6,6.2,97.0,87.0,11.0,31.73,Caution,22,9,2024,266,38,Wet,El Nino,1,4.93,0
2024-09-23 08:00:00,28.1,32.5,24.5,2.3,98.0,84.0,17.8,36.24,Extreme Caution,23,9,2024,267,39,Wet,El Nino,1,8.14,0
2024-09-24 08:00:00,27.2,31.0,24.6,9.7,97.0,88.0,15.7,32.98,Caution,24,9,2024,268,39,Wet,El Nino,1,5.779999999999998,0
2024-09-25 08:00:00,28.5,31.5,25.9,1.4,93.0,84.0,16.6,36.35,Extreme Caution,25,9,2024,269,39,Wet,El Nino,1,7.850000000000001,0
2024-09-26 08:00:00,28.4,31.5,26.1,3.7,93.0,82.0,15.8,36.01,Extreme Caution,26,9,2024,270,39,Wet,El Nino,1,7.609999999999999,0
2024-09-27 08:00:00,28.1,30.5,25.2,0.2,96.0,85.0,12.0,35.74,Extreme Caution,27,9,2024,271,39,Wet,El Nino,1,7.640000000000001,0
2024-09-28 08:00:00,29.2,31.5,27.5,0.3,85.0,76.0,22.1,36.5,Extreme Caution,28,9,2024,272,39,Wet,El Nino,1,7.300000000000001,0
2024-09-29 08:00:00,27.6,29.2,26.5,8.7,86.0,83.0,26.0,31.99,Caution,29,9,2024,273,39,Wet,El Nino,1,4.389999999999997,0
2024-09-30 08:00:00,27.3,29.1,26.2,6.4,91.0,84.0,30.4,32.12,Caution,30,9,2024,274,40,Wet,El Nino,1,4.819999999999997,0
2024-10-01 08:00:00,27.8,30.1,25.1,0.3,94.0,83.0,23.1,34.28,Extreme Caution,1,10,2024,275,40,Wet,El Nino,1,6.48,0
2024-10-02 08:00:00,28.3,30.6,25.5,0.1,94.0,80.0,15.4,35.93,Extreme Caution,2,10,2024,276,40,Wet,El Nino,1,7.629999999999999,0
2024-10-03 08:00:00,28.4,31.5,25.8,2.2,93.0,81.0,8.6,36.01,Extreme Caution,3,10,2024,277,40,Wet,El Nino,1,7.609999999999999,0
2024-10-04 08:00:00,27.2,30.5,24.5,2.6,97.0,87.0,11.7,32.98,Caution,4,10,2024,278,40,Wet,El Nino,1,5.779999999999998,0
2024-10-05 08:00:00,26.7,29.8,24.4,7.5,98.0,89.0,10.1,31.6,Caution,5,10,2024,279,40,Wet,El Nino,1,4.900000000000002,0
2024-10-06 08:00:00,26.0,28.5,24.4,16.9,96.0,90.0,6.8,28.26,Caution,6,10,2024,280,40,Wet,El Nino,1,2.2600000000000016,0
2024-10-07 08:00:00,26.5,28.2,25.1,7.0,93.0,89.0,5.3,29.56,Caution,7,10,2024,281,41,Wet,El Nino,1,3.0599999999999987,0
2024-10-08 08:00:00,27.2,30.0,24.6,1.6,95.0,86.0,6.8,32.59,Caution,8,10,2024,282,41,Wet,El Nino,1,5.390000000000004,0
2024-10-09 08:00:00,27.1,30.6,24.9,4.8,97.0,88.0,11.9,32.66,Caution,9,10,2024,283,41,Wet,El Nino,1,5.559999999999995,0
2024-10-10 08:00:00,26.5,30.6,24.2,18.4,97.0,89.0,12.0,29.86,Caution,10,10,2024,284,41,Wet,El Nino,1,3.3599999999999994,0
2024-10-11 08:00:00,26.9,30.9,24.4,3.5,97.0,88.0,8.8,32.04,Caution,11,10,2024,285,41,Wet,El Nino,1,5.140000000000001,0
2024-10-12 08:00:00,27.0,30.4,25.1,6.4,97.0,88.0,12.8,32.35,Caution,12,10,2024,286,41,Wet,El Nino,1,5.350000000000001,0
2024-10-13 08:00:00,27.5,29.7,25.1,5.7,95.0,86.0,11.6,33.53,Extreme Caution,13,10,2024,287,41,Wet,El Nino,1,6.030000000000001,0
2024-10-14 08:00:00,27.6,30.0,25.4,2.8,95.0,86.0,8.0,33.85,Extreme Caution,14,10,2024,288,42,Wet,El Nino,1,6.25,0
2024-10-15 08:00:00,26.7,29.9,24.0,3.0,98.0,89.0,8.6,31.6,Caution,15,10,2024,289,42,Wet,El Nino,1,4.900000000000002,0
2024-10-16 08:00:00,27.7,30.7,24.7,1.2,95.0,83.0,9.9,34.18,Extreme Caution,16,10,2024,290,42,Wet,El Nino,1,6.48,0
2024-10-17 08:00:00,27.9,30.6,24.9,1.3,94.0,81.0,7.7,34.6,Extreme Caution,17,10,2024,291,42,Wet,El Nino,1,6.700000000000003,0
2024-10-18 08:00:00,27.5,30.4,25.4,2.6,98.0,86.0,7.3,34.17,Extreme Caution,18,10,2024,292,42,Wet,El Nino,1,6.670000000000002,0
2024-10-19 08:00:00,28.0,30.0,25.0,1.7,94.0,84.0,7.8,34.93,Extreme Caution,19,10,2024,293,42,Wet,El Nino,1,6.93,0
2024-10-20 08:00:00,27.4,32.2,24.7,17.7,96.0,83.0,14.7,33.42,Extreme Caution,20,10,2024,294,42,Wet,El Nino,1,6.020000000000003,0
2024-10-21 08:00:00,28.1,31.6,26.2,1.2,91.0,82.0,9.8,34.54,Extreme Caution,21,10,2024,295,43,Wet,El Nino,1,6.439999999999998,0
2024-10-22 08:00:00,27.4,29.6,24.4,59.5,95.0,83.0,23.7,33.22,Extreme Caution,22,10,2024,296,43,Wet,El Nino,1,5.82,0
2024-10-23 08:00:00,26.7,27.9,24.6,30.4,95.0,90.0,29.7,31.1,Caution,23,10,2024,297,43,Wet,El Nino,1,4.400000000000002,0
2024-10-24 08:00:00,27.1,28.8,25.5,62.8,91.0,86.0,45.1,31.55,Caution,24,10,2024,298,43,Wet,El Nino,1,4.449999999999999,0
2024-10-25 08:00:00,27.3,30.5,24.5,5.7,92.0,79.0,31.1,32.32,Caution,25,10,2024,299,43,Wet,El Nino,1,5.02,0
2024-10-26 08:00:00,27.2,29.8,25.3,4.4,94.0,84.0,15.5,32.4,Caution,26,10,2024,300,43,Wet,El Nino,1,5.199999999999999,0
2024-10-27 08:00:00,26.4,29.0,24.5,1.4,95.0,87.0,20.6,29.41,Caution,27,10,2024,301,43,Wet,El Nino,1,3.0100000000000016,0
2024-10-28 08:00:00,27.8,29.7,25.8,0.0,88.0,80.0,20.0,32.97,Caution,28,10,2024,302,44,Wet,El Nino,1,5.169999999999998,0
2024-10-29 08:00:00,28.2,30.0,26.8,0.0,84.0,78.0,23.9,33.29,Extreme Caution,29,10,2024,303,44,Wet,El Nino,1,5.09,0
2024-10-30 08:00:00,27.1,29.0,26.0,3.5,89.0,83.0,28.3,31.19,Caution,30,10,2024,304,44,Wet,El Nino,1,4.09,0
2024-10-31 08:00:00,26.6,28.3,25.0,22.4,94.0,88.0,28.4,29.93,Caution,31,10,2024,305,44,Wet,El Nino,1,3.3299999999999983,0
2024-11-01 08:00:00,26.8,30.9,23.5,4.1,98.0,87.0,11.1,31.91,Caution,1,11,2024,306,44,Wet,El Nino,1,5.109999999999999,0
2024-11-02 08:00:00,27.4,30.6,24.1,1.7,97.0,87.0,6.4,33.63,Extreme Caution,2,11,2024,307,44,Wet,El Nino,1,6.230000000000004,0
2024-11-03 08:00:00,27.4,31.6,24.1,2.2,94.0,81.0,11.4,33.01,Extreme Caution,3,11,2024,308,44,Wet,El Nino,1,5.609999999999999,0
2024-11-04 08:00:00,27.5,31.9,24.6,1.6,93.0,80.0,11.0,33.12,Extreme Caution,4,11,2024,309,45,Wet,El Nino,1,5.619999999999997,0
2024-11-05 08:00:00,26.8,31.5,24.0,10.8,96.0,83.0,11.5,31.56,Caution,5,11,2024,310,45,Wet,El Nino,1,4.759999999999998,0
2024-11-06 08:00:00,27.0,29.6,24.8,1.0,94.0,85.0,9.4,31.8,Caution,6,11,2024,311,45,Wet,El Nino,1,4.800000000000001,0
2024-11-07 08:00:00,26.8,29.9,23.8,2.0,94.0,87.0,15.3,31.22,Caution,7,11,2024,312,45,Wet,El Nino,1,4.419999999999998,0
2024-11-08 08:00:00,26.8,30.1,23.8,8.9,98.0,88.0,11.9,31.91,Caution,8,11,2024,313,45,Wet,El Nino,1,5.109999999999999,0
2024-11-09 08:00:00,26.9,30.0,24.6,1.7,99.0,88.0,7.1,32.4,Caution,9,11,2024,314,45,Wet,El Nino,1,5.5,0
2024-11-10 08:00:00,27.7,30.4,25.5,1.2,94.0,84.0,11.6,33.96,Extreme Caution,10,11,2024,315,45,Wet,El Nino,1,6.260000000000002,0
2024-11-11 08:00:00,27.5,29.4,25.4,0.6,96.0,84.0,30.6,33.74,Extreme Caution,11,11,2024,316,46,Wet,El Nino,1,6.240000000000002,0
2024-11-12 08:00:00,28.3,31.0,25.9,1.1,90.0,79.0,13.7,34.94,Extreme Caution,12,11,2024,317,46,Wet,El Nino,1,6.639999999999997,0
2024-11-13 08:00:00,28.3,31.0,26.2,0.7,88.0,78.0,10.4,34.46,Extreme Caution,13,11,2024,318,46,Wet,El Nino,1,6.16,0
2024-11-14 08:00:00,28.8,31.2,26.0,1.4,90.0,76.0,16.8,36.56,Extreme Caution,14,11,2024,319,46,Wet,El Nino,1,7.760000000000002,0
2024-11-15 08:00:00,29.7,33.2,26.0,0.0,85.0,67.0,9.4,38.13,Extreme Caution,15,11,2024,320,46,Wet,El Nino,1,8.430000000000003,0
2024-11-16 08:00:00,29.7,33.3,25.9,3.3,89.0,66.0,12.2,39.36,Extreme Caution,16,11,2024,321,46,Wet,El Nino,1,9.66,0
2024-11-17 08:00:00,27.6,29.7,25.8,7.9,91.0,84.0,31.6,33.01,Extreme Caution,17,11,2024,322,46,Wet,El Nino,1,5.409999999999997,0
2024-11-18 08:00:00,27.9,31.7,24.8,0.0,94.0,80.0,14.6,34.6,Extreme Caution,18,11,2024,323,47,Wet,El Nino,1,6.700000000000003,0
2024-11-19 08:00:00,28.0,32.3,24.5,0.2,96.0,77.0,11.3,35.4,Extreme Caution,19,11,2024,324,47,Wet,El Nino,1,7.399999999999999,0
2024-11-20 08:00:00,28.8,33.2,25.5,0.0,86.0,69.0,10.6,35.51,Extreme Caution,20,11,2024,325,47,Wet,El Nino,1,6.709999999999997,0
2024-11-21 08:00:00,28.9,33.5,25.5,0.0,85.0,65.0,12.6,35.56,Extreme Caution,21,11,2024,326,47,Wet,El Nino,1,6.660000000000004,0
2024-11-22 08:00:00,29.6,34.2,25.5,0.0,82.0,61.0,12.5,36.98,Extreme Caution,22,11,2024,327,47,Wet,El Nino,1,7.3799999999999955,0
2024-11-23 08:00:00,29.3,33.7,26.0,0.0,80.0,64.0,13.9,35.59,Extreme Caution,23,11,2024,328,47,Wet,El Nino,1,6.290000000000003,0
2024-11-24 08:00:00,29.3,33.5,26.5,0.2,76.0,64.0,17.4,34.67,Extreme Caution,24,11,2024,329,47,Wet,El Nino,1,5.370000000000001,0
2024-11-25 08:00:00,29.2,32.7,26.5,0.4,78.0,65.0,13.7,34.85,Extreme Caution,25,11,2024,330,48,Wet,El Nino,1,5.650000000000002,0
2024-11-26 08:00:00,29.7,34.2,26.0,0.0,79.0,61.0,11.5,36.5,Extreme Caution,26,11,2024,331,48,Wet,El Nino,1,6.800000000000001,0
2024-11-27 08:00:00,29.7,34.5,26.5,0.0,78.0,59.0,12.7,36.24,Extreme Caution,27,11,2024,332,48,Wet,El Nino,1,6.540000000000003,0
2024-11-28 08:00:00,29.6,33.5,26.9,1.2,73.0,62.0,14.5,34.76,Extreme Caution,28,11,2024,333,48,Wet,El Nino,1,5.159999999999997,0
2024-11-29 08:00:00,28.1,30.9,25.0,7.0,87.0,68.0,17.6,33.63,Extreme Caution,29,11,2024,334,48,Wet,El Nino,1,5.530000000000001,0
2024-11-30 08:00:00,27.3,30.9,23.8,27.7,92.0,73.0,17.2,32.32,Caution,30,11,2024,335,48,Wet,El Nino,1,5.02,0
2024-12-01 08:00:00,24.7,25.5,24.1,36.9,95.0,93.0,12.9,25.71,Normal,1,12,2024,336,48,Cool Dry,El Nino,1,1.0100000000000016,0
2024-12-02 08:00:00,25.8,26.9,24.0,19.9,96.0,90.0,15.6,27.68,Caution,2,12,2024,337,49,Cool Dry,El Nino,1,1.879999999999999,0
2024-12-03 08:00:00,26.7,29.0,25.7,19.1,93.0,89.0,6.3,30.77,Caution,3,12,2024,338,49,Cool Dry,El Nino,1,4.07,0
2024-12-04 08:00:00,26.7,29.8,25.0,6.1,92.0,88.0,9.4,30.6,Caution,4,12,2024,339,49,Cool Dry,El Nino,1,3.900000000000002,0
2024-12-05 08:00:00,27.4,29.8,25.2,0.1,94.0,85.0,5.6,33.01,Extreme Caution,5,12,2024,340,49,Cool Dry,El Nino,1,5.609999999999999,0
2024-12-06 08:00:00,28.0,31.5,25.9,0.5,91.0,78.0,8.3,34.23,Extreme Caution,6,12,2024,341,49,Cool Dry,El Nino,1,6.229999999999997,0
2024-12-07 08:00:00,28.1,31.0,26.2,2.3,87.0,80.0,8.6,33.63,Extreme Caution,7,12,2024,342,49,Cool Dry,El Nino,1,5.530000000000001,0
2024-12-08 08:00:00,28.6,31.9,26.1,0.3,79.0,70.0,12.4,33.46,Extreme Caution,8,12,2024,343,49,Cool Dry,El Nino,1,4.859999999999999,0
2024-12-09 08:00:00,27.5,30.5,25.3,1.8,86.0,76.0,14.2,31.72,Caution,9,12,2024,344,50,Cool Dry,El Nino,1,4.219999999999999,0
2024-12-10 08:00:00,26.5,29.1,23.6,19.1,96.0,81.0,10.1,29.78,Caution,10,12,2024,345,50,Cool Dry,El Nino,1,3.280000000000001,0
2024-12-11 08:00:00,27.1,30.2,25.0,1.6,95.0,82.0,10.4,32.29,Caution,11,12,2024,346,50,Cool Dry,El Nino,1,5.189999999999998,0
2024-12-12 08:00:00,27.6,30.7,25.1,0.3,90.0,76.0,13.5,32.8,Caution,12,12,2024,347,50,Cool Dry,El Nino,1,5.199999999999996,0
2024-12-13 08:00:00,28.2,32.1,25.0,1.4,89.0,72.0,10.8,34.39,Extreme Caution,13,12,2024,348,50,Cool Dry,El Nino,1,6.190000000000001,0
2024-12-14 08:00:00,28.8,33.0,25.9,0.0,82.0,65.0,11.0,34.61,Extreme Caution,14,12,2024,349,50,Cool Dry,El Nino,1,5.809999999999999,0
2024-12-15 08:00:00,28.1,31.1,25.5,0.1,76.0,66.0,18.3,31.73,Caution,15,12,2024,350,50,Cool Dry,El Nino,1,3.629999999999999,0
2024-12-16 08:00:00,27.4,30.0,25.4,0.0,81.0,69.0,15.9,30.77,Caution,16,12,2024,351,51,Cool Dry,El Nino,1,3.370000000000001,0
2024-12-17 08:00:00,26.5,29.5,24.4,3.6,92.0,77.0,18.4,29.49,Caution,17,12,2024,352,51,Cool Dry,El Nino,1,2.9899999999999984,0
2024-12-18 08:00:00,27.5,30.3,25.6,0.1,79.0,65.0,20.0,30.76,Caution,18,12,2024,353,51,Cool Dry,El Nino,1,3.2600000000000016,0
2024-12-19 08:00:00,27.9,31.2,25.2,0.0,73.0,61.0,17.8,30.87,Caution,19,12,2024,354,51,Cool Dry,El Nino,1,2.9700000000000024,0
2024-12-20 08:00:00,28.3,31.9,25.9,0.7,78.0,65.0,16.4,32.52,Caution,20,12,2024,355,51,Cool Dry,El Nino,1,4.220000000000002,0
2024-12-21 08:00:00,26.4,28.8,24.6,16.6,93.0,80.0,10.9,29.27,Caution,21,12,2024,356,51,Cool Dry,El Nino,1,2.870000000000001,0
2024-12-22 08:00:00,26.9,29.5,25.0,0.0,84.0,72.0,14.4,29.88,Caution,22,12,2024,357,51,Cool Dry,El Nino,1,2.9800000000000004,0
2024-12-23 08:00:00,26.9,29.5,24.9,0.5,88.0,76.0,15.0,30.48,Caution,23,12,2024,358,52,Cool Dry,El Nino,1,3.580000000000002,0
2024-12-24 08:00:00,25.6,29.9,23.8,37.4,97.0,88.0,8.8,27.12,Caution,24,12,2024,359,52,Cool Dry,El Nino,1,1.5199999999999996,0
2024-12-25 08:00:00,24.6,25.5,23.9,17.2,97.0,93.0,8.0,25.65,Normal,25,12,2024,360,52,Cool Dry,El Nino,1,1.0499999999999972,0
2024-12-26 08:00:00,26.9,30.0,24.6,1.7,96.0,85.0,5.3,31.86,Caution,26,12,2024,361,52,Cool Dry,El Nino,1,4.960000000000001,0
2024-12-27 08:00:00,27.0,30.6,25.1,1.9,92.0,81.0,10.2,31.45,Caution,27,12,2024,362,52,Cool Dry,El Nino,1,4.449999999999999,0
2024-12-28 08:00:00,25.7,28.9,24.1,9.0,94.0,83.0,10.6,27.36,Caution,28,12,2024,363,52,Cool Dry,El Nino,1,1.6600000000000001,0
2024-12-29 08:00:00,25.5,27.5,23.9,6.5,98.0,85.0,15.0,26.66,Normal,29,12,2024,364,52,Cool Dry,El Nino,1,1.1600000000000001,0
2024-12-30 08:00:00,26.1,29.1,24.5,4.6,97.0,89.0,8.5,28.61,Caution,30,12,2024,365,1,Cool Dry,El Nino,1,2.509999999999998,0
2024-12-31 08:00:00,27.2,30.1,24.9,0.7,94.0,82.0,10.2,32.4,Caution,31,12,2024,366,1,Cool Dry,El Nino,1,5.199999999999999,0
2025-01-01 08:00:00,26.7,29.1,25.0,3.6,92.0,85.0,6.9,30.6,Caution,1,1,2025,1,1,Cool Dry,Neutral,0,3.900000000000002,0
2025-01-02 08:00:00,26.8,30.0,24.9,1.5,94.0,84.0,14.9,31.22,Caution,2,1,2025,2,1,Cool Dry,Neutral,0,4.419999999999998,0
2025-01-03 08:00:00,25.8,29.0,23.6,6.8,98.0,88.0,9.9,27.73,Caution,3,1,2025,3,1,Cool Dry,Neutral,0,1.9299999999999997,0
2025-01-04 08:00:00,26.6,29.9,24.0,0.3,91.0,77.0,9.8,29.7,Caution,4,1,2025,4,1,Cool Dry,Neutral,0,3.099999999999998,0
2025-01-05 08:00:00,25.7,28.9,23.5,0.0,90.0,78.0,12.3,27.29,Caution,5,1,2025,5,1,Cool Dry,Neutral,0,1.5899999999999999,0
2025-01-06 08:00:00,26.0,29.6,24.1,2.5,92.0,82.0,7.8,28.11,Caution,6,1,2025,6,2,Cool Dry,Neutral,0,2.1099999999999994,0
2025-01-07 08:00:00,26.4,29.6,24.0,1.1,88.0,77.0,10.3,28.95,Caution,7,1,2025,7,2,Cool Dry,Neutral,0,2.5500000000000007,0
2025-01-08 08:00:00,26.4,29.4,24.3,0.0,87.0,75.0,11.1,28.89,Caution,8,1,2025,8,2,Cool Dry,Neutral,0,2.490000000000002,0
2025-01-09 08:00:00,26.9,30.4,24.4,0.0,80.0,67.0,13.7,29.52,Caution,9,1,2025,9,2,Cool Dry,Neutral,0,2.620000000000001,0
2025-01-10 08:00:00,27.0,30.5,24.6,0.5,77.0,66.0,9.4,29.46,Caution,10,1,2025,10,2,Cool Dry,Neutral,0,2.460000000000001,0
2025-01-11 08:00:00,26.3,29.5,23.6,1.2,80.0,69.0,14.4,28.26,Caution,11,1,2025,11,2,Cool Dry,Neutral,0,1.9600000000000009,0
2025-01-12 08:00:00,24.8,28.45,22.9,4.2,94.0,80.0,16.0,25.79,Normal,12,1,2025,12,2,Cool Dry,Neutral,0,0.9899999999999984,0
2025-01-13 08:00:00,25.1,27.4,23.4,0.2,90.0,82.0,11.1,26.02,Normal,13,1,2025,13,3,Cool Dry,Neutral,0,0.9199999999999982,0
2025-01-14 08:00:00,25.9,28.3,23.8,0.1,99.0,86.0,9.6,28.06,Caution,14,1,2025,14,3,Cool Dry,Neutral,0,2.16,0
2025-01-15 08:00:00,26.8,30.5,24.2,1.1,91.0,80.0,9.1,30.71,Caution,15,1,2025,15,3,Cool Dry,Neutral,0,3.91,0
2025-01-16 08:00:00,26.6,30.0,24.1,0.0,81.0,72.0,11.9,28.95,Caution,16,1,2025,16,3,Cool Dry,Neutral,0,2.349999999999998,0
2025-01-17 08:00:00,27.0,30.3,24.5,0.3,82.0,69.0,14.9,29.93,Caution,17,1,2025,17,3,Cool Dry,Neutral,0,2.9299999999999997,0
2025-01-18 08:00:00,27.1,30.7,25.0,2.5,83.0,72.0,12.9,30.27,Caution,18,1,2025,18,3,Cool Dry,Neutral,0,3.169999999999998,0
2025-01-19 08:00:00,27.5,30.8,24.2,2.0,90.0,74.0,8.7,32.51,Caution,19,1,2025,19,3,Cool Dry,Neutral,0,5.009999999999998,0
2025-01-20 08:00:00,27.2,30.4,24.5,2.0,89.0,77.0,8.7,31.46,Caution,20,1,2025,20,4,Cool Dry,Neutral,0,4.260000000000002,0
2025-01-21 08:00:00,27.5,31.1,24.7,1.7,87.0,70.0,9.9,31.91,Caution,21,1,2025,21,4,Cool Dry,Neutral,0,4.41,0
2025-01-22 08:00:00,28.0,32.2,25.0,0.0,77.0,63.0,13.7,31.65,Caution,22,1,2025,22,4,Cool Dry,Neutral,0,3.6499999999999986,0
2025-01-23 08:00:00,28.0,31.4,25.2,3.7,81.0,67.0,9.6,32.25,Caution,23,1,2025,23,4,Cool Dry,Neutral,0,4.25,0
2025-01-24 08:00:00,28.0,31.4,24.2,1.1,89.0,71.0,10.8,33.78,Extreme Caution,24,1,2025,24,4,Cool Dry,Neutral,0,5.780000000000001,0
2025-01-25 08:00:00,28.1,32.0,25.1,0.0,85.0,70.0,11.4,33.18,Extreme Caution,25,1,2025,25,4,Cool Dry,Neutral,0,5.079999999999998,0
2025-01-26 08:00:00,27.4,31.2,24.0,0.0,79.0,65.0,9.1,30.53,Caution,26,1,2025,26,4,Cool Dry,Neutral,0,3.1300000000000026,0
2025-01-27 08:00:00,26.5,30.2,23.2,0.1,79.0,62.0,11.0,28.6,Caution,27,1,2025,27,5,Cool Dry,Neutral,0,2.1000000000000014,0
2025-01-28 08:00:00,26.5,30.7,24.2,0.0,76.0,64.0,11.6,28.41,Caution,28,1,2025,28,5,Cool Dry,Neutral,0,1.9100000000000001,0
2025-01-29 08:00:00,26.3,29.4,23.9,0.2,73.0,63.0,18.5,27.89,Caution,29,1,2025,29,5,Cool Dry,Neutral,0,1.5899999999999999,0
2025-01-30 08:00:00,24.5,27.7,23.0,12.7,92.0,81.0,20.1,25.41,Normal,30,1,2025,30,5,Cool Dry,Neutral,0,0.9100000000000001,0
2025-01-31 08:00:00,26.2,28.9,24.1,1.1,92.0,82.0,13.7,28.65,Caution,31,1,2025,31,5,Cool Dry,Neutral,0,2.4499999999999993,0
2025-02-01 08:00:00,27.5,32.1,23.1,0.0,90.0,72.0,14.6,32.51,Caution,1,2,2025,32,5,Cool Dry,Neutral,0,5.009999999999998,0
2025-02-02 08:00:00,28.2,32.5,24.7,0.0,84.0,68.0,12.1,33.29,Extreme Caution,2,2,2025,33,5,Cool Dry,Neutral,0,5.09,0
2025-02-03 08:00:00,27.9,31.1,25.4,0.0,79.0,67.0,14.3,31.7,Caution,3,2,2025,34,6,Cool Dry,Neutral,0,3.8000000000000007,0
2025-02-04 08:00:00,26.9,30.7,24.5,0.9,76.0,66.0,13.2,29.18,Caution,4,2,2025,35,6,Cool Dry,Neutral,0,2.280000000000001,0
2025-02-05 08:00:00,27.0,30.5,24.5,0.0,75.0,64.0,17.1,29.28,Caution,5,2,2025,36,6,Cool Dry,Neutral,0,2.280000000000001,0
2025-02-06 08:00:00,27.0,30.5,24.4,7.7,92.0,74.0,14.5,31.45,Caution,6,2,2025,37,6,Cool Dry,Neutral,0,4.449999999999999,0
2025-02-07 08:00:00,26.6,29.0,24.5,4.4,89.0,79.0,9.4,29.54,Caution,7,2,2025,38,6,Cool Dry,Neutral,0,2.9399999999999977,0
2025-02-08 08:00:00,25.4,28.8,22.9,10.8,93.0,77.0,15.4,26.42,Normal,8,2,2025,39,6,Cool Dry,Neutral,0,1.0200000000000031,0
2025-02-09 08:00:00,25.1,27.5,23.1,0.5,84.0,76.0,16.1,25.86,Normal,9,2,2025,40,6,Cool Dry,Neutral,0,0.759999999999998,0
2025-02-10 08:00:00,24.5,26.8,22.9,24.5,97.0,88.0,9.6,25.54,Normal,10,2,2025,41,7,Cool Dry,Neutral,0,1.0399999999999991,0
2025-02-11 08:00:00,25.4,27.4,23.5,6.5,96.0,87.0,12.3,26.5,Normal,11,2,2025,42,7,Cool Dry,Neutral,0,1.1000000000000014,0
2025-02-12 08:00:00,26.8,30.9,23.6,0.0,94.0,79.0,14.3,31.22,Caution,12,2,2025,43,7,Cool Dry,Neutral,0,4.419999999999998,0
2025-02-13 08:00:00,26.4,29.6,24.8,3.1,93.0,85.0,8.5,29.27,Caution,13,2,2025,44,7,Cool Dry,Neutral,0,2.870000000000001,0
2025-02-14 08:00:00,25.9,27.0,24.5,10.4,93.0,88.0,7.7,27.88,Caution,14,2,2025,45,7,Cool Dry,Neutral,0,1.9800000000000004,0
2025-02-15 08:00:00,26.3,29.8,24.9,11.1,94.0,86.0,10.9,29.05,Caution,15,2,2025,46,7,Cool Dry,Neutral,0,2.75,0
2025-02-16 08:00:00,27.1,29.8,24.4,4.3,96.0,85.0,6.7,32.48,Caution,16,2,2025,47,7,Cool Dry,Neutral,0,5.3799999999999955,0
2025-02-17 08:00:00,27.0,30.5,24.4,1.0,94.0,82.0,8.1,31.8,Caution,17,2,2025,48,8,Cool Dry,Neutral,0,4.800000000000001,0
2025-02-18 08:00:00,26.4,29.9,24.0,4.2,94.0,83.0,9.5,29.34,Caution,18,2,2025,49,8,Cool Dry,Neutral,0,2.9400000000000013,0
2025-02-19 08:00:00,26.6,30.0,23.9,0.0,90.0,73.0,11.6,29.62,Caution,19,2,2025,50,8,Cool Dry,Neutral,0,3.0199999999999996,0
2025-02-20 08:00:00,26.2,30.0,23.9,6.7,93.0,78.0,14.9,28.71,Caution,20,2,2025,51,8,Cool Dry,Neutral,0,2.5100000000000016,0
2025-02-21 08:00:00,26.1,29.1,23.9,0.3,91.0,76.0,11.8,28.34,Caution,21,2,2025,52,8,Cool Dry,Neutral,0,2.2399999999999984,0
2025-02-22 08:00:00,26.6,30.2,23.4,0.0,90.0,72.0,16.6,29.62,Caution,22,2,2025,53,8,Cool Dry,Neutral,0,3.0199999999999996,0
2025-02-23 08:00:00,27.5,32.0,24.0,0.0,83.0,63.0,14.5,31.26,Caution,23,2,2025,54,8,Cool Dry,Neutral,0,3.7600000000000016,0
2025-02-24 08:00:00,27.4,31.5,24.6,0.3,77.0,63.0,16.9,30.3,Caution,24,2,2025,55,9,Cool Dry,Neutral,0,2.900000000000002,0
2025-02-25 08:00:00,27.0,30.9,24.1,0.6,79.0,65.0,20.2,29.65,Caution,25,2,2025,56,9,Cool Dry,Neutral,0,2.6499999999999986,0
2025-02-26 08:00:00,27.1,31.6,23.8,0.0,77.0,62.0,15.3,29.67,Caution,26,2,2025,57,9,Cool Dry,Neutral,0,2.5700000000000003,0
2025-02-27 08:00:00,27.1,32.3,23.5,0.0,79.0,59.0,14.2,29.86,Caution,27,2,2025,58,9,Cool Dry,Neutral,0,2.759999999999998,0
2025-02-28 08:00:00,27.7,32.7,24.3,0.0,78.0,60.0,20.3,31.09,Caution,28,2,2025,59,9,Cool Dry,Neutral,0,3.3900000000000006,0
2025-03-01 08:00:00,28.9,33.9,25.4,0.8,81.0,63.0,16.2,34.68,Extreme Caution,1,3,2025,60,9,Dry,Neutral,0,5.780000000000001,0
2025-03-02 08:00:00,29.5,34.2,25.7,0.0,78.0,62.0,14.0,35.68,Extreme Caution,2,3,2025,61,9,Dry,Neutral,0,6.18,0
2025-03-03 08:00:00,29.2,33.8,26.3,0.3,74.0,62.0,16.9,33.98,Extreme Caution,3,3,2025,62,10,Dry,Neutral,0,4.779999999999998,0
2025-03-04 08:00:00,28.9,33.2,25.9,0.7,80.0,66.0,17.4,34.46,Extreme Caution,4,3,2025,63,10,Dry,Neutral,0,5.560000000000002,0
2025-03-05 08:00:00,28.9,33.0,25.6,0.1,85.0,68.0,9.5,35.56,Extreme Caution,5,3,2025,64,10,Dry,Neutral,0,6.660000000000004,0
2025-03-06 08:00:00,29.6,33.2,26.2,0.4,76.0,62.0,11.3,35.47,Extreme Caution,6,3,2025,65,10,Dry,Neutral,0,5.869999999999997,0
2025-03-07 08:00:00,28.7,32.7,24.5,5.2,92.0,67.0,15.5,36.76,Extreme Caution,7,3,2025,66,10,Dry,Neutral,0,8.059999999999999,0
2025-03-08 08:00:00,27.2,29.4,25.3,4.0,85.0,75.0,7.3,30.73,Caution,8,3,2025,67,10,Dry,Neutral,0,3.530000000000001,0
2025-03-09 08:00:00,28.2,31.0,26.1,0.5,77.0,69.0,16.0,32.12,Caution,9,3,2025,68,10,Dry,Neutral,0,3.919999999999998,0
2025-03-10 08:00:00,28.7,32.1,26.0,0.0,77.0,64.0,17.9,33.34,Extreme Caution,10,3,2025,69,11,Dry,Neutral,0,4.640000000000004,0
2025-03-11 08:00:00,29.5,33.8,26.5,0.5,77.0,64.0,15.3,35.43,Extreme Caution,11,3,2025,70,11,Dry,Neutral,0,5.93,0
2025-03-12 08:00:00,29.4,34.8,26.1,0.8,76.0,61.0,16.3,34.93,Extreme Caution,12,3,2025,71,11,Dry,Neutral,0,5.530000000000001,0
2025-03-13 08:00:00,29.8,35.0,26.0,0.0,74.0,56.0,15.6,35.51,Extreme Caution,13,3,2025,72,11,Dry,Neutral,0,5.709999999999997,0
2025-03-14 08:00:00,29.3,34.5,25.4,0.0,74.0,55.0,15.2,34.23,Extreme Caution,14,3,2025,73,11,Dry,Neutral,0,4.929999999999996,0
2025-03-15 08:00:00,29.3,32.8,26.1,0.0,73.0,59.0,17.5,34.02,Extreme Caution,15,3,2025,74,11,Dry,Neutral,0,4.720000000000002,0
2025-03-16 08:00:00,29.1,32.3,26.1,0.0,76.0,60.0,16.9,34.15,Extreme Caution,16,3,2025,75,11,Dry,Neutral,0,5.049999999999997,0
2025-03-17 08:00:00,29.0,33.1,26.1,0.7,72.0,61.0,17.3,33.1,Extreme Caution,17,3,2025,76,12,Dry,Neutral,0,4.100000000000001,0
2025-03-18 08:00:00,29.0,33.0,26.0,0.6,72.0,61.0,9.2,33.1,Extreme Caution,18,3,2025,77,12,Dry,Neutral,0,4.100000000000001,0
2025-03-19 08:00:00,28.9,33.1,25.8,0.1,73.0,61.0,14.8,33.06,Extreme Caution,19,3,2025,78,12,Dry,Neutral,0,4.160000000000004,0
2025-03-20 08:00:00,27.9,31.9,25.3,0.3,70.0,61.0,20.1,30.47,Caution,20,3,2025,79,12,Dry,Neutral,0,2.5700000000000003,0
2025-03-21 08:00:00,27.2,31.5,24.6,0.0,68.0,59.0,15.2,29.02,Caution,21,3,2025,80,12,Dry,Neutral,0,1.8200000000000003,0
2025-03-22 08:00:00,27.5,31.5,24.3,0.0,73.0,58.0,11.6,30.06,Caution,22,3,2025,81,12,Dry,Neutral,0,2.5599999999999987,0
2025-03-23 08:00:00,27.7,31.5,25.0,0.0,73.0,60.0,10.0,30.46,Caution,23,3,2025,82,12,Dry,Neutral,0,2.7600000000000016,0
2025-03-24 08:00:00,28.9,32.2,26.5,0.5,74.0,62.0,10.0,33.25,Extreme Caution,24,3,2025,83,13,Dry,Neutral,0,4.350000000000001,0
2025-03-25 08:00:00,29.9,34.0,26.2,0.0,76.0,60.0,17.5,36.29,Extreme Caution,25,3,2025,84,13,Dry,Neutral,0,6.390000000000001,0
2025-03-26 08:00:00,29.9,34.0,27.1,0.7,73.0,61.0,19.4,35.52,Extreme Caution,26,3,2025,85,13,Dry,Neutral,0,5.6200000000000045,0
2025-03-27 08:00:00,30.3,33.8,27.9,0.2,71.0,62.0,15.3,36.04,Extreme Caution,27,3,2025,86,13,Dry,Neutral,0,5.739999999999998,0
2025-03-28 08:00:00,29.0,34.8,25.9,6.9,87.0,71.0,11.8,36.4,Extreme Caution,28,3,2025,87,13,Dry,Neutral,0,7.399999999999999,0
2025-03-29 08:00:00,27.6,31.0,25.5,1.0,91.0,78.0,14.9,33.01,Extreme Caution,29,3,2025,88,13,Dry,Neutral,0,5.409999999999997,0
2025-03-30 08:00:00,28.6,32.9,25.7,1.5,83.0,69.0,12.4,34.24,Extreme Caution,30,3,2025,89,13,Dry,Neutral,0,5.640000000000001,0
2025-03-31 08:00:00,28.8,32.2,25.9,1.8,83.0,68.0,14.4,34.82,Extreme Caution,31,3,2025,90,14,Dry,Neutral,0,6.02,0
2025-04-01 08:00:00,29.4,32.8,26.5,2.4,78.0,64.0,8.2,35.4,Extreme Caution,1,4,2025,91,14,Dry,Neutral,0,6.0,0
2025-04-02 08:00:00,29.8,33.7,26.5,0.1,80.0,64.0,10.1,37.06,Extreme Caution,2,4,2025,92,14,Dry,Neutral,0,7.260000000000002,0
2025-04-03 08:00:00,29.7,33.8,26.7,1.7,75.0,63.0,8.0,35.49,Extreme Caution,3,4,2025,93,14,Dry,Neutral,0,5.790000000000003,0
2025-04-04 08:00:00,29.7,33.7,26.5,1.6,77.0,63.0,14.5,35.99,Extreme Caution,4,4,2025,94,14,Dry,Neutral,0,6.290000000000003,0
2025-04-05 08:00:00,29.1,33.3,25.9,1.6,84.0,68.0,11.5,35.94,Extreme Caution,5,4,2025,95,14,Dry,Neutral,0,6.839999999999996,0
2025-04-06 08:00:00,29.6,33.9,25.6,0.3,86.0,65.0,13.0,38.09,Extreme Caution,6,4,2025,96,14,Dry,Neutral,0,8.490000000000002,0
2025-04-07 08:00:00,30.6,35.2,27.4,0.0,72.0,59.0,19.5,37.11,Extreme Caution,7,4,2025,97,15,Dry,Neutral,0,6.509999999999998,0
2025-04-08 08:00:00,30.2,34.3,27.1,0.8,73.0,62.0,11.6,36.31,Extreme Caution,8,4,2025,98,15,Dry,Neutral,0,6.110000000000003,0
2025-04-09 08:00:00,30.7,34.7,26.7,0.0,75.0,57.0,20.2,38.28,Extreme Caution,9,4,2025,99,15,Dry,Neutral,0,7.580000000000002,0
2025-04-10 08:00:00,31.1,36.9,28.5,0.2,70.0,58.0,18.7,37.87,Extreme Caution,10,4,2025,100,15,Dry,Neutral,0,6.769999999999996,0
2025-04-11 08:00:00,31.0,35.9,27.8,0.0,74.0,60.0,18.3,38.85,Extreme Caution,11,4,2025,101,15,Dry,Neutral,0,7.850000000000001,0
2025-04-12 08:00:00,31.4,36.2,28.4,0.3,74.0,60.0,17.2,40.04,Extreme Caution,12,4,2025,102,15,Dry,Neutral,0,8.64,0
2025-04-13 08:00:00,30.4,33.8,27.2,0.6,81.0,67.0,9.7,39.23,Extreme Caution,13,4,2025,103,15,Dry,Neutral,0,8.829999999999998,0
2025-04-14 08:00:00,31.0,34.5,27.9,0.9,76.0,61.0,14.1,39.5,Extreme Caution,14,4,2025,104,16,Dry,Neutral,0,8.5,0
2025-04-15 08:00:00,30.4,34.2,27.0,1.8,84.0,64.0,12.9,40.2,Extreme Caution,15,4,2025,105,16,Dry,Neutral,0,9.800000000000004,0
2025-04-16 08:00:00,31.1,35.9,26.8,0.0,77.0,54.0,11.4,40.15,Extreme Caution,16,4,2025,106,16,Dry,Neutral,0,9.049999999999997,0
2025-04-17 08:00:00,31.1,35.8,26.8,0.0,75.0,55.0,10.3,39.47,Extreme Caution,17,4,2025,107,16,Dry,Neutral,0,8.369999999999997,0
2025-04-18 08:00:00,31.2,35.2,28.1,0.8,76.0,60.0,16.0,40.12,Extreme Caution,18,4,2025,108,16,Dry,Neutral,0,8.919999999999998,0
2025-04-19 08:00:00,31.3,36.5,26.7,0.0,70.0,51.0,18.0,38.42,Extreme Caution,19,4,2025,109,16,Dry,Neutral,0,7.120000000000001,0
2025-04-20 08:00:00,31.4,35.7,28.3,1.1,74.0,59.0,16.5,40.04,Extreme Caution,20,4,2025,110,16,Dry,Neutral,0,8.64,0
2025-04-21 08:00:00,31.3,36.3,27.0,1.2,77.0,59.0,14.5,40.79,Extreme Caution,21,4,2025,111,17,Dry,Neutral,0,9.489999999999998,0
2025-04-22 08:00:00,31.7,35.7,28.5,0.0,76.0,57.0,16.2,41.72,Extreme Caution,22,4,2025,112,17,Dry,Neutral,0,10.02,0
2025-04-23 08:00:00,31.2,35.6,27.4,0.9,83.0,64.0,14.2,42.68,Danger,23,4,2025,113,17,Dry,Neutral,0,11.48,1
2025-04-24 08:00:00,31.4,36.0,27.6,0.0,66.0,53.0,17.5,37.43,Extreme Caution,24,4,2025,114,17,Dry,Neutral,0,6.030000000000001,0
2025-04-25 08:00:00,31.1,34.8,27.0,0.2,76.0,56.0,18.5,39.81,Extreme Caution,25,4,2025,115,17,Dry,Neutral,0,8.71,0
2025-04-26 08:00:00,31.3,36.5,27.1,0.0,71.0,51.0,16.2,38.74,Extreme Caution,26,4,2025,116,17,Dry,Neutral,0,7.440000000000001,0
2025-04-27 08:00:00,31.1,35.8,27.4,0.5,66.0,52.0,14.3,36.68,Extreme Caution,27,4,2025,117,17,Dry,Neutral,0,5.579999999999998,0
2025-04-28 08:00:00,30.2,33.6,27.4,1.9,82.0,66.0,9.8,38.89,Extreme Caution,28,4,2025,118,18,Dry,Neutral,0,8.690000000000001,0
2025-04-29 08:00:00,30.5,34.5,27.5,1.1,77.0,63.0,11.3,38.3,Extreme Caution,29,4,2025,119,18,Dry,Neutral,0,7.799999999999997,0
2025-04-30 08:00:00,31.2,35.0,28.0,1.6,72.0,58.0,13.3,38.78,Extreme Caution,30,4,2025,120,18,Dry,Neutral,0,7.580000000000002,0
2025-05-01 08:00:00,31.2,35.5,27.6,1.1,78.0,60.0,9.9,40.83,Extreme Caution,1,5,2025,121,18,Dry,Neutral,0,9.629999999999999,0
2025-05-02 08:00:00,31.5,35.6,28.1,0.4,72.0,58.0,15.6,39.65,Extreme Caution,2,5,2025,122,18,Dry,Neutral,0,8.149999999999999,0
2025-05-03 08:00:00,31.3,35.0,27.9,0.0,72.0,59.0,10.4,39.07,Extreme Caution,3,5,2025,123,18,Dry,Neutral,0,7.77,0
2025-05-04 08:00:00,28.7,34.5,25.5,15.5,91.0,76.0,15.8,36.5,Extreme Caution,4,5,2025,124,18,Dry,Neutral,0,7.800000000000001,0
2025-05-05 08:00:00,28.3,32.5,26.2,5.9,90.0,80.0,15.4,34.94,Extreme Caution,5,5,2025,125,19,Dry,Neutral,0,6.639999999999997,0
2025-05-06 08:00:00,27.9,31.6,25.5,13.4,90.0,81.0,9.6,33.7,Extreme Caution,6,5,2025,126,19,Dry,Neutral,0,5.800000000000004,0
2025-05-07 08:00:00,27.7,31.8,25.5,5.0,94.0,84.0,9.0,33.96,Extreme Caution,7,5,2025,127,19,Dry,Neutral,0,6.260000000000002,0
2025-05-08 08:00:00,28.1,30.4,26.5,6.3,91.0,82.0,11.5,34.54,Extreme Caution,8,5,2025,128,19,Dry,Neutral,0,6.439999999999998,0
2025-05-09 08:00:00,28.9,31.5,27.0,0.7,88.0,79.0,8.3,36.35,Extreme Caution,9,5,2025,129,19,Dry,Neutral,0,7.450000000000003,0
2025-05-10 08:00:00,30.6,34.5,27.5,1.2,79.0,64.0,13.4,39.24,Extreme Caution,10,5,2025,130,19,Dry,Neutral,0,8.64,0
2025-05-11 08:00:00,30.2,34.1,26.9,1.8,77.0,65.0,13.4,37.41,Extreme Caution,11,5,2025,131,19,Dry,Neutral,0,7.209999999999997,0
2025-05-12 08:00:00,28.4,34.8,24.5,32.5,94.0,76.0,14.3,36.27,Extreme Caution,12,5,2025,132,20,Dry,Neutral,0,7.8700000000000045,0
2025-05-13 08:00:00,28.0,32.8,25.2,3.5,94.0,80.0,10.3,34.93,Extreme Caution,13,5,2025,133,20,Dry,Neutral,0,6.93,0
2025-05-14 08:00:00,29.0,32.7,26.1,5.0,91.0,76.0,10.4,37.51,Extreme Caution,14,5,2025,134,20,Dry,Neutral,0,8.509999999999998,0
2025-05-15 08:00:00,29.0,32.3,26.9,7.8,86.0,76.0,9.6,36.13,Extreme Caution,15,5,2025,135,20,Dry,Neutral,0,7.130000000000003,0
2025-05-16 08:00:00,30.9,35.0,27.1,0.1,85.0,63.0,16.2,42.34,Danger,16,5,2025,136,20,Dry,Neutral,0,11.440000000000005,1
2025-05-17 08:00:00,31.5,35.6,27.8,0.7,74.0,57.0,10.7,40.35,Extreme Caution,17,5,2025,137,20,Dry,Neutral,0,8.850000000000001,0
2025-05-18 08:00:00,31.8,36.2,27.8,0.5,73.0,55.0,16.6,40.91,Extreme Caution,18,5,2025,138,20,Dry,Neutral,0,9.109999999999996,0
2025-05-19 08:00:00,32.0,36.5,28.4,0.0,71.0,57.0,18.9,40.78,Extreme Caution,19,5,2025,139,21,Dry,Neutral,0,8.780000000000001,0
2025-05-20 08:00:00,31.7,36.2,27.9,0.3,72.0,57.0,17.2,40.24,Extreme Caution,20,5,2025,140,21,Dry,Neutral,0,8.540000000000003,0
2025-05-21 08:00:00,31.7,35.3,28.4,0.1,72.0,55.0,19.0,40.24,Extreme Caution,21,5,2025,141,21,Dry,Neutral,0,8.540000000000003,0
2025-05-22 08:00:00,31.8,36.0,28.5,1.0,72.0,57.0,14.5,40.54,Extreme Caution,22,5,2025,142,21,Dry,Neutral,0,8.739999999999998,0
2025-05-23 08:00:00,32.1,36.2,28.6,0.4,72.0,53.0,12.1,41.46,Extreme Caution,23,5,2025,143,21,Dry,Neutral,0,9.36,0
2025-05-24 08:00:00,32.0,36.1,28.2,0.2,70.0,54.0,15.4,40.41,Extreme Caution,24,5,2025,144,21,Dry,Neutral,0,8.409999999999997,0
2025-05-25 08:00:00,31.4,35.0,28.3,1.1,74.0,59.0,15.5,40.04,Extreme Caution,25,5,2025,145,21,Dry,Neutral,0,8.64,0
2025-05-26 08:00:00,31.6,35.5,28.2,1.8,71.0,57.0,11.5,39.6,Extreme Caution,26,5,2025,146,22,Dry,Neutral,0,8.0,0
2025-05-27 08:00:00,31.7,36.5,28.0,0.6,76.0,58.0,14.4,41.72,Extreme Caution,27,5,2025,147,22,Dry,Neutral,0,10.02,0
2025-05-28 08:00:00,30.4,33.2,28.1,0.8,76.0,63.0,16.4,37.71,Extreme Caution,28,5,2025,148,22,Dry,Neutral,0,7.310000000000002,0
2025-05-29 08:00:00,29.9,31.3,29.0,0.1,74.0,68.0,16.1,35.77,Extreme Caution,29,5,2025,149,22,Dry,Neutral,0,5.8700000000000045,0
2025-05-30 08:00:00,28.8,31.8,26.6,4.9,88.0,75.0,17.3,36.03,Extreme Caution,30,5,2025,150,22,Dry,Neutral,0,7.23,0
2025-05-31 08:00:00,27.5,30.4,26.0,9.6,96.0,86.0,18.8,33.74,Extreme Caution,31,5,2025,151,22,Dry,Neutral,0,6.240000000000002,0
2025-06-01 08:00:00,28.6,30.4,27.1,2.3,87.0,81.0,20.3,35.14,Extreme Caution,1,6,2025,152,22,Wet,Neutral,0,6.539999999999999,0
2025-06-02 08:00:00,28.2,31.1,26.5,6.7,91.0,82.0,25.4,34.86,Extreme Caution,2,6,2025,153,23,Wet,Neutral,0,6.66,0
2025-06-03 08:00:00,28.1,30.8,25.8,11.5,94.0,84.0,23.9,35.26,Extreme Caution,3,6,2025,154,23,Wet,Neutral,0,7.159999999999997,0
2025-06-04 08:00:00,28.0,30.8,26.2,11.6,92.0,84.0,21.0,34.46,Extreme Caution,4,6,2025,155,23,Wet,Neutral,0,6.460000000000001,0
2025-06-05 08:00:00,27.7,31.2,25.5,11.7,94.0,83.0,11.3,33.96,Extreme Caution,5,6,2025,156,23,Wet,Neutral,0,6.260000000000002,0
2025-06-06 08:00:00,27.7,31.4,25.2,16.1,95.0,85.0,9.0,34.18,Extreme Caution,6,6,2025,157,23,Wet,Neutral,0,6.48,0
2025-06-07 08:00:00,26.9,29.8,24.6,15.2,96.0,86.0,8.4,31.86,Caution,7,6,2025,158,23,Wet,Neutral,0,4.960000000000001,0
2025-06-08 08:00:00,27.0,28.7,25.2,7.6,93.0,86.0,11.8,31.62,Caution,8,6,2025,159,23,Wet,Neutral,0,4.620000000000001,0
2025-06-09 08:00:00,27.8,30.2,26.4,10.1,91.0,83.0,18.2,33.61,Extreme Caution,9,6,2025,160,24,Wet,Neutral,0,5.809999999999999,0
2025-06-10 08:00:00,26.9,30.0,25.8,19.6,95.0,88.0,17.4,31.69,Caution,10,6,2025,161,24,Wet,Neutral,0,4.790000000000003,0
2025-06-11 08:00:00,26.7,27.7,26.0,30.9,95.0,89.0,16.0,31.1,Caution,11,6,2025,162,24,Wet,Neutral,0,4.400000000000002,0
2025-06-12 08:00:00,27.4,28.4,26.8,7.2,90.0,86.0,11.0,32.22,Caution,12,6,2025,163,24,Wet,Neutral,0,4.82,0
2025-06-13 08:00:00,29.0,31.4,26.8,0.8,90.0,77.0,11.4,37.23,Extreme Caution,13,6,2025,164,24,Wet,Neutral,0,8.229999999999997,0
2025-06-14 08:00:00,29.7,33.0,26.5,0.6,91.0,76.0,15.2,40.0,Extreme Caution,14,6,2025,165,24,Wet,Neutral,0,10.3,0
2025-06-15 08:00:00,28.9,33.5,25.8,1.0,88.0,74.0,15.7,36.35,Extreme Caution,15,6,2025,166,24,Wet,Neutral,0,7.450000000000003,0
2025-06-16 08:00:00,29.2,32.6,26.1,2.7,91.0,74.0,10.3,38.21,Extreme Caution,16,6,2025,167,25,Wet,Neutral,0,9.010000000000002,0
2025-06-17 08:00:00,26.5,29.9,24.2,33.0,97.0,86.0,7.9,29.86,Caution,17,6,2025,168,25,Wet,Neutral,0,3.3599999999999994,0
2025-06-18 08:00:00,26.6,28.5,25.0,5.0,94.0,87.0,11.0,29.93,Caution,18,6,2025,169,25,Wet,Neutral,0,3.3299999999999983,0
2025-06-19 08:00:00,28.7,31.8,25.6,0.6,96.0,79.0,14.2,37.87,Extreme Caution,19,6,2025,170,25,Wet,Neutral,0,9.169999999999998,0
2025-06-20 08:00:00,27.8,31.5,24.9,5.6,94.0,80.0,9.8,34.28,Extreme Caution,20,6,2025,171,25,Wet,Neutral,0,6.48,0
2025-06-21 08:00:00,27.2,31.6,24.6,3.7,92.0,82.0,12.5,32.02,Caution,21,6,2025,172,25,Wet,Neutral,0,4.820000000000004,0
2025-06-22 08:00:00,27.2,30.7,25.5,20.1,96.0,85.0,7.7,32.79,Caution,22,6,2025,173,25,Wet,Neutral,0,5.59,0
2025-06-23 08:00:00,26.5,28.3,25.4,7.4,94.0,88.0,6.3,29.64,Caution,23,6,2025,174,26,Wet,Neutral,0,3.1400000000000006,0
2025-06-24 08:00:00,27.1,31.0,25.0,21.8,92.0,84.0,14.5,31.73,Caution,24,6,2025,175,26,Wet,Neutral,0,4.629999999999999,0
2025-06-25 08:00:00,28.2,30.7,25.5,6.5,93.0,79.0,9.1,35.35,Extreme Caution,25,6,2025,176,26,Wet,Neutral,0,7.150000000000002,0
2025-06-26 08:00:00,27.1,30.3,25.4,19.7,94.0,84.0,12.4,32.1,Caution,26,6,2025,177,26,Wet,Neutral,0,5.0,0
2025-06-27 08:00:00,26.6,29.0,24.5,14.9,93.0,86.0,16.6,29.85,Caution,27,6,2025,178,26,Wet,Neutral,0,3.25,0
2025-06-28 08:00:00,27.5,29.8,25.5,10.4,91.0,82.0,12.4,32.71,Caution,28,6,2025,179,26,Wet,Neutral,0,5.210000000000001,0
2025-06-29 08:00:00,26.6,28.3,25.1,14.0,94.0,86.0,14.7,29.93,Caution,29,6,2025,180,26,Wet,Neutral,0,3.3299999999999983,0
2025-06-30 08:00:00,26.5,28.8,25.0,14.5,94.0,87.0,15.4,29.64,Caution,30,6,2025,181,27,Wet,Neutral,0,3.1400000000000006,0
2025-07-01 08:00:00,27.3,29.0,26.1,5.4,92.0,85.0,10.4,32.32,Caution,1,7,2025,182,27,Wet,Neutral,0,5.02,0
2025-07-02 08:00:00,27.1,29.3,24.9,23.0,91.0,85.0,20.1,31.55,Caution,2,7,2025,183,27,Wet,Neutral,0,4.449999999999999,0
2025-07-03 08:00:00,26.2,26.7,25.7,17.3,92.0,88.0,22.0,28.65,Caution,3,7,2025,184,27,Wet,Neutral,0,2.4499999999999993,0
2025-07-04 08:00:00,27.5,30.0,26.1,14.0,91.0,84.0,19.2,32.71,Caution,4,7,2025,185,27,Wet,Neutral,0,5.210000000000001,0
2025-07-05 08:00:00,27.2,29.1,26.4,15.1,88.0,84.0,18.5,31.28,Caution,5,7,2025,186,27,Wet,Neutral,0,4.080000000000002,0
2025-07-06 08:00:00,27.6,29.0,26.6,8.5,89.0,82.0,22.2,32.6,Caution,6,7,2025,187,27,Wet,Neutral,0,5.0,0
2025-07-07 08:00:00,28.4,30.3,26.9,2.3,84.0,78.0,20.9,33.86,Extreme Caution,7,7,2025,188,28,Wet,Neutral,0,5.460000000000001,0
2025-07-08 08:00:00,27.2,29.1,25.9,12.2,90.0,84.0,19.3,31.65,Caution,8,7,2025,189,28,Wet,Neutral,0,4.449999999999999,0
2025-07-09 08:00:00,27.6,29.5,26.2,7.3,88.0,81.0,22.9,32.39,Caution,9,7,2025,190,28,Wet,Neutral,0,4.789999999999999,0
2025-07-10 08:00:00,27.5,30.0,25.7,6.6,90.0,82.0,27.3,32.51,Caution,10,7,2025,191,28,Wet,Neutral,0,5.009999999999998,0
2025-07-11 08:00:00,27.6,29.5,26.0,5.2,92.0,83.0,20.8,33.22,Extreme Caution,11,7,2025,192,28,Wet,Neutral,0,5.619999999999997,0
2025-07-12 08:00:00,27.6,29.8,25.8,4.2,93.0,83.0,12.1,33.43,Extreme Caution,12,7,2025,193,28,Wet,Neutral,0,5.829999999999998,0
2025-07-13 08:00:00,28.8,30.4,27.1,1.9,86.0,77.0,16.1,35.51,Extreme Caution,13,7,2025,194,28,Wet,Neutral,0,6.709999999999997,0
2025-07-14 08:00:00,28.5,31.2,26.9,4.3,88.0,78.0,19.8,35.08,Extreme Caution,14,7,2025,195,29,Wet,Neutral,0,6.579999999999998,0
2025-07-15 08:00:00,27.6,30.1,26.4,19.0,91.0,83.0,20.4,33.01,Extreme Caution,15,7,2025,196,29,Wet,Neutral,0,5.409999999999997,0
2025-07-16 08:00:00,27.3,30.3,25.6,6.1,91.0,85.0,18.1,32.12,Caution,16,7,2025,197,29,Wet,Neutral,0,4.819999999999997,0
2025-07-17 08:00:00,26.7,28.1,26.0,13.2,94.0,88.0,14.3,30.93,Caution,17,7,2025,198,29,Wet,Neutral,0,4.23,0
2025-07-18 08:00:00,26.2,27.0,25.5,36.0,95.0,90.0,27.5,28.81,Caution,18,7,2025,199,29,Wet,Neutral,0,2.6099999999999994,0
2025-07-19 08:00:00,26.2,27.2,25.1,39.2,91.0,88.0,32.3,28.6,Caution,19,7,2025,200,29,Wet,Neutral,0,2.400000000000002,0
2025-07-20 08:00:00,26.9,28.8,25.4,30.2,91.0,84.0,28.4,30.99,Caution,20,7,2025,201,29,Wet,Neutral,0,4.09,0
2025-07-21 08:00:00,26.1,27.0,24.9,58.6,96.0,89.0,23.7,28.56,Caution,21,7,2025,202,30,Wet,Neutral,0,2.4599999999999973,0
2025-07-22 08:00:00,26.3,27.6,25.1,29.9,92.0,87.0,26.4,28.93,Caution,22,7,2025,203,30,Wet,Neutral,0,2.629999999999999,0
2025-07-23 08:00:00,25.8,27.1,24.8,70.7,95.0,91.0,26.7,27.66,Caution,23,7,2025,204,30,Wet,Neutral,0,1.8599999999999994,0
2025-07-24 08:00:00,26.1,27.4,25.3,41.6,93.0,89.0,34.1,28.43,Caution,24,7,2025,205,30,Wet,Neutral,0,2.3299999999999983,0
2025-07-25 08:00:00,27.1,28.3,26.0,16.6,91.0,85.0,30.2,31.55,Caution,25,7,2025,206,30,Wet,Neutral,0,4.449999999999999,0
2025-07-26 08:00:00,27.5,28.9,26.7,7.3,87.0,83.0,27.4,31.91,Caution,26,7,2025,207,30,Wet,Neutral,0,4.41,0
2025-07-27 08:00:00,27.2,29.1,26.2,12.1,89.0,84.0,31.1,31.46,Caution,27,7,2025,208,30,Wet,Neutral,0,4.260000000000002,0
2025-07-28 08:00:00,28.0,29.2,26.8,7.2,82.0,77.0,34.8,32.41,Caution,28,7,2025,209,31,Wet,Neutral,0,4.409999999999997,0
2025-07-29 08:00:00,28.5,29.8,27.5,5.6,79.0,75.0,33.8,33.2,Extreme Caution,29,7,2025,210,31,Wet,Neutral,0,4.700000000000003,0
2025-07-30 08:00:00,28.7,29.9,27.4,2.6,81.0,73.0,29.4,34.12,Extreme Caution,30,7,2025,211,31,Wet,Neutral,0,5.419999999999998,0
2025-07-31 08:00:00,29.1,30.8,28.0,0.8,79.0,73.0,25.7,34.8,Extreme Caution,31,7,2025,212,31,Wet,Neutral,0,5.699999999999996,0
2025-08-01 08:00:00,29.5,31.2,28.2,0.0,78.0,71.0,22.2,35.68,Extreme Caution,1,8,2025,213,31,Wet,Neutral,0,6.18,0
2025-08-02 08:00:00,29.5,31.9,26.6,0.0,87.0,69.0,16.5,38.05,Extreme Caution,2,8,2025,214,31,Wet,Neutral,0,8.549999999999997,0
2025-08-03 08:00:00,29.8,32.6,26.8,0.0,86.0,68.0,11.5,38.77,Extreme Caution,3,8,2025,215,31,Wet,Neutral,0,8.970000000000002,0
2025-08-04 08:00:00,30.1,33.2,27.5,0.0,81.0,66.0,13.3,38.27,Extreme Caution,4,8,2025,216,32,Wet,Neutral,0,8.170000000000002,0
2025-08-05 08:00:00,28.7,33.2,26.0,8.1,85.0,73.0,15.3,34.95,Extreme Caution,5,8,2025,217,32,Wet,Neutral,0,6.2500000000000036,0
2025-08-06 08:00:00,26.9,32.2,24.1,13.4,92.0,80.0,11.2,31.16,Caution,6,8,2025,218,32,Wet,Neutral,0,4.260000000000002,0
2025-08-07 08:00:00,27.5,30.2,25.0,1.8,87.0,77.0,12.1,31.91,Caution,7,8,2025,219,32,Wet,Neutral,0,4.41,0
2025-08-08 08:00:00,28.8,30.8,26.9,1.2,80.0,70.0,15.0,34.19,Extreme Caution,8,8,2025,220,32,Wet,Neutral,0,5.389999999999997,0
2025-08-09 08:00:00,29.3,31.5,27.2,0.2,83.0,67.0,14.7,36.32,Extreme Caution,9,8,2025,221,32,Wet,Neutral,0,7.02,0
2025-08-10 08:00:00,29.7,32.8,27.2,2.4,81.0,66.0,15.3,37.03,Extreme Caution,10,8,2025,222,32,Wet,Neutral,0,7.330000000000002,0
2025-08-11 08:00:00,28.9,32.6,26.1,8.0,84.0,71.0,13.8,35.33,Extreme Caution,11,8,2025,223,33,Wet,Neutral,0,6.43,0
2025-08-12 08:00:00,27.7,31.5,25.3,6.2,88.0,77.0,11.0,32.68,Caution,12,8,2025,224,33,Wet,Neutral,0,4.98,0
2025-08-13 08:00:00,28.1,31.6,26.0,2.3,88.0,76.0,14.7,33.85,Extreme Caution,13,8,2025,225,33,Wet,Neutral,0,5.75,0
2025-08-14 08:00:00,26.7,30.8,24.9,9.5,93.0,83.0,11.2,30.77,Caution,14,8,2025,226,33,Wet,Neutral,0,4.07,0
2025-08-15 08:00:00,26.2,29.7,24.5,18.5,95.0,85.0,11.7,28.81,Caution,15,8,2025,227,33,Wet,Neutral,0,2.6099999999999994,0
2025-08-16 08:00:00,26.9,28.5,26.0,14.9,93.0,87.0,11.8,31.33,Caution,16,8,2025,228,33,Wet,Neutral,0,4.43,0
2025-08-17 08:00:00,27.4,30.5,25.8,7.1,92.0,84.0,14.9,32.61,Caution,17,8,2025,229,33,Wet,Neutral,0,5.210000000000001,0
2025-08-18 08:00:00,27.8,31.8,24.4,3.4,95.0,82.0,13.4,34.5,Extreme Caution,18,8,2025,230,34,Wet,Neutral,0,6.699999999999999,0
2025-08-19 08:00:00,28.7,32.5,26.3,0.8,91.0,79.0,10.1,36.5,Extreme Caution,19,8,2025,231,34,Wet,Neutral,0,7.800000000000001,0
2025-08-20 08:00:00,28.6,32.3,24.8,17.7,95.0,76.0,15.1,37.23,Extreme Caution,20,8,2025,232,34,Wet,Neutral,0,8.629999999999995,0
2025-08-21 08:00:00,26.5,29.4,24.2,21.3,96.0,84.0,8.6,29.78,Caution,21,8,2025,233,34,Wet,Neutral,0,3.280000000000001,0
2025-08-22 08:00:00,25.3,27.0,24.2,34.9,94.0,89.0,18.3,26.34,Normal,22,8,2025,234,34,Wet,Neutral,0,1.0399999999999991,0
2025-08-23 08:00:00,26.5,27.6,25.2,4.2,91.0,85.0,12.9,29.42,Caution,23,8,2025,235,34,Wet,Neutral,0,2.9200000000000017,0
2025-08-24 08:00:00,27.1,30.2,24.9,3.6,90.0,82.0,8.6,31.37,Caution,24,8,2025,236,34,Wet,Neutral,0,4.27,0
2025-08-25 08:00:00,25.9,29.3,23.9,30.9,94.0,86.0,13.0,27.91,Caution,25,8,2025,237,35,Wet,Neutral,0,2.0100000000000016,0
2025-08-26 08:00:00,25.5,27.1,24.2,22.5,96.0,90.0,13.7,26.61,Normal,26,8,2025,238,35,Wet,Neutral,0,1.1099999999999994,0
2025-08-27 08:00:00,26.9,29.7,25.4,6.8,92.0,85.0,13.5,31.16,Caution,27,8,2025,239,35,Wet,Neutral,0,4.260000000000002,0
2025-08-28 08:00:00,26.6,30.9,24.4,9.4,95.0,86.0,10.2,30.02,Caution,28,8,2025,240,35,Wet,Neutral,0,3.419999999999998,0
2025-08-29 08:00:00,26.6,29.3,24.6,15.3,95.0,87.0,9.8,30.02,Caution,29,8,2025,241,35,Wet,Neutral,0,3.419999999999998,0
2025-08-30 08:00:00,27.1,30.0,25.4,19.3,96.0,86.0,14.1,32.48,Caution,30,8,2025,242,35,Wet,Neutral,0,5.3799999999999955,0
2025-08-31 08:00:00,26.1,28.0,24.0,16.8,96.0,90.0,8.4,28.56,Caution,31,8,2025,243,35,Wet,Neutral,0,2.4599999999999973,0
2025-09-01 08:00:00,25.8,27.5,25.0,19.5,96.0,90.0,10.8,27.68,Caution,1,9,2025,244,36,Wet,Neutral,0,1.879999999999999,0
2025-09-02 08:00:00,26.9,28.4,26.0,5.3,89.0,84.0,17.4,30.65,Caution,2,9,2025,245,36,Wet,Neutral,0,3.75,0
2025-09-03 08:00:00,27.2,28.6,25.6,9.1,92.0,83.0,17.1,32.02,Caution,3,9,2025,246,36,Wet,Neutral,0,4.820000000000004,0
2025-09-04 08:00:00,27.3,28.9,25.8,5.0,90.0,83.0,20.0,31.93,Caution,4,9,2025,247,36,Wet,Neutral,0,4.629999999999999,0
2025-09-05 08:00:00,26.1,27.5,25.0,14.0,95.0,88.0,18.7,28.52,Caution,5,9,2025,248,36,Wet,Neutral,0,2.419999999999998,0
2025-09-06 08:00:00,26.0,28.4,24.5,17.7,93.0,86.0,12.8,28.15,Caution,6,9,2025,249,36,Wet,Neutral,0,2.1499999999999986,0
2025-09-07 08:00:00,27.4,31.2,25.1,3.6,96.0,84.0,10.5,33.42,Extreme Caution,7,9,2025,250,36,Wet,Neutral,0,6.020000000000003,0
2025-09-08 08:00:00,26.8,29.7,23.9,5.1,95.0,86.0,7.8,31.39,Caution,8,9,2025,251,37,Wet,Neutral,0,4.59,0
2025-09-09 08:00:00,26.7,29.1,25.1,7.7,94.0,85.0,8.5,30.93,Caution,9,9,2025,252,37,Wet,Neutral,0,4.23,0
2025-09-10 08:00:00,25.8,26.5,24.9,11.7,92.0,89.0,7.9,27.58,Caution,10,9,2025,253,37,Wet,Neutral,0,1.7799999999999976,0
2025-09-11 08:00:00,26.9,30.0,25.0,7.2,93.0,84.0,10.1,31.33,Caution,11,9,2025,254,37,Wet,Neutral,0,4.43,0
2025-09-12 08:00:00,27.0,29.9,25.0,9.6,92.0,85.0,6.2,31.45,Caution,12,9,2025,255,37,Wet,Neutral,0,4.449999999999999,0
2025-09-13 08:00:00,26.8,29.5,24.8,15.1,95.0,87.0,10.3,31.39,Caution,13,9,2025,256,37,Wet,Neutral,0,4.59,0
2025-09-14 08:00:00,25.9,27.0,25.2,9.6,95.0,90.0,12.2,27.94,Caution,14,9,2025,257,37,Wet,Neutral,0,2.0400000000000027,0
2025-09-15 08:00:00,26.8,29.3,25.6,6.6,93.0,87.0,7.2,31.05,Caution,15,9,2025,258,38,Wet,Neutral,0,4.25,0
2025-09-16 08:00:00,25.8,28.2,24.9,28.1,96.0,91.0,9.2,27.68,Caution,16,9,2025,259,38,Wet,Neutral,0,1.879999999999999,0
2025-09-17 08:00:00,26.2,28.2,24.8,7.6,96.0,89.0,11.0,28.86,Caution,17,9,2025,260,38,Wet,Neutral,0,2.66,0
2025-09-18 08:00:00,26.9,30.0,25.4,8.7,96.0,88.0,12.2,31.86,Caution,18,9,2025,261,38,Wet,Neutral,0,4.960000000000001,0
2025-09-19 08:00:00,26.9,28.8,25.0,10.5,95.0,87.0,11.9,31.69,Caution,19,9,2025,262,38,Wet,Neutral,0,4.790000000000003,0
2025-09-20 08:00:00,26.6,29.3,24.2,6.4,96.0,87.0,12.7,30.1,Caution,20,9,2025,263,38,Wet,Neutral,0,3.5,0
2025-09-21 08:00:00,26.9,29.2,25.5,9.6,90.0,84.0,23.8,30.82,Caution,21,9,2025,264,38,Wet,Neutral,0,3.9200000000000017,0
2025-09-22 08:00:00,25.9,27.2,25.0,29.1,91.0,88.0,34.7,27.82,Caution,22,9,2025,265,39,Wet,Neutral,0,1.9200000000000017,0
2025-09-23 08:00:00,25.8,28.1,24.9,21.9,95.0,89.0,27.1,27.66,Caution,23,9,2025,266,39,Wet,Neutral,0,1.8599999999999994,0
2025-09-24 08:00:00,26.0,28.5,24.1,7.7,94.0,89.0,7.3,28.19,Caution,24,9,2025,267,39,Wet,Neutral,0,2.1900000000000013,0
2025-09-25 08:00:00,26.6,30.3,24.5,14.4,96.0,86.0,14.4,30.1,Caution,25,9,2025,268,39,Wet,Neutral,0,3.5,0
2025-09-26 08:00:00,26.8,28.6,25.6,21.1,93.0,82.0,32.1,31.05,Caution,26,9,2025,269,39,Wet,Neutral,0,4.25,0
2025-09-27 08:00:00,27.8,30.2,25.0,0.2,93.0,82.0,14.1,34.05,Extreme Caution,27,9,2025,270,39,Wet,Neutral,0,6.2499999999999964,0
2025-09-28 08:00:00,27.1,30.2,25.1,2.6,94.0,86.0,9.9,32.1,Caution,28,9,2025,271,39,Wet,Neutral,0,5.0,0
2025-09-29 08:00:00,26.5,28.9,24.6,3.1,96.0,88.0,9.4,29.78,Caution,29,9,2025,272,40,Wet,Neutral,0,3.280000000000001,0
2025-09-30 08:00:00,25.9,29.0,24.3,18.6,98.0,91.0,6.9,28.03,Caution,30,9,2025,273,40,Wet,Neutral,0,2.1300000000000026,0
2025-10-01 08:00:00,27.4,31.0,25.0,4.2,94.0,85.0,7.2,33.01,Extreme Caution,1,10,2025,274,40,Wet,Neutral,0,5.609999999999999,0
2025-10-02 08:00:00,27.3,30.0,25.8,4.9,92.0,84.0,14.3,32.32,Caution,2,10,2025,275,40,Wet,Neutral,0,5.02,0
2025-10-03 08:00:00,25.2,26.4,24.3,32.9,96.0,91.0,28.4,26.28,Normal,3,10,2025,276,40,Wet,Neutral,0,1.0800000000000018,0
2025-10-04 08:00:00,26.6,30.3,24.2,1.5,94.0,86.0,11.2,29.93,Caution,4,10,2025,277,40,Wet,Neutral,0,3.3299999999999983,0
2025-10-05 08:00:00,27.1,30.0,25.3,0.4,91.0,83.0,11.5,31.55,Caution,5,10,2025,278,40,Wet,Neutral,0,4.449999999999999,0
2025-10-06 08:00:00,27.3,29.9,25.5,6.1,87.0,81.0,10.1,31.36,Caution,6,10,2025,279,41,Wet,Neutral,0,4.059999999999999,0
2025-10-07 08:00:00,27.6,30.7,25.2,5.3,92.0,79.0,12.6,33.22,Extreme Caution,7,10,2025,280,41,Wet,Neutral,0,5.619999999999997,0
2025-10-08 08:00:00,26.7,29.4,24.0,17.4,96.0,84.0,8.5,31.26,Caution,8,10,2025,281,41,Wet,Neutral,0,4.560000000000002,0
2025-10-09 08:00:00,26.1,28.3,25.0,8.1,96.0,89.0,9.4,28.56,Caution,9,10,2025,282,41,Wet,Neutral,0,2.4599999999999973,0
2025-10-10 08:00:00,25.7,28.0,24.5,11.2,97.0,91.0,6.7,27.41,Caution,10,10,2025,283,41,Wet,Neutral,0,1.7100000000000009,0
2025-10-11 08:00:00,27.1,29.0,25.5,2.7,91.0,85.0,10.6,31.55,Caution,11,10,2025,284,41,Wet,Neutral,0,4.449999999999999,0
2025-10-12 08:00:00,27.5,30.2,25.4,6.1,96.0,85.0,6.5,33.74,Extreme Caution,12,10,2025,285,41,Wet,Neutral,0,6.240000000000002,0
2025-10-13 08:00:00,26.4,29.2,25.1,8.0,94.0,88.0,9.6,29.34,Caution,13,10,2025,286,42,Wet,Neutral,0,2.9400000000000013,0
2025-10-14 08:00:00,27.0,28.4,25.9,2.3,91.0,86.0,6.4,31.27,Caution,14,10,2025,287,42,Wet,Neutral,0,4.27,0
2025-10-15 08:00:00,26.5,28.4,25.1,11.2,95.0,87.0,7.6,29.71,Caution,15,10,2025,288,42,Wet,Neutral,0,3.210000000000001,0
2025-10-16 08:00:00,28.7,32.5,25.9,0.8,90.0,74.0,12.5,36.23,Extreme Caution,16,10,2025,289,42,Wet,Neutral,0,7.529999999999998,0
2025-10-17 08:00:00,29.8,33.4,27.7,1.3,78.0,66.0,10.1,36.53,Extreme Caution,17,10,2025,290,42,Wet,Neutral,0,6.73,0
2025-10-18 08:00:00,28.4,31.6,25.2,14.3,93.0,73.0,16.7,36.01,Extreme Caution,18,10,2025,291,42,Wet,Neutral,0,7.609999999999999,0
2025-10-19 08:00:00,26.1,26.9,24.8,18.9,93.0,89.0,16.9,28.43,Caution,19,10,2025,292,42,Wet,Neutral,0,2.3299999999999983,0
2025-10-20 08:00:00,28.6,32.3,26.0,0.1,93.0,79.0,14.0,36.69,Extreme Caution,20,10,2025,293,43,Wet,Neutral,0,8.089999999999996,0
2025-10-21 08:00:00,28.3,30.5,26.2,1.2,92.0,84.0,7.1,35.43,Extreme Caution,21,10,2025,294,43,Wet,Neutral,0,7.129999999999999,0
2025-10-22 08:00:00,28.3,31.1,26.4,1.1,92.0,82.0,7.4,35.43,Extreme Caution,22,10,2025,295,43,Wet,Neutral,0,7.129999999999999,0
2025-10-23 08:00:00,28.5,31.9,25.6,1.2,90.0,78.0,10.9,35.58,Extreme Caution,23,10,2025,296,43,Wet,Neutral,0,7.079999999999998,0
2025-10-24 08:00:00,27.7,31.1,25.5,5.2,92.0,80.0,8.1,33.52,Extreme Caution,24,10,2025,297,43,Wet,Neutral,0,5.820000000000004,0
2025-10-25 08:00:00,28.1,30.6,26.1,5.6,93.0,82.0,7.8,35.02,Extreme Caution,25,10,2025,298,43,Wet,Neutral,0,6.920000000000002,0
2025-10-26 08:00:00,27.4,30.0,25.6,4.3,96.0,86.0,6.8,33.42,Extreme Caution,26,10,2025,299,43,Wet,Neutral,0,6.020000000000003,0
2025-10-27 08:00:00,27.4,30.5,26.0,3.5,92.0,85.0,12.1,32.61,Caution,27,10,2025,300,44,Wet,Neutral,0,5.210000000000001,0
2025-10-28 08:00:00,27.7,31.5,25.2,11.5,96.0,83.0,12.4,34.4,Extreme Caution,28,10,2025,301,44,Wet,Neutral,0,6.699999999999999,0
2025-10-29 08:00:00,27.2,29.9,24.2,14.3,97.0,86.0,8.1,32.98,Caution,29,10,2025,302,44,Wet,Neutral,0,5.779999999999998,0
2025-10-30 08:00:00,26.2,28.0,24.8,16.7,94.0,90.0,8.4,28.76,Caution,30,10,2025,303,44,Wet,Neutral,0,2.5600000000000023,0
2025-10-31 08:00:00,28.5,31.2,26.1,0.9,91.0,82.0,12.3,35.83,Extreme Caution,31,10,2025,304,44,Wet,Neutral,0,7.329999999999998,0
2025-11-01 08:00:00,28.5,32.2,26.0,2.6,93.0,80.0,11.1,36.35,Extreme Caution,1,11,2025,305,44,Wet,Neutral,0,7.850000000000001,0
2025-11-02 08:00:00,27.7,31.5,24.2,23.3,93.0,80.0,13.0,33.74,Extreme Caution,2,11,2025,306,44,Wet,Neutral,0,6.040000000000003,0
2025-11-03 08:00:00,26.4,29.5,25.4,3.3,91.0,84.0,13.2,29.14,Caution,3,11,2025,307,45,Wet,Neutral,0,2.740000000000002,0
2025-11-04 08:00:00,26.6,27.7,25.8,5.5,94.0,86.0,14.4,29.93,Caution,4,11,2025,308,45,Wet,Neutral,0,3.3299999999999983,0
2025-11-05 08:00:00,28.1,30.5,26.2,0.2,83.0,76.0,20.4,32.84,Caution,5,11,2025,309,45,Wet,Neutral,0,4.740000000000002,0
2025-11-06 08:00:00,28.3,31.2,25.7,1.8,93.0,80.0,14.6,35.68,Extreme Caution,6,11,2025,310,45,Wet,Neutral,0,7.379999999999999,0
2025-11-07 08:00:00,27.4,30.9,24.5,3.1,97.0,85.0,8.9,33.63,Extreme Caution,7,11,2025,311,45,Wet,Neutral,0,6.230000000000004,0
2025-11-08 08:00:00,28.1,31.0,25.4,2.8,89.0,75.0,19.4,34.08,Extreme Caution,8,11,2025,312,45,Wet,Neutral,0,5.979999999999997,0
2025-11-09 08:00:00,26.1,27.0,24.2,80.7,94.0,88.0,40.7,28.47,Caution,9,11,2025,313,45,Wet,Neutral,0,2.3699999999999974,0
2025-11-10 08:00:00,27.2,29.1,25.5,16.7,88.0,82.0,36.6,31.28,Caution,10,11,2025,314,46,Wet,Neutral,0,4.080000000000002,0
2025-11-11 08:00:00,27.6,29.8,25.0,2.5,95.0,81.0,21.6,33.85,Extreme Caution,11,11,2025,315,46,Wet,Neutral,0,6.25,0
2025-11-12 08:00:00,27.7,29.7,25.2,0.3,90.0,82.0,8.3,33.1,Extreme Caution,12,11,2025,316,46,Wet,Neutral,0,5.400000000000002,0
2025-11-13 08:00:00,27.3,30.4,24.5,0.0,90.0,80.0,11.9,31.93,Caution,13,11,2025,317,46,Wet,Neutral,0,4.629999999999999,0
2025-11-14 08:00:00,27.3,29.9,25.4,0.4,94.0,83.0,8.6,32.71,Caution,14,11,2025,318,46,Wet,Neutral,0,5.41,0
2025-11-15 08:00:00,27.7,31.2,25.2,0.2,93.0,80.0,12.8,33.74,Extreme Caution,15,11,2025,319,46,Wet,Neutral,0,6.040000000000003,0
2025-11-16 08:00:00,28.3,31.6,25.8,1.3,86.0,73.0,13.8,33.99,Extreme Caution,16,11,2025,320,46,Wet,Neutral,0,5.690000000000001,0
2025-11-17 08:00:00,28.5,32.6,26.1,1.6,84.0,72.0,9.1,34.15,Extreme Caution,17,11,2025,321,47,Wet,Neutral,0,5.649999999999999,0
2025-11-18 08:00:00,28.6,32.2,25.0,2.0,88.0,71.0,14.8,35.39,Extreme Caution,18,11,2025,322,47,Wet,Neutral,0,6.789999999999999,0
2025-11-19 08:00:00,28.4,32.2,26.3,4.3,81.0,71.0,11.7,33.3,Extreme Caution,19,11,2025,323,47,Wet,Neutral,0,4.899999999999999,0
2025-11-20 08:00:00,28.6,31.9,26.7,1.2,80.0,70.0,12.1,33.65,Extreme Caution,20,11,2025,324,47,Wet,Neutral,0,5.049999999999997,0
2025-11-21 08:00:00,28.7,32.2,24.6,2.4,89.0,69.0,9.0,35.97,Extreme Caution,21,11,2025,325,47,Wet,Neutral,0,7.27,0
2025-11-22 08:00:00,28.7,31.8,26.4,1.0,76.0,66.0,14.6,33.15,Extreme Caution,22,11,2025,326,47,Wet,Neutral,0,4.449999999999999,0
2025-11-23 08:00:00,28.8,31.9,27.0,2.9,76.0,67.0,14.8,33.4,Extreme Caution,23,11,2025,327,47,Wet,Neutral,0,4.599999999999998,0
2025-11-24 08:00:00,28.2,32.0,24.5,14.8,94.0,72.0,18.3,35.59,Extreme Caution,24,11,2025,328,48,Wet,Neutral,0,7.390000000000004,0
2025-11-25 08:00:00,25.8,27.0,24.8,18.0,96.0,89.0,14.4,27.68,Caution,25,11,2025,329,48,Wet,Neutral,0,1.879999999999999,0
2025-11-26 08:00:00,27.5,30.7,24.8,3.3,94.0,82.0,18.2,33.32,Extreme Caution,26,11,2025,330,48,Wet,Neutral,0,5.82,0
2025-11-27 08:00:00,26.7,30.4,25.2,17.5,95.0,88.0,6.0,31.1,Caution,27,11,2025,331,48,Wet,Neutral,0,4.400000000000002,0
2025-11-28 08:00:00,26.9,29.0,25.0,1.9,92.0,87.0,7.9,31.16,Caution,28,11,2025,332,48,Wet,Neutral,0,4.260000000000002,0
2025-11-29 08:00:00,26.1,29.9,24.5,4.4,95.0,88.0,6.8,28.52,Caution,29,11,2025,333,48,Wet,Neutral,0,2.419999999999998,0
2025-11-30 08:00:00,26.8,30.1,24.7,0.7,95.0,86.0,8.6,31.39,Caution,30,11,2025,334,48,Wet,Neutral,0,4.59,0
2025-12-01 08:00:00,26.5,29.6,24.5,3.9,96.0,86.0,10.8,29.78,Caution,1,12,2025,335,49,Cool Dry,Neutral,0,3.280000000000001,0
2025-12-02 08:00:00,26.9,29.6,25.2,7.1,93.0,86.0,6.0,31.33,Caution,2,12,2025,336,49,Cool Dry,Neutral,0,4.43,0
2025-12-03 08:00:00,27.3,30.0,25.0,5.1,93.0,82.0,11.2,32.51,Caution,3,12,2025,337,49,Cool Dry,Neutral,0,5.209999999999997,0
2025-12-04 08:00:00,27.1,30.5,24.1,0.1,81.0,67.0,15.3,30.06,Caution,4,12,2025,338,49,Cool Dry,Neutral,0,2.9599999999999973,0
2025-12-05 08:00:00,26.6,30.4,23.3,0.0,77.0,63.0,15.7,28.67,Caution,5,12,2025,339,49,Cool Dry,Neutral,0,2.0700000000000003,0
2025-12-06 08:00:00,27.1,30.6,23.9,0.0,77.0,63.0,13.4,29.67,Caution,6,12,2025,340,49,Cool Dry,Neutral,0,2.5700000000000003,0
2025-12-07 08:00:00,26.3,28.6,24.0,7.9,93.0,74.0,16.5,28.99,Caution,7,12,2025,341,49,Cool Dry,Neutral,0,2.6899999999999977,0
2025-12-08 08:00:00,27.3,30.1,24.8,2.7,91.0,80.0,9.0,32.12,Caution,8,12,2025,342,50,Cool Dry,Neutral,0,4.819999999999997,0
2025-12-09 08:00:00,25.3,28.5,23.2,19.9,98.0,89.0,13.2,26.44,Normal,9,12,2025,343,50,Cool Dry,Neutral,0,1.1400000000000006,0
2025-12-10 08:00:00,27.4,30.0,25.5,1.5,92.0,81.0,9.7,32.61,Caution,10,12,2025,344,50,Cool Dry,Neutral,0,5.210000000000001,0
2025-12-11 08:00:00,27.0,30.2,25.4,1.5,90.0,82.0,7.5,31.09,Caution,11,12,2025,345,50,Cool Dry,Neutral,0,4.09,0
2025-12-12 08:00:00,27.9,30.6,25.6,0.9,79.0,70.0,8.7,31.7,Caution,12,12,2025,346,50,Cool Dry,Neutral,0,3.8000000000000007,0
2025-12-13 08:00:00,28.1,32.0,25.2,0.7,83.0,69.0,12.3,32.84,Caution,13,12,2025,347,50,Cool Dry,Neutral,0,4.740000000000002,0
2025-12-14 08:00:00,27.7,31.2,24.8,1.1,78.0,64.0,10.9,31.09,Caution,14,12,2025,348,50,Cool Dry,Neutral,0,3.3900000000000006,0
2025-12-15 08:00:00,26.3,30.1,24.9,9.3,95.0,82.0,17.9,29.11,Caution,15,12,2025,349,51,Cool Dry,Neutral,0,2.8099999999999987,0
2025-12-16 08:00:00,26.7,30.8,24.0,10.4,97.0,79.0,13.9,31.43,Caution,16,12,2025,350,51,Cool Dry,Neutral,0,4.73,0
2025-12-17 08:00:00,26.0,28.7,24.5,1.4,94.0,84.0,12.0,28.19,Caution,17,12,2025,351,51,Cool Dry,Neutral,0,2.1900000000000013,0
2025-12-18 08:00:00,26.7,29.9,24.5,0.5,91.0,79.0,10.0,30.44,Caution,18,12,2025,352,51,Cool Dry,Neutral,0,3.740000000000002,0
2025-12-19 08:00:00,26.9,30.9,24.5,2.6,87.0,77.0,9.3,30.31,Caution,19,12,2025,353,51,Cool Dry,Neutral,0,3.41,0
2025-12-20 08:00:00,26.3,30.5,24.5,9.3,87.0,79.0,10.8,28.64,Caution,20,12,2025,354,51,Cool Dry,Neutral,0,2.34,0
2025-12-21 08:00:00,26.3,29.6,24.5,1.1,91.0,83.0,9.6,28.87,Caution,21,12,2025,355,51,Cool Dry,Neutral,0,2.5700000000000003,0
2025-12-22 08:00:00,25.7,27.6,24.2,15.0,93.0,86.0,8.9,27.34,Caution,22,12,2025,356,52,Cool Dry,Neutral,0,1.6400000000000006,0
2025-12-23 08:00:00,26.1,29.9,24.2,10.0,94.0,84.0,12.3,28.47,Caution,23,12,2025,357,52,Cool Dry,Neutral,0,2.3699999999999974,0
2025-12-24 08:00:00,26.6,29.5,24.9,3.6,93.0,84.0,7.6,29.85,Caution,24,12,2025,358,52,Cool Dry,Neutral,0,3.25,0
2025-12-25 08:00:00,26.0,29.2,23.9,6.4,95.0,85.0,6.2,28.23,Caution,25,12,2025,359,52,Cool Dry,Neutral,0,2.2300000000000004,0
2025-12-26 08:00:00,26.5,29.9,24.0,0.7,92.0,82.0,7.4,29.49,Caution,26,12,2025,360,52,Cool Dry,Neutral,0,2.9899999999999984,0
2025-12-27 08:00:00,26.7,29.9,24.1,0.3,92.0,81.0,6.9,30.6,Caution,27,12,2025,361,52,Cool Dry,Neutral,0,3.900000000000002,0
2025-12-28 08:00:00,27.1,29.8,23.7,0.1,87.0,75.0,9.7,30.83,Caution,28,12,2025,362,52,Cool Dry,Neutral,0,3.729999999999997,0
2025-12-29 08:00:00,27.8,30.8,24.5,0.3,87.0,70.0,10.4,32.76,Caution,29,12,2025,363,1,Cool Dry,Neutral,0,4.959999999999997,0
2025-12-30 08:00:00,27.9,31.4,25.1,0.6,82.0,69.0,12.3,32.15,Caution,30,12,2025,364,1,Cool Dry,Neutral,0,4.25,0
2025-12-31 08:00:00,27.6,30.0,25.6,1.1,81.0,70.0,9.4,31.25,Caution,31,12,2025,365,1,Cool Dry,Neutral,0,3.6499999999999986,0
2026-01-01 08:00:00,26.4,30.5,23.9,17.1,95.0,80.0,6.9,29.41,Caution,1,1,2026,1,1,Cool Dry,Neutral,0,3.0100000000000016,0
2026-01-02 08:00:00,24.7,27.6,23.4,13.8,94.0,85.0,9.6,25.68,Normal,2,1,2026,2,1,Cool Dry,Neutral,0,0.9800000000000004,0
2026-01-03 08:00:00,24.7,27.4,22.5,0.0,89.0,76.0,17.3,25.55,Normal,3,1,2026,3,1,Cool Dry,Neutral,0,0.8500000000000014,0
2026-01-04 08:00:00,25.3,28.6,22.9,0.0,87.0,75.0,12.4,26.16,Normal,4,1,2026,4,1,Cool Dry,Neutral,0,0.8599999999999994,0
2026-01-05 08:00:00,25.7,28.9,24.0,2.0,92.0,80.0,10.0,27.33,Caution,5,1,2026,5,2,Cool Dry,Neutral,0,1.629999999999999,0
2026-01-06 08:00:00,25.5,27.4,23.9,1.7,92.0,84.0,12.6,26.51,Normal,6,1,2026,6,2,Cool Dry,Neutral,0,1.0100000000000016,0
2026-01-07 08:00:00,26.2,29.8,23.5,0.3,88.0,73.0,10.8,28.45,Caution,7,1,2026,7,2,Cool Dry,Neutral,0,2.25,0
2026-01-08 08:00:00,26.3,28.4,24.7,1.9,83.0,74.0,15.5,28.42,Caution,8,1,2026,8,2,Cool Dry,Neutral,0,2.120000000000001,0
2026-01-09 08:00:00,26.0,29.1,23.6,2.1,83.0,72.0,19.6,27.78,Caution,9,1,2026,9,2,Cool Dry,Neutral,0,1.7800000000000011,0
2026-01-10 08:00:00,26.5,30.3,24.0,1.3,86.0,75.0,9.1,29.07,Caution,10,1,2026,10,2,Cool Dry,Neutral,0,2.5700000000000003,0
2026-01-11 08:00:00,26.5,30.5,24.0,9.3,93.0,72.0,12.2,29.56,Caution,11,1,2026,11,2,Cool Dry,Neutral,0,3.0599999999999987,0
2026-01-12 08:00:00,26.5,30.5,23.9,0.0,86.0,70.0,18.6,29.07,Caution,12,1,2026,12,3,Cool Dry,Neutral,0,2.5700000000000003,0
2026-01-13 08:00:00,26.2,28.8,24.2,0.8,94.0,81.0,7.2,28.76,Caution,13,1,2026,13,3,Cool Dry,Neutral,0,2.5600000000000023,0
2026-01-14 08:00:00,25.9,29.8,23.6,1.8,90.0,80.0,15.3,27.79,Caution,14,1,2026,14,3,Cool Dry,Neutral,0,1.8900000000000006,0
2026-01-15 08:00:00,25.9,28.4,23.7,1.4,91.0,79.0,9.5,27.82,Caution,15,1,2026,15,3,Cool Dry,Neutral,0,1.9200000000000017,0
2026-01-16 08:00:00,27.1,31.1,23.8,0.0,84.0,66.0,8.7,30.37,Caution,16,1,2026,16,3,Cool Dry,Neutral,0,3.2699999999999996,0
2026-01-17 08:00:00,26.1,28.6,23.9,0.0,86.0,74.0,9.0,28.12,Caution,17,1,2026,17,3,Cool Dry,Neutral,0,2.0199999999999996,0
2026-01-18 08:00:00,27.1,29.8,25.0,0.2,83.0,71.0,13.9,30.27,Caution,18,1,2026,18,3,Cool Dry,Neutral,0,3.169999999999998,0
2026-01-19 08:00:00,27.0,29.8,24.0,1.2,83.0,70.0,11.2,30.03,Caution,19,1,2026,19,4,Cool Dry,Neutral,0,3.030000000000001,0
2026-01-20 08:00:00,26.7,30.2,24.0,1.6,82.0,68.0,10.5,29.24,Caution,20,1,2026,20,4,Cool Dry,Neutral,0,2.539999999999999,0
2026-01-21 08:00:00,26.1,30.5,22.8,0.9,75.0,61.0,13.6,27.65,Caution,21,1,2026,21,4,Cool Dry,Neutral,0,1.5499999999999972,0
2026-01-22 08:00:00,25.6,30.2,22.6,0.2,72.0,57.0,11.4,26.1,Normal,22,1,2026,22,4,Cool Dry,Neutral,0,0.5,0
2026-01-23 08:00:00,25.6,30.0,22.4,0.0,74.0,56.0,13.6,26.15,Normal,23,1,2026,23,4,Cool Dry,Neutral,0,0.5499999999999972,0
2026-01-24 08:00:00,25.5,29.2,22.4,0.1,77.0,60.0,11.8,26.12,Normal,24,1,2026,24,4,Cool Dry,Neutral,0,0.620000000000001,0
2026-01-25 08:00:00,26.1,30.1,23.0,0.0,79.0,62.0,12.3,27.82,Caution,25,1,2026,25,4,Cool Dry,Neutral,0,1.7199999999999989,0
2026-01-26 08:00:00,26.5,28.5,24.1,2.7,87.0,73.0,7.7,29.14,Caution,26,1,2026,26,5,Cool Dry,Neutral,0,2.6400000000000006,0
2026-01-27 08:00:00,26.0,29.1,23.5,3.5,87.0,76.0,7.4,27.93,Caution,27,1,2026,27,5,Cool Dry,Neutral,0,1.9299999999999997,0
2026-01-28 08:00:00,26.0,29.7,22.6,0.7,81.0,65.0,10.1,27.7,Caution,28,1,2026,28,5,Cool Dry,Neutral,0,1.6999999999999993,0
2026-01-29 08:00:00,26.0,30.4,22.6,0.2,80.0,62.0,15.9,27.66,Caution,29,1,2026,29,5,Cool Dry,Neutral,0,1.6600000000000001,0
2026-01-30 08:00:00,25.7,29.6,22.8,6.7,83.0,68.0,13.2,26.49,Normal,30,1,2026,30,5,Cool Dry,Neutral,0,0.7899999999999991,0
2026-01-31 08:00:00,26.0,30.1,23.5,0.4,75.0,62.0,6.7,26.61,Normal,31,1,2026,31,5,Cool Dry,Neutral,0,0.6099999999999994,0
2026-02-01 08:00:00,26.7,30.8,23.9,0.0,70.0,58.0,10.4,28.36,Caution,1,2,2026,32,5,Cool Dry,Neutral,0,1.6600000000000001,0
2026-02-02 08:00:00,27.2,30.8,23.9,0.0,75.0,58.0,9.9,29.68,Caution,2,2,2026,33,6,Cool Dry,Neutral,0,2.4800000000000004,0
2026-02-03 08:00:00,27.0,31.3,23.4,0.0,75.0,57.0,14.2,29.28,Caution,3,2,2026,34,6,Cool Dry,Neutral,0,2.280000000000001,0
2026-02-04 08:00:00,26.9,31.3,22.6,0.0,80.0,60.0,15.4,29.52,Caution,4,2,2026,35,6,Cool Dry,Neutral,0,2.620000000000001,0
2026-02-05 08:00:00,27.1,31.9,23.1,0.0,75.0,55.0,14.9,29.48,Caution,5,2,2026,36,6,Cool Dry,Neutral,0,2.379999999999999,0
2026-02-06 08:00:00,27.1,31.1,24.5,1.4,80.0,63.0,12.7,29.96,Caution,6,2,2026,37,6,Cool Dry,Neutral,0,2.8599999999999994,0
2026-02-07 08:00:00,26.4,28.9,25.2,5.2,89.0,78.0,13.2,29.02,Caution,7,2,2026,38,6,Cool Dry,Neutral,0,2.620000000000001,0
2026-02-08 08:00:00,25.0,27.2,23.0,3.6,84.0,77.0,13.2,25.75,Normal,8,2,2026,39,6,Cool Dry,Neutral,0,0.75,0
2026-02-09 08:00:00,24.5,27.2,22.4,0.0,89.0,74.0,11.5,25.33,Normal,9,2,2026,40,7,Cool Dry,Neutral,0,0.8299999999999983,0
2026-02-10 08:00:00,25.9,30.2,23.2,0.0,87.0,70.0,14.3,27.69,Caution,10,2,2026,41,7,Cool Dry,Neutral,0,1.7900000000000027,0
2026-02-11 08:00:00,26.9,30.0,25.0,0.3,79.0,70.0,7.1,29.43,Caution,11,2,2026,42,7,Cool Dry,Neutral,0,2.530000000000001,0
2026-02-12 08:00:00,27.0,30.9,24.5,1.3,80.0,66.0,13.0,29.74,Caution,12,2,2026,43,7,Cool Dry,Neutral,0,2.7399999999999984,0
2026-02-13 08:00:00,27.9,32.2,25.0,0.7,83.0,65.0,15.0,32.3,Caution,13,2,2026,44,7,Cool Dry,Neutral,0,4.399999999999999,0
2026-02-14 08:00:00,25.2,28.9,23.7,28.5,96.0,90.0,9.4,26.28,Normal,14,2,2026,45,7,Cool Dry,Neutral,0,1.0800000000000018,0
2026-02-15 08:00:00,26.6,30.1,24.5,0.3,96.0,85.0,5.4,30.1,Caution,15,2,2026,46,7,Cool Dry,Neutral,0,3.5,0
2026-02-16 08:00:00,27.1,30.9,24.6,0.7,91.0,81.0,9.3,31.55,Caution,16,2,2026,47,8,Cool Dry,Neutral,0,4.449999999999999,0
2026-02-17 08:00:00,27.1,30.9,24.2,1.2,88.0,75.0,13.2,31.01,Caution,17,2,2026,48,8,Cool Dry,Neutral,0,3.91,0
2026-02-18 08:00:00,27.1,32.1,24.0,0.0,76.0,62.0,17.5,29.57,Caution,18,2,2026,49,8,Cool Dry,Neutral,0,2.469999999999999,0
2026-02-19 08:00:00,27.5,32.8,24.5,0.0,73.0,59.0,20.7,30.06,Caution,19,2,2026,50,8,Cool Dry,Neutral,0,2.5599999999999987,0
2026-02-20 08:00:00,27.2,30.5,24.4,0.8,76.0,63.0,10.7,29.78,Caution,20,2,2026,51,8,Cool Dry,Neutral,0,2.580000000000002,0
2026-02-21 08:00:00,27.2,31.0,24.1,0.0,77.0,62.0,16.8,29.88,Caution,21,2,2026,52,8,Cool Dry,Neutral,0,2.6799999999999997,0
2026-02-22 08:00:00,27.5,31.5,24.6,0.0,75.0,62.0,11.4,30.29,Caution,22,2,2026,53,8,Cool Dry,Neutral,0,2.789999999999999,0
2026-02-23 08:00:00,28.6,33.5,25.6,0.0,77.0,57.0,11.9,33.09,Extreme Caution,23,2,2026,54,9,Cool Dry,Neutral,0,4.490000000000002,0
2026-02-24 08:00:00,28.3,32.0,25.8,2.2,76.0,66.0,10.1,32.19,Caution,24,2,2026,55,9,Cool Dry,Neutral,0,3.889999999999997,0
2026-02-25 08:00:00,28.3,32.9,25.2,0.0,74.0,62.0,11.7,31.87,Caution,25,2,2026,56,9,Cool Dry,Neutral,0,3.5700000000000003,0
2026-02-26 08:00:00,27.5,32.2,24.0,0.0,81.0,66.0,20.5,31.01,Caution,26,2,2026,57,9,Cool Dry,Neutral,0,3.5100000000000016,0
2026-02-27 08:00:00,27.8,32.9,24.5,0.0,81.0,66.0,13.1,31.75,Caution,27,2,2026,58,9,Cool Dry,Neutral,0,3.9499999999999993,0
2026-02-28 08:00:00,28.1,33.0,24.7,0.0,74.0,60.0,14.4,31.43,Caution,28,2,2026,59,9,Cool Dry,Neutral,0,3.3299999999999983,0
2026-03-01 08:00:00,28.7,32.1,26.0,0.9,78.0,64.0,12.7,33.53,Extreme Caution,1,3,2026,60,9,Dry,Neutral,0,4.830000000000002,0
2026-03-02 08:00:00,28.2,31.6,25.1,1.0,83.0,71.0,13.6,33.11,Extreme Caution,2,3,2026,61,10,Dry,Neutral,0,4.91,0
2026-03-03 08:00:00,28.3,33.4,23.6,0.0,81.0,63.0,19.0,33.04,Extreme Caution,3,3,2026,62,10,Dry,Neutral,0,4.739999999999998,0
2026-03-04 08:00:00,28.4,33.1,25.2,0.0,72.0,61.0,16.3,31.77,Caution,4,3,2026,63,10,Dry,Neutral,0,3.370000000000001,0
2026-03-05 08:00:00,28.5,32.0,25.5,0.5,79.0,63.0,13.9,33.2,Extreme Caution,5,3,2026,64,10,Dry,Neutral,0,4.700000000000003,0
2026-03-06 08:00:00,28.5,31.5,25.8,0.7,77.0,63.0,12.4,32.84,Caution,6,3,2026,65,10,Dry,Neutral,0,4.340000000000003,0
2026-03-07 08:00:00,28.5,32.5,25.6,0.4,74.0,60.0,12.5,32.32,Caution,7,3,2026,66,10,Dry,Neutral,0,3.8200000000000003,0
2026-03-08 08:00:00,27.7,31.9,24.8,3.0,75.0,64.0,17.7,30.71,Caution,8,3,2026,67,10,Dry,Neutral,0,3.0100000000000016,0
2026-03-09 08:00:00,27.9,32.2,25.1,0.0,63.0,55.0,16.3,29.63,Caution,9,3,2026,68,11,Dry,Neutral,0,1.7300000000000004,0
2026-03-10 08:00:00,27.1,32.0,23.8,0.0,70.0,55.0,13.3,29.03,Caution,10,3,2026,69,11,Dry,Neutral,0,1.9299999999999997,0
2026-03-11 08:00:00,26.8,30.9,23.8,1.0,70.0,58.0,15.1,28.52,Caution,11,3,2026,70,11,Dry,Neutral,0,1.7199999999999989,0
2026-03-12 08:00:00,26.9,30.6,23.7,1.8,78.0,61.0,12.4,29.35,Caution,12,3,2026,71,11,Dry,Neutral,0,2.450000000000003,0
2026-03-13 08:00:00,25.4,29.9,22.1,0.6,63.0,55.0,17.5,25.64,Normal,13,3,2026,72,11,Dry,Neutral,0,0.240000000000002,0
2026-03-14 08:00:00,25.0,29.1,21.4,0.0,68.0,50.0,20.3,25.33,Normal,14,3,2026,73,11,Dry,Neutral,0,0.3299999999999983,0
2026-03-15 08:00:00,25.2,29.6,22.2,0.0,67.0,53.0,16.3,25.53,Normal,15,3,2026,74,11,Dry,Neutral,0,0.33000000000000185,0
2026-03-16 08:00:00,26.1,30.4,23.1,0.0,74.0,57.0,16.4,27.61,Caution,16,3,2026,75,12,Dry,Neutral,0,1.509999999999998,0
2026-03-17 08:00:00,26.6,29.9,23.9,2.2,81.0,66.0,13.0,28.95,Caution,17,3,2026,76,12,Dry,Neutral,0,2.349999999999998,0
2026-03-18 08:00:00,27.2,30.5,24.5,3.6,78.0,64.0,10.5,29.98,Caution,18,3,2026,77,12,Dry,Neutral,0,2.780000000000001,0
2026-03-19 08:00:00,27.4,31.9,23.7,1.4,79.0,60.0,13.1,30.53,Caution,19,3,2026,78,12,Dry,Neutral,0,3.1300000000000026,0
2026-03-20 08:00:00,27.3,31.5,24.3,0.0,72.0,58.0,12.1,29.57,Caution,20,3,2026,79,12,Dry,Neutral,0,2.2699999999999996,0
2026-03-21 08:00:00,27.5,32.2,23.9,0.1,77.0,58.0,13.3,30.52,Caution,21,3,2026,80,12,Dry,Neutral,0,3.0199999999999996,0
2026-03-22 08:00:00,27.4,32.0,24.0,0.9,72.0,58.0,16.4,29.76,Caution,22,3,2026,81,12,Dry,Neutral,0,2.360000000000003,0
2026-03-23 08:00:00,27.3,32.7,23.1,0.0,71.0,57.0,14.0,29.47,Caution,23,3,2026,82,13,Dry,Neutral,0,2.169999999999998,0
2026-03-24 08:00:00,27.9,32.3,25.0,0.0,72.0,56.0,19.9,30.73,Caution,24,3,2026,83,13,Dry,Neutral,0,2.830000000000002,0
2026-03-25 08:00:00,28.5,31.3,26.2,0.6,75.0,63.0,14.5,32.49,Caution,25,3,2026,84,13,Dry,Neutral,0,3.990000000000002,0
2026-03-26 08:00:00,28.1,32.3,24.8,1.4,81.0,68.0,20.0,32.51,Caution,26,3,2026,85,13,Dry,Neutral,0,4.409999999999997,0
2026-03-27 08:00:00,28.0,32.2,24.8,0.0,81.0,67.0,18.3,32.25,Caution,27,3,2026,86,13,Dry,Neutral,0,4.25,0
2026-03-28 08:00:00,28.7,32.5,25.0,0.3,81.0,64.0,10.4,34.12,Extreme Caution,28,3,2026,87,13,Dry,Neutral,0,5.419999999999998,0
2026-03-29 08:00:00,28.6,32.5,25.3,1.1,75.0,63.0,14.0,32.73,Caution,29,3,2026,88,13,Dry,Neutral,0,4.1299999999999955,0
2026-03-30 08:00:00,29.0,33.4,25.6,0.0,77.0,61.0,15.9,34.1,Extreme Caution,30,3,2026,89,14,Dry,Neutral,0,5.100000000000001,0
2026-03-31 08:00:00,28.9,33.4,24.9,0.4,76.0,58.0,19.4,33.65,Extreme Caution,31,3,2026,90,14,Dry,Neutral,0,4.75,0
2026-04-01 08:00:00,28.6,32.7,24.2,0.0,82.0,60.0,18.2,34.04,Extreme Caution,1,4,2026,91,14,Dry,Neutral,0,5.439999999999998,0
2026-04-02 08:00:00,28.8,34.3,24.4,0.0,73.0,53.0,16.5,32.83,Caution,2,4,2026,92,14,Dry,Neutral,0,4.029999999999998,0
2026-04-03 08:00:00,28.9,33.5,24.9,0.0,74.0,53.0,18.2,33.25,Extreme Caution,3,4,2026,93,14,Dry,Neutral,0,4.350000000000001,0
2026-04-04 08:00:00,29.4,33.2,26.5,0.0,74.0,56.0,14.7,34.48,Extreme Caution,4,4,2026,94,14,Dry,Neutral,0,5.079999999999998,0
2026-04-05 08:00:00,30.0,35.0,25.8,0.0,74.0,54.0,13.4,36.04,Extreme Caution,5,4,2026,95,14,Dry,Neutral,0,6.039999999999999,0
2026-04-06 08:00:00,30.2,35.4,25.9,0.0,79.0,56.0,15.2,37.99,Extreme Caution,6,4,2026,96,15,Dry,Neutral,0,7.790000000000003,0
2026-04-07 08:00:00,30.2,34.6,27.0,0.1,75.0,58.0,14.7,36.85,Extreme Caution,7,4,2026,97,15,Dry,Neutral,0,6.650000000000002,0
2026-04-08 08:00:00,29.7,34.7,24.5,0.0,71.0,54.0,12.3,34.54,Extreme Caution,8,4,2026,98,15,Dry,Neutral,0,4.84,0
2026-04-09 08:00:00,29.6,33.4,26.8,0.6,76.0,61.0,17.4,35.47,Extreme Caution,9,4,2026,99,15,Dry,Neutral,0,5.869999999999997,0
2026-04-10 08:00:00,30.0,33.5,27.0,0.1,78.0,62.0,15.5,37.11,Extreme Caution,10,4,2026,100,15,Dry,Neutral,0,7.109999999999999,0
2026-04-11 08:00:00,29.7,33.8,26.1,0.1,78.0,63.0,15.8,36.24,Extreme Caution,11,4,2026,101,15,Dry,Neutral,0,6.540000000000003,0
2026-04-12 08:00:00,29.5,33.9,26.0,0.0,73.0,57.0,14.1,34.51,Extreme Caution,12,4,2026,102,15,Dry,Neutral,0,5.009999999999998,0
2026-04-13 08:00:00,30.1,34.2,26.9,0.0,71.0,55.0,13.9,35.53,Extreme Caution,13,4,2026,103,16,Dry,Neutral,0,5.43,0
2026-04-14 08:00:00,29.3,33.5,25.4,0.0,75.0,59.0,18.6,34.45,Extreme Caution,14,4,2026,104,16,Dry,Neutral,0,5.150000000000002,0
2026-04-15 08:00:00,29.6,33.8,25.2,0.0,72.0,53.0,13.9,34.53,Extreme Caution,15,4,2026,105,16,Dry,Neutral,0,4.93,0
2026-04-16 08:00:00,30.0,34.3,27.2,0.2,69.0,56.0,16.1,34.8,Extreme Caution,16,4,2026,106,16,Dry,Neutral,0,4.799999999999997,0
2026-04-17 08:00:00,30.0,34.25,26.6,0.3,73.0,58.0,12.4,35.78,Extreme Caution,17,4,2026,107,16,Dry,Neutral,0,5.780000000000001,0
2026-04-18 08:00:00,30.2,34.2,26.8,0.3,73.0,58.0,14.5,36.31,Extreme Caution,18,4,2026,108,16,Dry,Neutral,0,6.110000000000003,0
2026-04-19 08:00:00,29.6,33.3,26.6,2.5,72.0,58.0,12.0,34.53,Extreme Caution,19,4,2026,109,16,Dry,Neutral,0,4.93,0
2026-04-20 08:00:00,30.0,34.0,26.2,0.3,73.0,56.0,17.5,35.78,Extreme Caution,20,4,2026,110,17,Dry,Neutral,0,5.780000000000001,0
2026-04-21 08:00:00,30.1,34.8,26.1,0.0,71.0,55.0,18.7,35.53,Extreme Caution,21,4,2026,111,17,Dry,Neutral,0,5.43,0
2026-04-22 08:00:00,30.2,34.7,26.0,0.0,77.0,54.0,18.6,37.41,Extreme Caution,22,4,2026,112,17,Dry,Neutral,0,7.209999999999997,0
2026-04-23 08:00:00,30.4,34.2,26.9,0.0,74.0,56.0,18.7,37.13,Extreme Caution,23,4,2026,113,17,Dry,Neutral,0,6.730000000000004,0
2026-04-24 08:00:00,30.6,34.8,27.0,0.0,75.0,56.0,17.7,37.99,Extreme Caution,24,4,2026,114,17,Dry,Neutral,0,7.390000000000001,0
2026-04-25 08:00:00,30.9,35.4,27.5,0.7,73.0,56.0,18.4,38.24,Extreme Caution,25,4,2026,115,17,Dry,Neutral,0,7.340000000000003,0
2026-04-26 08:00:00,31.0,35.4,27.9,0.3,69.0,57.0,14.0,37.3,Extreme Caution,26,4,2026,116,17,Dry,Neutral,0,6.299999999999997,0
2026-04-27 08:00:00,30.9,35.5,27.8,0.5,71.0,57.0,16.7,37.63,Extreme Caution,27,4,2026,117,18,Dry,Neutral,0,6.730000000000004,0
2026-04-28 08:00:00,30.6,34.6,26.3,1.9,82.0,59.0,17.2,40.22,Extreme Caution,28,4,2026,118,18,Dry,Neutral,0,9.619999999999997,0
2026-04-29 08:00:00,31.0,34.9,26.8,0.3,66.0,52.0,11.8,36.43,Extreme Caution,29,4,2026,119,18,Dry,Neutral,0,5.43,0
2026-04-30 08:00:00,30.8,34.5,27.3,0.0,76.0,56.0,14.3,38.89,Extreme Caution,30,4,2026,120,18,Dry,Neutral,0,8.09,0
2026-05-01 08:00:00,31.3,35.9,28.0,0.0,65.0,54.0,14.7,36.88,Extreme Caution,1,5,2026,121,18,Dry,Neutral,0,5.580000000000002,0
2026-05-02 08:00:00,31.0,35.6,27.5,0.4,69.0,55.0,18.8,37.3,Extreme Caution,2,5,2026,122,18,Dry,Neutral,0,6.299999999999997,0
2026-05-03 08:00:00,30.9,35.0,27.0,0.0,70.0,57.0,15.9,37.33,Extreme Caution,3,5,2026,123,18,Dry,Neutral,0,6.43,0
2026-05-04 08:00:00,31.3,36.1,27.4,0.0,69.0,51.0,12.8,38.1,Extreme Caution,4,5,2026,124,19,Dry,Neutral,0,6.800000000000001,0
2026-05-05 08:00:00,31.1,35.0,28.0,1.0,72.0,56.0,12.7,38.49,Extreme Caution,5,5,2026,125,19,Dry,Neutral,0,7.390000000000001,0
2026-05-06 08:00:00,31.1,35.3,26.6,0.0,72.0,55.0,18.2,38.49,Extreme Caution,6,5,2026,126,19,Dry,Neutral,0,7.390000000000001,0
2026-05-07 08:00:00,31.7,36.5,28.5,0.1,72.0,56.0,16.9,40.24,Extreme Caution,7,5,2026,127,19,Dry,Neutral,0,8.540000000000003,0
2026-05-08 08:00:00,31.8,36.2,28.3,0.1,71.0,55.0,15.2,40.18,Extreme Caution,8,5,2026,128,19,Dry,Neutral,0,8.379999999999999,0
2026-05-09 08:00:00,31.6,36.2,28.0,0.9,72.0,55.0,13.8,39.94,Extreme Caution,9,5,2026,129,19,Dry,Neutral,0,8.339999999999996,0
2026-05-10 08:00:00,31.4,36.1,28.3,0.0,74.0,57.0,16.4,40.04,Extreme Caution,10,5,2026,130,19,Dry,Neutral,0,8.64,0
2026-05-11 08:00:00,31.4,35.7,28.5,0.1,74.0,61.0,16.3,40.04,Extreme Caution,11,5,2026,131,20,Dry,Neutral,0,8.64,0
2026-05-12 08:00:00,31.3,35.5,28.5,0.4,80.0,63.0,18.5,41.89,Extreme Caution,12,5,2026,132,20,Dry,Neutral,0,10.59,0
2026-05-13 08:00:00,31.5,34.2,29.5,0.1,72.0,62.0,15.0,39.65,Extreme Caution,13,5,2026,133,20,Dry,Neutral,0,8.149999999999999,0
2026-05-14 08:00:00,31.9,34.4,29.1,3.2,71.0,59.0,18.8,40.48,Extreme Caution,14,5,2026,134,20,Dry,Neutral,0,8.579999999999998,0
2026-05-15 08:00:00,30.3,35.8,24.8,12.8,91.0,68.0,14.5,42.26,Danger,15,5,2026,135,20,Dry,Neutral,0,11.959999999999997,1
2026-05-16 08:00:00,28.5,32.7,25.5,8.8,94.0,77.0,10.8,36.61,Extreme Caution,16,5,2026,136,20,Dry,Neutral,0,8.11,0
2026-05-17 08:00:00,30.6,35.7,27.6,4.0,78.0,64.0,11.1,38.92,Extreme Caution,17,5,2026,137,20,Dry,Neutral,0,8.32,0
2026-05-18 08:00:00,29.7,34.2,26.4,7.5,87.0,70.0,11.6,38.74,Extreme Caution,18,5,2026,138,21,Dry,Neutral,0,9.040000000000003,0
2026-05-19 08:00:00,29.5,31.5,27.6,5.5,85.0,73.0,9.0,37.47,Extreme Caution,19,5,2026,139,21,Dry,Neutral,0,7.969999999999999,0
2026-05-20 08:00:00,31.4,34.9,28.9,1.4,70.0,60.0,12.8,38.69,Extreme Caution,20,5,2026,140,21,Dry,Neutral,0,7.289999999999999,0
2026-05-21 08:00:00,32.3,35.6,29.2,1.2,72.0,58.0,13.0,42.08,Danger,21,5,2026,141,21,Dry,Neutral,0,9.780000000000001,1
2026-05-22 08:00:00,32.7,36.5,29.0,0.9,70.0,56.0,8.8,42.53,Danger,22,5,2026,142,21,Dry,Neutral,0,9.829999999999998,1
2026-05-23 08:00:00,32.2,36.5,28.0,2.1,76.0,57.0,7.4,43.38,Danger,23,5,2026,143,21,Dry,Neutral,0,11.18,1
2026-05-24 08:00:00,32.2,36.3,28.2,4.8,77.0,58.0,11.4,43.8,Danger,24,5,2026,144,21,Dry,Neutral,0,11.599999999999994,1
2026-05-25 08:00:00,31.3,36.0,27.0,3.0,84.0,64.0,14.5,43.44,Danger,25,5,2026,145,22,Dry,Neutral,0,12.139999999999997,1
2026-05-26 08:00:00,31.5,34.3,28.9,1.5,80.0,64.0,15.3,42.59,Danger,26,5,2026,146,22,Dry,Neutral,0,11.090000000000003,1
2026-05-27 08:00:00,31.9,34.7,28.7,0.8,77.0,61.0,13.8,42.78,Danger,27,5,2026,147,22,Dry,Neutral,0,10.880000000000003,1
2026-05-28 08:00:00,31.1,35.2,27.8,3.0,85.0,68.0,14.5,43.09,Danger,28,5,2026,148,22,Dry,Neutral,0,11.990000000000002,1
2026-05-29 08:00:00,30.5,33.7,27.6,3.6,83.0,71.0,18.0,40.21,Extreme Caution,29,5,2026,149,22,Dry,Neutral,0,9.71,0
2026-05-30 08:00:00,29.1,33.2,24.4,4.1,99.0,77.0,20.4,40.28,Extreme Caution,30,5,2026,150,22,Dry,Neutral,0,11.18,0
2026-05-31 08:00:00,29.2,31.9,26.5,6.2,88.0,76.0,22.2,37.34,Extreme Caution,31,5,2026,151,22,Dry,Neutral,0,8.140000000000004,0
