latitude,longitude,elevation,utc_offset_seconds,timezone,timezone_abbreviation
14.586995,121.002785,9.0,0,GMT,GMT

time,temperature_2m_mean (°C),temperature_2m_max (°C),temperature_2m_min (°C),precipitation_sum (mm),relative_humidity_2m_max (%),relative_humidity_2m_mean (%),wind_speed_10m_max (km/h)
2015-01-01,22.1,23.7,21.4,16.9,85.0,81.0,25.0
2015-01-02,23.4,25.6,22.2,0.0,82.0,74.0,33.4
2015-01-03,23.8,26.5,22.0,0.0,89.0,78.0,26.8
2015-01-04,24.1,27.8,21.2,0.0,95.0,81.0,18.1
2015-01-05,24.6,28.2,21.6,0.1,96.0,83.0,15.3
2015-01-06,24.8,27.9,21.9,0.0,95.0,82.0,11.1
2015-01-07,24.6,27.7,22.6,0.1,85.0,75.0,16.5
2015-01-08,24.1,26.7,22.5,0.3,84.0,75.0,28.8
2015-01-09,23.2,25.8,21.3,0.2,80.0,74.0,30.6
2015-01-10,23.1,25.5,21.3,0.0,85.0,73.0,27.8
2015-01-11,23.5,25.7,22.0,0.0,84.0,75.0,26.7
2015-01-12,23.6,26.2,22.0,0.0,87.0,76.0,26.2
2015-01-13,24.1,27.2,21.8,0.0,94.0,79.0,18.8
2015-01-14,24.2,27.5,21.3,0.2,96.0,82.0,10.7
2015-01-15,24.5,27.7,22.0,0.1,89.0,78.0,16.1
2015-01-16,24.2,27.6,21.7,0.0,82.0,75.0,21.3
2015-01-16,24.2,27.6,21.7,0.0,82.0,75.0,21.3
2015-01-17,23.4,26.0,21.3,1.8,79.0,70.0,21.5
2015-01-18,21.7,23.1,21.0,42.0,92.0,86.0,18.1
2015-01-19,24.7,27.7,22.3,0.0,94.0,84.0,8.2
2015-01-20,24.9,28.2,21.9,0.0,97.0,83.0,7.0
2015-01-21,25.0,27.9,22.6,0.0,96.0,85.0,11.2
2015-01-22,24.5,27.2,22.7,0.0,88.0,80.0,12.3
2015-01-23,23.2,25.5,21.8,0.0,79.0,73.0,27.2
2015-01-24,23.4,25.2,22.4,0.0,77.0,70.0,27.0
2015-01-25,23.8,27.4,20.9,0.0,91.0,75.0,21.3
2015-01-26,23.5,27.8,19.8,0.0,95.0,79.0,18.4
2015-01-27,24.3,28.2,21.0,0.0,93.0,77.0,12.5
2015-01-28,24.7,28.5,21.5,0.0,95.0,80.0,13.4
2015-01-29,24.7,28.1,21.7,0.0,93.0,80.0,17.0
2015-01-30,24.6,27.7,22.7,0.0,84.0,75.0,16.7
2015-01-31,24.3,27.1,22.3,0.0,77.0,67.0,28.4
2015-02-01,23.7,26.3,21.8,0.0,77.0,72.0,30.6
2015-02-02,23.5,26.3,21.5,0.0,79.0,68.0,32.7
2015-02-03,22.8,26.2,19.7,0.0,90.0,71.0,25.6
2015-02-04,23.2,26.7,20.3,0.0,93.0,76.0,18.2
2015-02-05,23.8,27.7,20.3,0.0,93.0,74.0,14.2
2015-02-06,23.6,27.2,20.3,0.0,94.0,76.0,15.3
2015-02-07,24.3,28.0,20.8,0.2,96.0,78.0,10.4
2015-02-08,24.7,28.9,21.3,0.0,92.0,76.0,9.4
2015-02-09,24.7,28.5,22.2,0.0,81.0,69.0,16.8
2015-02-10,23.9,27.5,20.8,0.0,91.0,74.0,22.4
2015-02-11,24.2,27.5,21.3,0.5,94.0,78.0,15.4
2015-02-12,25.4,28.6,23.2,0.1,86.0,75.0,9.4
2015-02-13,25.2,27.7,23.5,0.6,84.0,74.0,18.6
2015-02-14,24.5,26.6,23.4,6.0,90.0,84.0,21.8
2015-02-15,25.1,27.6,23.1,1.6,92.0,81.0,15.0
2015-02-16,25.2,28.8,22.1,0.0,93.0,79.0,14.8
2015-02-17,25.5,29.2,23.2,0.0,87.0,73.0,15.7
2015-02-17,25.5,29.2,23.2,0.0,87.0,73.0,15.7
2015-02-18,25.2,28.4,22.4,0.0,88.0,72.0,20.5
2015-02-19,24.8,27.4,23.1,0.0,82.0,74.0,21.7
2015-02-20,24.3,27.2,22.5,0.0,81.0,71.0,29.4
2015-02-21,24.5,27.6,21.9,0.0,85.0,71.0,22.4
2015-02-22,24.2,28.4,20.0,0.0,92.0,71.0,20.2
2015-02-23,24.6,29.0,20.6,0.0,94.0,71.0,21.3
2015-02-24,25.3,29.0,21.9,0.0,95.0,75.0,16.0
2015-02-25,26.1,30.5,22.7,0.0,93.0,74.0,18.7
2015-02-26,26.4,30.2,23.3,0.0,92.0,73.0,19.2
2015-02-27,26.2,30.4,22.7,0.0,90.0,71.0,23.1
2015-02-28,25.9,30.4,22.0,0.0,94.0,73.0,25.1
2015-03-01,25.8,30.2,21.6,0.0,90.0,69.0,16.2
2015-03-02,25.5,29.5,22.1,0.0,88.0,67.0,23.4
2015-03-03,25.6,30.2,,0.0,91.0,67.0,16.5
2015-03-04,26.6,31.5,22.6,0.0,93.0,70.0,13.8
2015-03-05,26.0,29.8,22.6,0.0,92.0,73.0,20.0
2015-03-06,26.6,31.2,23.6,0.0,85.0,68.0,16.8
2015-03-07,26.4,30.9,22.7,0.0,90.0,72.0,21.2
2015-03-08,25.2,30.0,20.6,0.0,91.0,67.0,23.1
2015-03-09,25.5,30.7,21.2,0.0,89.0,66.0,14.6
2015-03-10,25.7,29.2,23.2,0.0,83.0,64.0,25.3
2015-03-11,25.3,28.2,23.5,0.0,86.0,73.0,23.2
2015-03-12,25.7,29.0,23.4,0.0,86.0,73.0,16.6
2015-03-13,26.0,29.5,23.1,0.0,86.0,71.0,20.0
2015-03-14,26.3,30.4,23.6,0.0,85.0,71.0,21.6
2015-03-15,26.2,30.5,22.5,0.0,91.0,71.0,20.2
2015-03-16,25.5,29.7,21.3,0.0,89.0,70.0,18.1
2015-03-17,25.2,30.0,20.4,0.0,91.0,65.0,16.9
2015-03-18,26.1,30.5,21.4,0.0,89.0,64.0,10.2
2015-03-19,26.8,31.7,22.2,0.0,89.0,62.0,13.0
2015-03-20,27.1,30.4,24.8,0.0,84.0,67.0,9.7
2015-03-21,27.2,30.2,25.3,4.2,92.0,78.0,9.9
2015-03-22,27.1,30.0,25.0,0.2,86.0,75.0,16.6
2015-03-23,26.4,29.1,24.1,0.0,88.0,76.0,19.4
2015-03-24,26.7,29.6,24.4,0.0,82.0,70.0,20.5
2015-03-25,26.6,29.7,24.4,0.0,82.0,71.0,26.4
2015-03-26,26.7,29.8,24.5,0.2,83.0,72.0,26.1
2015-03-27,26.9,30.5,24.1,0.0,85.0,70.0,26.4
2015-03-28,26.9,30.9,23.7,0.0,89.0,70.0,19.9
2015-03-29,27.3,31.9,23.6,0.0,89.0,69.0,21.7
2015-03-30,27.4,31.7,24.2,0.0,86.0,68.0,24.8
2015-03-31,28.2,32.7,25.0,0.0,89.0,70.0,20.9
2015-04-01,28.0,32.5,24.8,0.0,88.0,73.0,21.7
2015-04-02,27.7,33.1,22.9,0.0,93.0,68.0,17.0
2015-04-03,27.8,32.9,23.3,0.0,87.0,64.0,16.7
2015-04-04,29.1,33.6,26.4,0.0,85.0,66.0,18.7
2015-04-05,27.6,30.2,25.3,3.3,90.0,76.0,15.1
2015-04-06,28.5,32.7,25.2,0.0,87.0,69.0,15.5
2015-04-07,27.2,31.5,23.5,0.0,87.0,67.0,22.7
2015-04-08,27.5,31.8,24.5,0.0,83.0,66.0,19.9
2015-04-09,27.0,31.2,23.1,0.0,88.0,67.0,21.1
2015-04-10,27.3,31.2,23.8,0.0,87.0,68.0,18.6
2015-04-11,27.3,31.7,23.1,0.0,90.0,68.0,18.7
2015-04-12,28.0,31.9,23.9,0.0,92.0,68.0,14.7
2015-04-13,28.5,32.3,25.1,0.0,84.0,65.0,8.5
2015-04-14,27.7,31.4,25.0,0.0,76.0,66.0,19.8
2015-04-14,27.7,31.4,25.0,0.0,76.0,66.0,19.8
2015-04-15,27.7,30.9,25.5,0.0,83.0,69.0,23.6
2015-04-16,28.6,33.0,25.4,0.1,87.0,71.0,13.8
2015-04-17,28.6,32.9,25.8,0.1,85.0,69.0,17.7
2015-04-18,28.8,33.3,25.4,0.3,92.0,71.0,23.6
2015-04-19,29.4,33.8,26.1,1.4,91.0,72.0,11.4
2015-04-20,29.6,33.1,26.5,0.7,86.0,70.0,10.4
2015-04-21,28.7,32.6,26.0,1.9,88.0,75.0,14.8
2015-04-22,28.6,32.5,25.9,0.1,82.0,68.0,21.2
2015-04-23,28.1,32.0,25.2,0.0,85.0,68.0,23.0
2015-04-24,28.4,32.5,25.4,0.1,84.0,68.0,18.4
2015-04-25,28.6,33.1,25.5,0.0,83.0,66.0,20.0
2015-04-26,28.5,33.1,24.6,0.0,91.0,68.0,18.9
2015-04-27,28.9,33.0,25.6,0.0,86.0,68.0,17.3
2015-04-28,29.7,33.9,25.8,0.0,87.0,62.0,10.0
2015-04-29,29.7,34.0,25.4,0.0,89.0,65.0,9.4
2015-04-30,29.9,34.7,26.2,0.0,84.0,63.0,8.7
2015-05-01,30.1,34.7,26.0,0.0,83.0,60.0,14.0
2015-05-02,29.6,33.6,26.2,0.7,89.0,69.0,12.3
2015-05-03,28.6,31.4,26.1,2.9,90.0,75.0,9.5
2015-05-04,28.3,32.6,25.4,7.6,93.0,78.0,10.2
2015-05-05,29.1,32.7,26.2,0.6,90.0,72.0,6.8
2015-05-06,29.0,33.0,26.0,0.7,90.0,73.0,9.6
2015-05-07,28.6,32.2,25.8,4.3,91.0,76.0,7.3
2015-05-08,29.0,32.5,25.3,0.4,93.0,73.0,9.2
2015-05-09,28.9,32.5,26.6,1.2,85.0,74.0,16.9
2015-05-10,28.4,30.8,26.6,0.0,87.0,76.0,22.9
2015-05-11,29.0,31.9,26.1,0.6,90.0,75.0,13.7
2015-05-12,29.3,33.0,26.7,0.1,85.0,72.0,10.8
2015-05-13,29.2,33.3,26.2,0.0,85.0,68.0,19.5
2015-05-14,29.1,32.6,26.0,0.0,85.0,68.0,19.1
2015-05-15,29.0,32.6,25.8,0.0,88.0,70.0,16.7
2015-05-16,29.6,33.6,25.4,0.0,85.0,64.0,9.8
2015-05-17,29.2,33.4,25.2,0.0,88.0,64.0,12.6
2015-05-18,29.7,33.8,26.6,0.2,82.0,62.0,15.6
2015-05-19,29.3,33.1,25.7,0.0,90.0,68.0,17.4
2015-05-20,29.3,32.4,26.2,0.1,91.0,73.0,16.1
2015-05-21,28.9,33.0,25.9,1.6,89.0,74.0,11.6
2015-05-22,29.4,33.1,26.3,0.5,89.0,72.0,10.8
2015-05-23,28.8,32.4,26.3,1.4,90.0,76.0,12.3
2015-05-24,28.9,32.9,26.0,0.7,91.0,75.0,15.8
2015-05-25,29.0,33.1,26.1,2.5,91.0,75.0,15.7
2015-05-26,28.7,31.8,26.3,1.5,88.0,76.0,13.3
2015-05-27,28.8,32.3,26.2,1.3,90.0,75.0,13.6
2015-05-28,29.4,32.3,27.3,0.5,86.0,73.0,15.0
2015-05-29,29.4,32.8,27.5,2.6,84.0,73.0,13.0
2015-05-30,28.9,32.3,26.1,1.4,90.0,76.0,14.1
2015-05-31,29.4,32.9,26.7,0.0,87.0,73.0,9.0
2015-06-01,30.0,34.1,26.9,0.0,86.0,67.0,13.5
2015-06-02,29.8,33.4,26.5,0.0,88.0,69.0,16.9
2015-06-03,29.2,33.5,25.9,0.4,91.0,71.0,7.7
2015-06-04,29.4,33.2,26.0,0.3,89.0,71.0,9.8
2015-06-05,29.1,32.1,26.4,1.2,86.0,72.0,14.4
2015-06-06,29.4,33.1,26.3,1.0,90.0,71.0,13.1
2015-06-07,29.7,33.9,26.3,1.2,89.0,71.0,9.4
2015-06-08,29.2,33.4,26.5,1.7,91.0,75.0,8.2
2015-06-09,28.7,32.3,26.1,1.7,91.0,77.0,8.2
2015-06-10,29.2,32.6,26.1,4.9,88.0,73.0,8.7
2015-06-11,28.9,31.2,26.9,1.0,89.0,77.0,8.6
2015-06-12,29.6,33.2,26.9,0.4,85.0,72.0,13.7
2015-06-13,29.3,32.4,26.7,0.3,88.0,72.0,13.5
2015-06-14,29.6,32.9,26.9,0.0,85.0,69.0,14.8
2015-06-15,29.6,33.4,26.6,1.0,84.0,69.0,17.6
2015-06-16,28.8,32.6,26.1,2.0,88.0,74.0,15.5
2015-06-17,27.9,32.1,25.5,9.8,92.0,79.0,8.2
2015-06-18,27.8,31.1,25.8,6.5,92.0,81.0,10.9
2015-06-19,27.5,30.7,25.7,3.4,90.0,82.0,11.2
2015-06-20,26.9,29.3,25.4,12.5,93.0,86.0,13.4
2015-06-21,26.7,28.1,25.7,8.2,92.0,87.0,14.0
2015-06-22,27.6,30.4,25.8,1.5,91.0,82.0,17.4
2015-06-23,27.6,30.1,25.7,5.1,90.0,81.0,13.5
2015-06-24,27.7,31.2,25.2,8.8,92.0,82.0,13.0
2015-06-25,27.9,30.6,25.7,0.6,93.0,82.0,14.8
2015-06-26,27.6,30.4,24.8,2.0,94.0,82.0,13.7
2015-06-27,28.1,31.0,25.9,2.8,90.0,78.0,10.4
2015-06-28,28.2,30.9,25.5,1.9,94.0,80.0,14.4
2015-06-29,27.6,30.3,25.3,5.7,93.0,82.0,13.7
2015-06-30,27.7,30.8,25.2,2.6,94.0,81.0,14.1
2015-07-01,27.5,30.7,25.4,2.0,91.0,82.0,16.0
2015-07-02,27.3,29.9,25.4,2.3,91.0,82.0,19.8
2015-07-03,27.6,29.9,25.5,4.8,93.0,82.0,18.8
2015-07-04,26.8,29.1,25.6,10.4,93.0,88.0,24.4
2015-07-05,25.8,26.7,24.9,26.0,93.0,91.0,25.0
2015-07-06,26.2,27.1,25.5,9.9,93.0,88.0,30.3
2015-07-07,26.7,29.1,25.4,6.0,93.0,87.0,28.3
2015-07-08,26.4,28.8,25.3,11.8,94.0,88.0,28.5
2015-07-09,25.7,26.7,25.2,37.3,93.0,91.0,27.9
2015-07-10,25.5,26.6,24.7,24.7,92.0,90.0,35.9
2015-07-11,26.0,27.5,25.0,7.9,92.0,87.0,33.1
2015-07-12,26.6,28.5,25.2,5.7,93.0,87.0,25.8
2015-07-13,27.0,29.3,25.3,1.0,94.0,84.0,22.4
2015-07-14,27.4,29.3,26.4,1.5,89.0,84.0,24.2
2015-07-15,27.2,29.2,25.5,2.5,93.0,84.0,25.8
2015-07-16,26.4,28.0,25.4,6.4,93.0,88.0,23.3
2015-07-17,26.3,28.2,25.1,8.6,94.0,89.0,28.3
2015-07-18,27.1,29.0,25.1,1.5,93.0,79.0,20.6
2015-07-18,27.1,29.0,25.1,1.5,93.0,79.0,20.6
2015-07-19,27.7,30.9,24.8,0.0,96.0,81.0,12.4
2015-07-20,28.2,31.1,24.5,0.0,95.0,80.0,8.4
2015-07-21,28.2,31.1,25.4,0.8,92.0,77.0,7.1
2015-07-22,26.9,29.1,25.2,3.6,93.0,85.0,15.1
2015-07-23,27.4,30.1,25.5,0.5,89.0,79.0,18.8
2015-07-24,26.7,29.5,25.0,4.3,94.0,85.0,17.3
2015-07-25,27.2,29.8,25.3,3.2,91.0,82.0,11.9
2015-07-26,26.7,29.9,24.3,6.1,94.0,84.0,10.1
2015-07-27,26.2,29.1,24.6,10.3,94.0,86.0,6.3
2015-07-28,26.8,29.0,24.7,1.4,92.0,83.0,7.2
2015-07-29,27.5,30.1,24.6,0.3,92.0,78.0,5.0
2015-07-30,,30.9,25.2,2.9,92.0,80.0,7.9
2015-07-31,28.0,31.7,24.7,0.4,89.0,76.0,11.1
2015-08-01,27.4,30.2,24.8,10.1,93.0,81.0,9.4
2015-08-02,27.3,29.7,25.3,5.0,91.0,81.0,7.2
2015-08-03,27.4,30.0,25.3,1.8,91.0,81.0,5.0
2015-08-04,27.4,30.8,24.7,2.8,93.0,81.0,6.8
2015-08-05,27.0,30.1,24.8,3.4,96.0,85.0,15.3
2015-08-06,27.0,29.6,25.6,2.7,90.0,84.0,21.4
2015-08-07,27.2,29.2,25.3,4.0,91.0,84.0,25.4
2015-08-08,26.6,28.8,25.2,3.1,92.0,85.0,25.6
2015-08-09,26.6,29.0,25.0,4.7,93.0,87.0,18.0
2015-08-10,26.7,28.1,25.2,4.8,94.0,86.0,19.5
2015-08-11,27.3,30.2,25.3,7.7,96.0,86.0,12.6
2015-08-12,27.3,,25.2,4.1,96.0,87.0,11.2
2015-08-13,27.1,30.8,24.7,16.8,94.0,84.0,6.2
2015-08-14,27.7,30.2,25.6,1.5,94.0,83.0,8.5
2015-08-15,27.8,31.3,25.1,2.4,94.0,81.0,9.4
2015-08-16,27.9,30.9,25.4,3.9,95.0,82.0,13.3
2015-08-17,28.3,30.9,25.9,0.7,91.0,81.0,10.8
2015-08-18,28.0,30.8,25.8,1.8,91.0,83.0,9.8
2015-08-19,28.0,30.9,25.8,5.0,90.0,80.0,23.1
2015-08-20,26.8,28.9,25.4,11.6,92.0,85.0,31.7
2015-08-21,26.0,27.7,25.2,13.8,92.0,88.0,36.3
2015-08-22,25.5,26.4,25.0,22.8,94.0,92.0,34.1
2015-08-23,26.0,27.5,25.1,9.6,93.0,88.0,34.9
2015-08-24,26.1,28.0,24.7,5.5,94.0,88.0,21.7
2015-08-25,26.9,28.9,25.8,2.6,92.0,85.0,19.2
2015-08-26,27.4,30.3,25.4,0.3,92.0,81.0,17.9
2015-08-27,27.6,30.7,25.1,0.7,94.0,82.0,11.2
2015-08-28,27.0,30.3,24.6,10.7,93.0,84.0,6.6
2015-08-29,26.9,29.8,25.2,21.1,93.0,84.0,7.9
2015-08-30,27.1,29.8,25.0,1.0,93.0,83.0,13.3
2015-08-31,26.8,28.8,25.3,1.5,93.0,84.0,9.1
2015-09-01,27.0,29.5,24.9,0.0,93.0,81.0,8.7
2015-09-02,27.4,30.2,25.3,4.3,93.0,83.0,5.3
2015-09-03,27.7,31.3,25.1,2.7,94.0,82.0,11.4
2015-09-04,27.2,30.7,24.6,8.7,94.0,83.0,6.0
2015-09-05,27.0,30.0,24.8,5.8,94.0,84.0,7.9
2015-09-06,27.0,30.3,25.1,3.8,94.0,85.0,14.0
2015-09-07,27.1,29.8,25.0,6.1,94.0,85.0,13.1
2015-09-08,27.1,,25.2,3.5,94.0,83.0,13.3
2015-09-09,26.9,29.5,25.1,2.7,93.0,86.0,14.9
2015-09-10,26.4,28.8,24.6,6.7,94.0,87.0,16.3
2015-09-11,26.1,28.1,24.8,14.5,95.0,88.0,11.6
2015-09-12,26.5,29.2,25.0,23.8,93.0,86.0,10.2
2015-09-13,26.4,29.4,24.8,31.7,94.0,88.0,9.5
2015-09-14,26.4,29.1,24.2,7.5,93.0,85.0,9.1
2015-09-14,26.4,29.1,24.2,7.5,93.0,85.0,9.1
2015-09-15,26.7,30.6,23.7,3.7,95.0,84.0,5.4
2015-09-16,27.0,30.4,24.8,1.8,93.0,84.0,5.8
2015-09-17,27.3,30.4,25.0,11.4,94.0,84.0,5.8
2015-09-18,27.8,30.5,25.2,1.1,93.0,81.0,6.6
2015-09-19,28.5,30.8,26.6,0.2,85.0,74.0,5.1
2015-09-20,27.4,30.6,25.1,7.6,93.0,82.0,6.1
2015-09-21,26.9,29.7,24.6,6.9,94.0,84.0,7.6
2015-09-22,26.8,29.5,24.7,8.1,93.0,84.0,11.3
2015-09-23,,29.2,25.4,2.8,92.0,86.0,15.9
2015-09-24,27.3,29.9,25.4,1.5,91.0,83.0,16.2
2015-09-25,27.5,30.2,25.9,1.9,90.0,83.0,14.8
2015-09-26,27.1,29.3,25.5,4.4,89.0,84.0,20.0
2015-09-27,26.7,28.5,25.3,6.4,93.0,87.0,22.4
2015-09-28,26.1,28.4,25.1,8.5,94.0,89.0,23.4
2015-09-29,26.8,29.3,25.1,5.8,93.0,85.0,16.6
2015-09-30,27.3,30.3,24.8,2.5,94.0,84.0,7.6
2015-10-01,26.0,28.7,24.7,85.0,94.0,89.0,30.6
2015-10-02,25.3,25.7,25.0,16.0,93.0,91.0,20.3
2015-10-03,27.5,30.5,24.5,0.1,94.0,81.0,10.6
2015-10-04,26.5,29.3,24.4,3.0,96.0,86.0,11.9
2015-10-05,27.3,30.0,25.1,0.6,94.0,83.0,15.1
2015-10-06,27.8,31.3,25.1,0.3,93.0,80.0,15.0
2015-10-07,27.5,30.0,25.1,1.3,92.0,82.0,5.8
2015-10-08,27.3,30.1,25.3,1.3,92.0,83.0,11.2
2015-10-09,27.2,29.8,24.8,0.4,92.0,83.0,13.4
2015-10-10,27.5,30.2,24.8,0.1,92.0,80.0,11.6
2015-10-11,27.3,30.2,25.1,2.1,93.0,82.0,6.8
2015-10-12,27.3,31.0,24.9,5.7,92.0,82.0,9.5
2015-10-13,27.1,29.7,24.7,0.6,92.0,80.0,16.3
2015-10-14,26.1,29.0,24.3,4.1,95.0,86.0,11.0
2015-10-15,26.9,29.2,25.1,0.2,93.0,82.0,10.0
2015-10-16,26.7,28.3,25.5,4.5,94.0,86.0,9.4
2015-10-17,27.4,28.7,26.7,25.6,92.0,88.0,46.1
2015-10-18,26.4,27.2,25.5,51.6,93.0,89.0,46.3
2015-10-19,26.3,28.0,25.3,8.8,92.0,87.0,41.3
2015-10-20,26.8,28.5,25.1,0.0,89.0,79.0,28.9
2015-10-21,26.8,29.0,25.1,0.0,89.0,81.0,28.4
2015-10-22,26.6,28.9,24.8,0.7,91.0,83.0,21.3
2015-10-23,26.6,29.1,24.1,0.0,94.0,83.0,11.5
2015-10-24,26.9,29.8,24.5,0.0,96.0,83.0,8.5
2015-10-25,27.2,30.8,24.1,0.1,95.0,83.0,7.2
2015-10-26,27.4,30.5,24.5,0.0,94.0,80.0,9.7
2015-10-27,27.2,30.4,24.6,0.3,92.0,81.0,12.4
2015-10-28,26.9,29.6,25.0,0.0,86.0,74.0,18.3
2015-10-29,26.8,30.1,24.5,0.0,88.0,73.0,20.9
2015-10-30,26.9,29.9,25.1,0.0,89.0,78.0,18.8
2015-10-31,26.8,28.8,25.3,1.0,86.0,79.0,23.4
2015-11-01,26.9,29.3,25.2,0.0,88.0,79.0,18.3
2015-11-02,27.2,30.4,25.1,0.4,89.0,78.0,20.1
2015-11-03,27.3,29.8,25.4,0.0,89.0,78.0,23.5
2015-11-04,27.7,30.9,25.4,0.0,88.0,77.0,21.1
2015-11-05,27.4,30.5,25.3,0.2,90.0,78.0,21.5
2015-11-06,27.6,30.8,25.4,0.0,91.0,77.0,22.0
2015-11-07,27.3,30.9,24.4,0.0,92.0,77.0,18.1
2015-11-08,27.6,31.1,25.2,0.0,88.0,75.0,21.9
2015-11-09,27.1,30.1,24.8,0.1,89.0,76.0,17.7
2015-11-10,27.5,31.2,25.2,0.0,83.0,72.0,21.0
2015-11-11,27.5,31.2,25.2,0.0,85.0,73.0,23.4
2015-11-12,27.3,30.4,25.1,0.0,87.0,75.0,21.8
2015-11-13,27.4,31.5,24.0,0.0,94.0,76.0,15.9
2015-11-14,27.6,31.4,24.8,0.0,90.0,75.0,15.5
2015-11-15,27.5,30.4,25.4,0.0,86.0,75.0,17.7
2015-11-16,27.6,31.3,25.2,0.2,89.0,75.0,22.1
2015-11-17,28.0,31.7,25.6,0.0,85.0,73.0,20.2
2015-11-18,26.9,30.1,24.2,0.1,92.0,78.0,19.2
2015-11-19,27.7,31.6,24.7,0.0,85.0,68.0,24.6
2015-11-20,27.3,30.5,24.6,0.0,87.0,73.0,23.2
2015-11-21,27.4,30.1,25.4,0.0,86.0,73.0,25.5
2015-11-22,27.5,31.0,24.4,0.0,90.0,73.0,19.1
2015-11-23,27.7,31.3,23.8,0.0,92.0,72.0,17.1
2015-11-24,27.9,32.2,25.0,0.5,89.0,72.0,18.2
2015-11-25,27.3,30.9,24.2,0.2,92.0,74.0,13.0
2015-11-26,27.4,30.8,25.0,0.0,83.0,71.0,16.1
2015-11-27,26.9,29.8,25.2,0.0,83.0,72.0,24.2
2015-11-28,27.2,30.1,25.7,0.0,82.0,74.0,26.6
2015-11-29,27.5,30.8,24.9,0.0,89.0,74.0,24.7
2015-11-30,27.5,30.3,25.6,0.0,84.0,74.0,19.7
2015-12-01,26.7,30.6,22.9,0.0,95.0,78.0,20.8
2015-12-02,26.9,31.9,22.8,0.0,96.0,73.0,16.6
2015-12-03,27.2,31.1,24.8,0.0,86.0,72.0,18.4
2015-12-04,27.6,30.9,25.7,0.1,81.0,70.0,23.3
2015-12-05,27.1,29.8,24.7,1.8,92.0,78.0,28.8
2015-12-06,26.8,30.3,24.6,4.7,94.0,82.0,12.2
2015-12-07,27.6,30.4,25.5,0.0,86.0,77.0,19.0
2015-12-08,27.3,30.7,25.4,0.0,85.0,75.0,23.9
2015-12-09,27.5,31.1,25.1,0.0,92.0,75.0,27.8
2015-12-10,27.8,31.4,24.1,0.0,96.0,75.0,8.4
2015-12-11,27.4,31.1,24.3,0.1,92.0,77.0,6.6
2015-12-12,27.5,31.2,24.6,0.0,91.0,75.0,11.5
2015-12-13,27.5,31.5,24.9,0.0,89.0,75.0,16.8
2015-12-14,27.4,31.0,25.1,4.7,90.0,78.0,14.8
2015-12-15,25.6,25.7,25.3,73.1,91.0,89.0,31.6
2015-12-16,25.7,26.8,24.3,27.1,91.0,87.0,38.9
2015-12-17,24.0,24.3,23.1,47.4,86.0,82.0,26.1
2015-12-18,24.7,26.1,23.2,19.8,91.0,80.0,28.2
2015-12-19,24.6,26.2,24.0,31.7,91.0,88.0,18.5
2015-12-20,25.8,28.1,24.0,0.3,93.0,83.0,31.3
2015-12-21,26.3,29.7,24.7,16.7,91.0,83.0,20.3
2015-12-22,25.4,28.8,22.2,0.0,95.0,82.0,27.9
2015-12-23,25.5,29.3,22.6,0.0,95.0,81.0,14.9
2015-12-24,25.3,29.1,21.8,0.0,96.0,83.0,15.3
2015-12-25,25.0,28.9,21.5,0.0,93.0,80.0,13.7
2015-12-26,25.0,28.4,21.7,0.0,95.0,81.0,18.3
2015-12-27,24.8,28.8,21.2,0.3,95.0,82.0,11.3
2015-12-28,24.6,28.3,21.3,0.0,94.0,78.0,16.1
2015-12-29,24.6,27.6,21.7,0.5,93.0,81.0,14.8
2015-12-30,25.2,28.3,23.0,0.0,92.0,80.0,17.2
2015-12-31,25.0,27.7,23.9,38.7,90.0,83.0,18.8
2016-01-01,25.8,27.7,24.5,1.2,88.0,82.0,24.3
2016-01-02,25.7,28.0,23.9,0.0,93.0,83.0,23.2
2016-01-03,25.6,29.1,23.2,0.0,96.0,82.0,20.5
2016-01-04,25.6,29.3,22.7,0.0,95.0,83.0,15.9
2016-01-05,25.0,29.1,22.0,0.0,96.0,80.0,15.0
2016-01-06,25.5,28.3,23.3,0.2,94.0,84.0,9.0
2016-01-07,25.3,28.6,22.4,0.0,96.0,82.0,10.5
2016-01-08,25.5,28.4,22.9,0.0,95.0,83.0,6.4
2016-01-09,25.5,28.5,23.3,0.0,92.0,81.0,14.1
2016-01-10,25.5,29.0,22.6,0.0,94.0,79.0,16.7
2016-01-11,26.4,29.7,23.9,0.0,94.0,81.0,10.9
2016-01-12,26.1,29.3,23.4,0.0,94.0,83.0,10.9
2016-01-13,26.3,29.3,23.7,0.1,94.0,80.0,12.9
2016-01-14,26.1,29.1,23.9,0.0,90.0,78.0,17.8
2016-01-15,26.0,29.4,23.3,0.0,93.0,78.0,17.0
2016-01-16,26.3,29.5,23.6,0.0,93.0,79.0,11.8
2016-01-16,26.3,29.5,23.6,0.0,93.0,79.0,11.8
2016-01-17,25.7,29.7,22.3,0.0,92.0,77.0,11.2
2016-01-18,26.0,28.9,23.5,0.0,92.0,79.0,9.4
2016-01-19,26.4,29.2,24.6,0.0,85.0,77.0,19.2
2016-01-20,26.0,28.3,24.4,0.0,80.0,73.0,28.0
2016-01-21,25.9,29.5,22.7,0.0,94.0,75.0,22.4
2016-01-22,26.1,30.0,22.3,0.0,96.0,79.0,10.7
2016-01-23,26.8,30.2,24.1,0.2,89.0,77.0,7.7
2016-01-24,24.7,27.3,22.2,2.3,86.0,73.0,23.6
2016-01-25,22.9,24.4,22.0,1.6,79.0,74.0,33.2
2016-01-26,23.7,25.8,22.8,0.0,80.0,73.0,36.7
2016-01-27,25.2,27.6,23.9,0.0,82.0,74.0,30.9
2016-01-28,25.9,28.3,24.3,0.0,86.0,75.0,29.7
2016-01-29,25.8,28.5,23.3,0.4,94.0,80.0,18.7
2016-01-30,26.1,29.2,24.3,0.0,88.0,80.0,14.5
2016-01-31,26.3,29.1,23.8,0.0,89.0,75.0,27.2
2016-02-01,25.8,30.1,22.2,0.0,92.0,75.0,20.9
2016-02-02,26.4,29.6,24.4,0.0,82.0,69.0,21.3
2016-02-03,25.9,28.3,23.9,3.1,95.0,78.0,19.7
2016-02-04,26.0,28.7,24.1,0.2,94.0,84.0,17.1
2016-02-05,26.6,29.5,24.3,4.5,94.0,82.0,7.9
2016-02-06,24.2,25.9,22.8,12.7,93.0,86.0,9.5
2016-02-07,23.2,25.0,22.0,1.7,87.0,75.0,26.6
2016-02-08,23.2,25.4,22.1,0.0,80.0,72.0,34.4
2016-02-09,24.2,26.2,23.0,0.0,84.0,76.0,30.3
2016-02-10,25.2,28.1,23.1,0.0,86.0,75.0,26.3
2016-02-11,25.4,29.1,22.8,0.0,92.0,77.0,23.1
2016-02-12,25.2,29.4,21.4,0.0,93.0,75.0,19.9
2016-02-13,25.8,30.1,22.5,0.0,94.0,74.0,12.3
2016-02-14,26.3,30.5,22.9,0.0,92.0,73.0,9.0
2016-02-15,25.8,28.6,24.1,0.5,85.0,74.0,17.1
2016-02-16,25.1,28.3,22.9,0.0,83.0,72.0,26.1
2016-02-17,24.9,28.3,21.9,0.0,91.0,74.0,21.0
2016-02-17,24.9,28.3,21.9,0.0,91.0,74.0,21.0
2016-02-18,25.2,28.7,22.3,0.0,93.0,75.0,18.4
2016-02-19,25.3,29.5,21.9,0.0,96.0,77.0,18.0
2016-02-20,25.9,29.6,22.7,0.0,93.0,75.0,13.3
2016-02-21,25.9,29.2,23.6,0.0,89.0,74.0,23.1
2016-02-22,26.2,30.1,22.8,0.0,93.0,75.0,20.2
2016-02-23,26.3,30.7,22.9,0.0,89.0,71.0,14.8
2016-02-24,26.3,29.8,23.9,0.0,82.0,70.0,23.6
2016-02-25,25.6,28.0,24.0,0.6,81.0,73.0,27.9
2016-02-26,25.5,27.8,23.8,0.4,82.0,73.0,30.1
2016-02-27,25.8,29.3,23.7,3.3,86.0,72.0,28.0
2016-02-28,25.1,27.2,23.4,1.1,92.0,80.0,20.1
2016-02-29,26.1,30.0,24.0,0.2,81.0,73.0,19.8
2016-03-01,25.0,27.2,23.3,1.4,78.0,72.0,27.4
2016-03-02,24.1,25.8,23.0,2.5,90.0,77.0,24.5
2016-03-03,24.8,27.0,23.0,3.9,93.0,83.0,22.0
2016-03-04,24.9,26.8,23.3,0.6,96.0,86.0,11.6
2016-03-05,26.9,31.1,23.1,0.0,97.0,79.0,7.8
2016-03-06,27.4,30.8,24.3,0.0,94.0,78.0,8.6
2016-03-07,27.9,31.1,25.2,0.0,90.0,75.0,12.1
2016-03-08,27.4,32.1,23.7,0.0,92.0,72.0,19.2
2016-03-09,28.2,31.6,25.0,0.0,91.0,73.0,14.1
2016-03-10,27.9,31.2,24.8,0.4,88.0,73.0,9.7
2016-03-11,27.7,31.4,24.8,0.0,83.0,69.0,15.7
2016-03-12,27.4,31.5,24.6,0.0,87.0,69.0,20.2
2016-03-13,27.3,31.9,22.8,0.0,95.0,71.0,18.1
2016-03-14,28.0,32.3,24.4,0.0,88.0,68.0,8.6
2016-03-15,27.2,30.5,24.0,0.0,91.0,72.0,15.1
2016-03-16,27.9,31.1,24.5,0.0,90.0,71.0,12.2
2016-03-17,27.7,31.1,25.1,0.2,85.0,73.0,16.2
2016-03-18,27.7,31.7,24.0,0.0,93.0,72.0,16.2
2016-03-19,27.5,32.0,23.0,0.0,95.0,70.0,14.1
2016-03-20,27.6,32.8,22.9,0.0,93.0,69.0,16.4
2016-03-21,27.9,32.5,24.5,0.0,87.0,68.0,18.9
2016-03-22,27.8,31.8,24.3,0.0,91.0,71.0,17.7
2016-03-23,28.1,32.8,23.8,0.0,95.0,70.0,14.9
2016-03-24,28.9,33.3,25.2,0.0,87.0,67.0,7.2
2016-03-25,28.3,32.4,24.2,0.0,90.0,68.0,7.1
2016-03-26,27.8,32.6,24.6,0.4,83.0,66.0,13.1
2016-03-27,26.7,29.8,24.6,0.1,79.0,70.0,16.3
2016-03-28,26.0,29.3,24.2,0.0,78.0,68.0,27.5
2016-03-29,26.9,29.9,25.0,0.0,83.0,71.0,27.1
2016-03-30,27.7,30.9,25.0,0.1,86.0,72.0,21.2
2016-03-31,27.8,31.2,25.2,0.0,87.0,73.0,19.4
2016-04-01,28.4,32.2,25.5,0.0,83.0,70.0,16.1
2016-04-02,28.2,32.4,24.7,0.0,89.0,70.0,18.4
2016-04-03,28.0,32.8,24.0,0.0,92.0,68.0,19.9
2016-04-04,28.8,33.0,25.9,0.0,83.0,65.0,17.8
2016-04-05,28.7,32.6,26.0,0.0,82.0,68.0,16.1
2016-04-06,28.8,33.0,25.5,0.0,85.0,65.0,22.1
2016-04-07,28.9,32.8,26.0,0.0,85.0,67.0,19.1
2016-04-08,28.9,32.7,26.0,0.0,84.0,69.0,20.9
2016-04-09,28.6,33.6,24.1,0.0,92.0,67.0,20.0
2016-04-10,29.8,34.4,25.7,0.0,87.0,60.0,8.4
2016-04-11,30.1,34.7,25.7,0.0,86.0,60.0,7.9
2016-04-12,29.9,33.9,26.0,0.7,84.0,65.0,11.0
2016-04-13,29.7,33.4,26.7,0.0,90.0,71.0,11.2
2016-04-14,30.3,34.5,27.0,0.3,89.0,69.0,8.4
2016-04-15,30.4,34.3,27.7,0.0,82.0,68.0,14.3
2016-04-16,30.1,34.0,26.9,0.4,83.0,68.0,14.7
2016-04-17,29.9,34.5,26.3,0.0,83.0,64.0,20.2
2016-04-18,30.1,34.6,26.8,0.1,80.0,65.0,15.5
2016-04-19,29.4,33.5,26.3,0.0,80.0,66.0,23.4
2016-04-20,29.2,33.2,26.2,0.0,84.0,68.0,23.8
2016-04-21,29.4,33.6,26.1,0.0,86.0,66.0,19.5
2016-04-22,29.7,34.1,26.3,0.0,84.0,64.0,16.1
2016-04-23,29.9,34.0,26.1,0.0,88.0,63.0,15.1
2016-04-24,30.2,34.3,26.5,0.0,84.0,63.0,14.9
2016-04-25,30.0,34.5,26.8,0.0,81.0,64.0,18.0
2016-04-26,29.6,34.3,25.4,0.0,89.0,62.0,17.7
2016-04-27,29.9,33.3,26.7,0.1,83.0,65.0,9.2
2016-04-28,29.7,33.6,27.1,0.4,84.0,69.0,7.9
2016-04-29,29.2,34.0,26.5,3.2,89.0,74.0,10.5
2016-04-30,29.5,33.8,26.4,1.0,86.0,71.0,14.0
2016-05-01,30.2,33.8,27.4,0.7,85.0,69.0,13.5
2016-05-02,30.7,35.0,27.4,0.0,82.0,63.0,15.4
2016-05-03,30.6,34.9,26.7,0.0,86.0,64.0,13.9
2016-05-04,30.4,35.1,27.1,0.0,79.0,63.0,19.2
2016-05-05,30.0,33.4,27.4,0.0,81.0,68.0,21.6
2016-05-06,30.4,34.6,27.1,0.0,83.0,66.0,20.0
2016-05-07,30.2,34.7,27.1,0.0,82.0,65.0,20.6
2016-05-08,30.4,34.0,27.2,0.0,82.0,64.0,19.1
2016-05-09,30.3,34.5,27.1,0.0,82.0,65.0,17.9
2016-05-10,30.8,34.8,27.3,0.0,85.0,62.0,11.4
2016-05-11,30.7,34.1,27.8,0.0,82.0,64.0,6.4
2016-05-12,30.5,34.5,27.8,0.2,80.0,66.0,11.2
2016-05-13,30.8,35.6,27.2,0.0,80.0,62.0,16.7
2016-05-14,30.1,33.7,27.6,0.0,80.0,67.0,20.9
2016-05-15,30.2,34.1,27.2,0.3,83.0,66.0,15.5
2016-05-16,29.9,34.7,26.5,0.7,87.0,68.0,12.3
2016-05-16,29.9,34.7,26.5,0.7,87.0,68.0,12.3
2016-05-17,29.2,33.3,26.5,2.5,90.0,73.0,8.3
2016-05-18,28.9,33.8,26.3,5.5,88.0,75.0,8.7
2016-05-19,28.4,32.0,25.6,12.8,92.0,79.0,8.5
2016-05-20,27.9,31.7,25.7,14.1,91.0,81.0,8.9
2016-05-21,28.5,32.3,26.2,4.5,92.0,80.0,11.0
2016-05-22,28.0,31.3,25.6,6.5,94.0,83.0,8.7
2016-05-23,27.6,30.3,25.6,5.4,95.0,86.0,11.8
2016-05-24,28.1,30.7,26.5,1.2,92.0,83.0,15.9
2016-05-25,27.2,29.7,25.8,17.5,95.0,87.0,17.1
2016-05-26,28.7,32.1,26.4,1.4,91.0,81.0,12.6
2016-05-27,29.1,31.4,26.7,0.4,91.0,78.0,11.0
2016-05-28,28.4,31.5,25.9,3.3,94.0,81.0,10.7
2016-05-29,28.4,31.9,25.7,5.9,93.0,81.0,6.6
2016-05-30,29.0,32.3,26.2,3.7,91.0,78.0,8.3
2016-05-31,28.2,31.1,26.2,5.3,93.0,81.0,7.8
2016-06-01,27.8,30.8,26.2,3.5,92.0,83.0,15.3
2016-06-02,28.0,31.4,26.1,6.8,92.0,82.0,15.5
2016-06-03,28.2,30.7,26.2,2.5,91.0,82.0,16.3
2016-06-04,28.5,30.9,26.0,2.9,94.0,81.0,14.6
2016-06-05,27.9,30.5,25.7,4.7,93.0,83.0,12.9
2016-06-06,27.7,31.1,25.4,11.9,94.0,84.0,15.1
2016-06-07,27.4,30.6,25.4,16.8,94.0,84.0,18.0
2016-06-08,27.6,30.3,25.6,5.4,93.0,84.0,18.0
2016-06-09,27.6,29.9,26.0,1.7,92.0,85.0,15.6
2016-06-10,27.9,30.7,26.0,5.1,94.0,84.0,13.2
2016-06-11,28.3,31.2,25.8,3.0,93.0,80.0,8.7
2016-06-12,27.2,29.1,25.5,12.4,94.0,86.0,20.6
2016-06-13,28.0,29.9,25.7,1.4,91.0,81.0,17.6
2016-06-14,27.9,30.4,26.1,1.5,92.0,83.0,18.3
2016-06-15,28.6,31.2,26.3,1.3,90.0,80.0,9.5
2016-06-16,28.7,31.6,26.4,0.5,92.0,79.0,6.5
2016-06-17,28.6,31.5,26.7,1.1,89.0,79.0,16.2
2016-06-18,29.1,32.4,27.0,0.1,85.0,75.0,22.7
2016-06-19,28.8,32.2,26.7,0.9,84.0,75.0,20.0
2016-06-20,28.0,31.5,25.7,13.1,94.0,81.0,14.8
2016-06-21,28.1,31.2,25.7,4.1,94.0,80.0,11.2
2016-06-22,27.5,30.5,25.6,7.7,92.0,82.0,9.3
2016-06-23,27.6,30.1,26.0,3.0,89.0,82.0,11.8
2016-06-24,27.7,30.5,25.3,4.7,92.0,82.0,11.1
2016-06-25,27.7,30.9,25.6,4.4,91.0,81.0,10.9
2016-06-26,27.0,29.7,25.4,9.2,93.0,86.0,11.3
2016-06-27,27.1,29.9,25.5,8.7,91.0,83.0,14.1
2016-06-28,27.4,31.0,25.4,10.2,94.0,84.0,16.4
2016-06-29,27.8,30.5,25.7,4.5,93.0,84.0,9.9
2016-06-30,27.4,30.2,25.3,4.6,93.0,85.0,7.8
2016-07-01,27.8,31.4,25.4,6.8,92.0,80.0,9.8
2016-07-02,27.1,30.7,24.9,7.1,95.0,84.0,7.3
2016-07-03,26.8,29.6,25.1,23.6,94.0,85.0,8.6
2016-07-04,27.1,29.7,25.3,9.2,93.0,84.0,9.2
2016-07-05,26.9,29.4,24.7,8.4,94.0,85.0,8.6
2016-07-06,26.6,28.8,25.2,15.1,93.0,87.0,16.6
2016-07-07,26.4,28.5,25.1,11.6,93.0,87.0,27.5
2016-07-08,25.5,26.4,24.8,45.3,94.0,92.0,27.4
2016-07-09,25.5,26.5,25.1,29.2,93.0,92.0,24.1
2016-07-10,26.2,27.8,25.1,10.4,94.0,89.0,18.9
2016-07-11,27.0,29.9,25.0,4.2,94.0,86.0,7.8
2016-07-12,27.9,30.1,25.2,2.5,94.0,84.0,11.6
2016-07-13,27.6,30.7,25.0,2.0,94.0,84.0,9.4
2016-07-14,27.5,30.1,25.3,4.9,95.0,84.0,5.2
2016-07-15,28.2,30.5,25.8,1.2,91.0,81.0,7.0
2016-07-16,28.1,30.9,25.8,1.0,91.0,81.0,7.9
2016-07-17,28.1,30.8,25.5,0.8,92.0,82.0,6.8
2016-07-18,28.5,31.4,25.9,0.5,89.0,75.0,8.8
2016-07-19,27.9,30.8,25.8,3.1,93.0,81.0,10.1
2016-07-20,28.0,30.9,26.0,1.7,91.0,81.0,19.1
2016-07-21,28.6,32.1,25.4,0.9,93.0,79.0,10.1
2016-07-22,27.7,30.8,25.8,8.1,93.0,83.0,7.3
2016-07-23,27.2,30.6,24.9,12.8,92.0,84.0,11.6
2016-07-24,27.2,30.0,25.2,10.0,94.0,84.0,10.8
2016-07-25,27.4,30.2,25.2,6.0,93.0,81.0,11.5
2016-07-26,28.2,31.2,25.3,3.6,92.0,81.0,8.9
2016-07-27,28.1,31.2,26.0,1.6,91.0,80.0,6.6
2016-07-28,28.2,30.9,25.3,1.5,92.0,80.0,5.7
2016-07-29,27.3,30.8,25.4,3.8,92.0,83.0,8.4
2016-07-30,27.2,28.8,25.8,3.0,91.0,84.0,17.7
2016-07-31,26.0,27.6,25.1,5.7,93.0,88.0,28.7
2016-08-01,26.4,28.4,25.3,14.0,94.0,88.0,16.0
2016-08-02,26.6,29.2,24.8,3.2,94.0,87.0,7.0
2016-08-03,27.8,30.2,25.3,2.3,94.0,82.0,10.2
2016-08-04,27.8,31.1,25.4,2.6,92.0,81.0,14.8
2016-08-05,27.3,30.3,25.3,6.5,94.0,84.0,13.0
2016-08-06,26.7,29.8,25.2,11.5,93.0,87.0,18.8
2016-08-07,25.5,27.1,24.9,26.5,93.0,91.0,23.7
2016-08-08,25.5,26.0,25.2,38.7,94.0,92.0,23.5
2016-08-09,25.8,27.1,25.0,39.5,93.0,90.0,23.6
2016-08-10,25.6,26.2,25.1,45.3,94.0,92.0,24.7
2016-08-11,26.0,27.4,25.3,23.2,93.0,90.0,25.5
2016-08-12,26.0,27.7,25.2,15.3,94.0,91.0,24.6
2016-08-12,26.0,27.7,25.2,15.3,94.0,91.0,24.6
2016-08-13,25.9,27.0,25.3,20.7,94.0,91.0,24.5
2016-08-14,26.3,28.0,25.6,14.8,93.0,90.0,24.6
2016-08-15,26.5,28.1,25.6,11.3,93.0,89.0,27.1
2016-08-16,26.3,27.9,25.6,11.7,93.0,90.0,24.3
2016-08-17,26.7,28.9,25.7,10.6,93.0,89.0,26.1
2016-08-18,27.0,29.5,25.5,4.3,93.0,88.0,21.4
2016-08-19,27.0,29.0,25.8,8.4,93.0,88.0,21.1
2016-08-20,26.5,28.7,24.9,13.3,94.0,89.0,23.1
2016-08-21,26.5,28.9,25.0,13.0,96.0,88.0,10.5
2016-08-22,26.5,29.1,25.3,13.7,92.0,88.0,12.4
2016-08-23,26.8,28.9,25.5,3.3,93.0,87.0,21.0
2016-08-24,27.2,29.7,25.5,3.4,92.0,87.0,24.6
2016-08-25,26.9,28.7,25.7,5.2,93.0,88.0,22.7
2016-08-26,26.8,28.9,25.4,6.1,94.0,89.0,20.6
2016-08-27,26.7,28.3,25.5,4.7,93.0,88.0,26.9
2016-08-28,26.7,29.1,25.4,5.7,94.0,87.0,19.3
2016-08-29,26.9,28.6,25.6,3.3,92.0,87.0,23.8
2016-08-30,27.5,29.2,26.2,1.9,90.0,85.0,21.2
2016-08-31,27.5,29.3,26.1,1.3,91.0,83.0,26.0
2016-09-01,27.4,29.5,25.7,0.2,92.0,84.0,18.4
2016-09-02,27.8,29.8,26.4,0.0,90.0,81.0,21.0
2016-09-03,27.8,30.0,26.1,0.7,92.0,82.0,23.0
2016-09-04,26.8,28.9,25.1,8.1,93.0,88.0,18.8
2016-09-05,26.9,29.9,25.0,3.6,94.0,86.0,18.2
2016-09-06,27.6,30.6,25.2,0.5,93.0,83.0,13.8
2016-09-07,27.3,29.7,24.8,2.8,94.0,85.0,16.0
2016-09-08,27.0,30.2,24.9,7.0,93.0,85.0,9.5
2016-09-09,27.2,29.9,25.2,7.0,93.0,83.0,8.1
2016-09-10,27.4,30.5,24.8,6.6,92.0,83.0,11.2
2016-09-11,27.6,30.4,25.0,2.6,92.0,82.0,13.8
2016-09-12,27.1,30.4,25.4,4.6,93.0,85.0,13.0
2016-09-13,26.9,28.8,25.7,2.2,91.0,86.0,22.7
2016-09-14,26.5,28.9,25.0,5.8,93.0,87.0,25.1
2016-09-15,26.5,29.2,25.0,6.3,93.0,87.0,20.0
2016-09-15,26.5,29.2,25.0,6.3,93.0,87.0,20.0
2016-09-16,26.6,28.4,24.9,1.5,94.0,86.0,19.4
2016-09-17,26.5,28.9,25.0,11.0,94.0,88.0,16.3
2016-09-18,26.5,28.1,25.1,7.7,94.0,88.0,17.3
2016-09-19,26.7,29.3,24.9,10.9,94.0,87.0,12.4
2016-09-20,26.8,29.5,25.2,6.3,94.0,86.0,8.7
2016-09-21,27.0,29.5,25.2,5.7,94.0,85.0,17.8
2016-09-22,26.6,29.5,24.8,17.4,96.0,87.0,11.5
2016-09-23,26.7,29.2,25.0,9.6,93.0,85.0,4.4
2016-09-24,27.0,29.6,24.7,5.1,94.0,85.0,8.6
2016-09-25,27.0,30.2,25.1,12.9,94.0,86.0,10.7
2016-09-26,26.8,29.6,25.4,7.3,92.0,87.0,21.6
2016-09-27,26.1,27.6,25.1,11.6,93.0,89.0,29.5
2016-09-28,25.4,26.4,24.7,16.3,94.0,92.0,19.9
2016-09-29,25.6,27.3,23.9,6.3,94.0,90.0,13.9
2016-09-30,25.8,27.7,24.1,6.1,95.0,89.0,16.8
2016-10-01,26.8,29.1,24.6,0.8,94.0,86.0,14.6
2016-10-02,26.8,29.1,24.8,2.7,93.0,87.0,13.8
2016-10-03,26.3,28.5,24.6,9.3,95.0,89.0,15.0
2016-10-04,25.9,28.0,24.8,25.5,94.0,89.0,12.0
2016-10-05,26.7,29.1,24.9,1.6,93.0,85.0,7.7
2016-10-06,26.0,28.1,25.1,16.9,93.0,89.0,11.1
2016-10-07,26.1,28.4,24.8,11.9,94.0,89.0,12.2
2016-10-08,26.5,29.0,25.1,13.1,94.0,88.0,11.0
2016-10-09,26.4,28.6,24.7,9.9,94.0,88.0,9.9
2016-10-10,26.3,28.5,25.2,8.4,94.0,89.0,8.2
2016-10-11,26.6,29.9,24.7,13.2,94.0,86.0,7.7
2016-10-12,26.2,27.6,24.6,5.0,94.0,88.0,8.0
2016-10-13,26.4,28.8,24.6,9.5,95.0,86.0,7.4
2016-10-14,27.1,29.6,25.1,6.4,93.0,83.0,12.5
2016-10-15,25.9,26.3,25.2,74.4,93.0,90.0,37.2
2016-10-16,25.7,26.7,25.2,17.5,94.0,91.0,28.1
2016-10-17,26.6,29.2,24.8,2.0,97.0,89.0,9.2
2016-10-18,27.3,29.8,25.2,1.7,92.0,85.0,12.3
2016-10-19,27.0,28.8,25.3,5.0,92.0,85.0,33.2
2016-10-20,26.4,27.9,25.3,3.5,94.0,88.0,30.0
2016-10-21,26.8,29.5,25.1,5.8,97.0,89.0,9.2
2016-10-22,27.2,30.0,24.8,1.3,95.0,86.0,13.7
2016-10-23,27.8,30.7,24.7,0.6,94.0,83.0,9.8
2016-10-24,27.1,30.5,23.5,0.0,94.0,82.0,12.2
2016-10-25,27.8,30.7,25.7,0.0,90.0,76.0,14.8
2016-10-26,27.4,29.6,25.8,0.3,90.0,81.0,15.5
2016-10-27,27.4,30.2,25.1,0.2,93.0,81.0,18.8
2016-10-28,27.6,29.9,25.8,0.3,86.0,80.0,21.3
2016-10-29,27.5,30.3,25.4,0.0,90.0,78.0,20.4
2016-10-30,27.0,29.8,25.2,0.0,89.0,79.0,19.4
2016-10-31,27.3,30.1,25.4,0.0,88.0,78.0,21.1
2016-11-01,26.9,29.0,25.4,0.0,87.0,79.0,21.6
2016-11-02,26.8,29.0,25.5,2.9,84.0,79.0,21.3
2016-11-03,26.7,29.1,24.7,0.6,92.0,81.0,18.8
2016-11-04,26.0,28.7,24.5,3.2,94.0,86.0,5.8
2016-11-05,26.7,29.7,24.4,0.5,95.0,86.0,6.3
2016-11-06,26.9,30.0,24.3,0.5,92.0,81.0,12.3
2016-11-07,26.4,29.3,23.6,0.0,91.0,77.0,16.5
2016-11-08,25.9,29.5,23.0,0.0,86.0,73.0,18.0
2016-11-09,25.6,28.6,22.7,0.0,91.0,73.0,20.2
2016-11-10,26.4,29.5,24.4,0.3,89.0,77.0,10.2
2016-11-11,26.5,29.0,24.7,0.2,87.0,78.0,18.9
2016-11-12,26.9,29.8,24.5,0.0,90.0,77.0,19.6
2016-11-13,26.6,30.1,24.0,0.0,89.0,73.0,18.0
2016-11-14,27.3,30.0,24.9,0.1,93.0,78.0,19.3
2016-11-15,26.9,29.4,25.4,0.1,90.0,82.0,13.3
2016-11-16,27.2,29.9,25.2,0.8,91.0,81.0,19.1
2016-11-17,27.3,29.7,25.6,0.2,88.0,79.0,20.4
2016-11-18,27.3,29.8,25.8,0.3,88.0,80.0,22.8
2016-11-19,26.8,28.7,25.5,1.1,88.0,82.0,22.3
2016-11-20,27.3,30.3,25.3,0.0,91.0,79.0,22.3
2016-11-21,26.9,31.2,23.5,0.0,93.0,77.0,18.8
2016-11-22,27.3,30.9,24.5,0.4,94.0,76.0,19.7
2016-11-23,27.0,30.8,24.0,0.0,92.0,75.0,17.5
2016-11-24,27.2,30.5,25.0,4.8,89.0,74.0,20.6
2016-11-25,25.2,25.8,24.3,36.1,90.0,87.0,25.4
2016-11-26,26.2,27.5,25.4,2.2,91.0,86.0,19.0
2016-11-27,27.1,29.7,25.0,0.4,96.0,86.0,17.1
2016-11-28,27.3,30.2,25.3,0.0,88.0,81.0,17.0
2016-11-29,26.7,29.4,24.9,0.0,91.0,81.0,18.5
2016-11-30,26.8,29.1,25.3,0.4,89.0,80.0,21.8
2016-12-01,27.1,30.1,24.9,0.0,88.0,77.0,20.6
2016-12-02,26.6,29.0,24.8,0.0,86.0,79.0,21.7
2016-12-03,26.7,29.1,24.8,0.0,90.0,80.0,21.7
2016-12-04,26.8,29.8,24.9,1.0,91.0,78.0,19.2
2016-12-05,26.9,29.7,24.9,0.0,89.0,80.0,20.8
2016-12-06,27.3,30.2,25.4,0.0,82.0,73.0,19.3
2016-12-07,26.0,28.5,24.3,27.0,95.0,86.0,21.0
2016-12-08,26.4,28.8,24.8,1.4,92.0,84.0,15.9
2016-12-09,26.4,28.7,24.6,0.4,94.0,85.0,13.7
2016-12-10,26.4,29.1,25.0,4.9,93.0,85.0,8.0
2016-12-11,26.2,28.4,24.2,0.4,92.0,82.0,14.5
2016-12-12,26.5,28.8,24.9,33.1,93.0,83.0,13.0
2016-12-13,,26.2,24.6,95.6,95.0,93.0,9.8
2016-12-14,25.4,27.1,24.2,30.7,96.0,89.0,8.4
2016-12-15,25.8,27.5,24.5,0.4,89.0,83.0,21.3
2016-12-16,24.4,26.0,23.1,33.2,87.0,85.0,21.7
2016-12-17,25.0,25.7,24.2,3.2,82.0,80.0,31.3
2016-12-18,25.5,27.0,24.6,3.0,84.0,81.0,21.6
2016-12-19,26.1,28.7,24.6,0.0,90.0,81.0,17.4
2016-12-20,26.4,29.6,24.6,0.0,89.0,80.0,19.8
2016-12-21,25.5,28.3,22.4,0.5,96.0,85.0,19.0
2016-12-22,26.0,29.7,23.4,0.0,94.0,80.0,14.1
2016-12-23,26.2,29.0,24.2,0.0,86.0,76.0,23.8
2016-12-24,25.9,28.3,24.5,0.0,83.0,78.0,27.7
2016-12-25,26.3,29.0,24.0,5.5,87.0,76.0,25.5
2016-12-26,25.9,27.6,24.5,11.7,94.0,88.0,34.0
2016-12-27,26.7,29.7,24.5,0.6,96.0,87.0,11.5
2016-12-28,26.8,29.4,24.7,0.4,94.0,83.0,15.3
2016-12-29,26.7,29.9,25.1,0.8,90.0,79.0,18.5
2016-12-30,26.3,29.0,24.7,0.2,83.0,78.0,20.0
2016-12-31,25.9,27.9,24.5,3.9,87.0,80.0,24.1
2017-01-01,26.2,29.8,23.4,0.2,93.0,74.0,21.7
2017-01-02,26.3,30.1,23.9,0.0,92.0,76.0,17.3
2017-01-03,26.3,30.1,23.7,0.2,90.0,77.0,17.7
2017-01-04,26.2,28.4,24.3,2.2,96.0,85.0,9.4
2017-01-05,24.8,27.4,22.0,4.9,99.0,88.0,12.8
2017-01-06,25.3,29.4,22.0,0.1,98.0,79.0,15.5
2017-01-07,24.9,29.3,20.8,0.0,96.0,77.0,15.8
2017-01-08,24.5,27.1,22.0,0.0,97.0,85.0,10.9
2017-01-09,25.7,29.4,23.8,1.0,93.0,81.0,12.8
2017-01-10,24.3,24.9,23.2,52.8,97.0,92.0,12.1
2017-01-11,24.8,27.7,22.5,12.0,97.0,89.0,8.4
2017-01-12,25.6,29.0,23.1,2.8,96.0,85.0,16.8
2017-01-13,25.9,29.1,23.5,0.2,100.0,87.0,14.1
2017-01-14,26.0,28.4,23.5,0.9,98.0,83.0,8.0
2017-01-15,25.9,29.8,23.8,2.7,89.0,81.0,13.7
2017-01-16,24.9,28.2,22.0,0.0,93.0,77.0,13.7
2017-01-17,24.7,28.1,22.0,0.0,94.0,76.0,25.9
2017-01-18,25.0,28.8,21.6,0.0,90.0,72.0,20.2
2017-01-19,25.2,28.1,22.3,2.9,96.0,81.0,14.0
2017-01-20,25.2,28.8,22.0,0.9,95.0,78.0,10.5
2017-01-20,25.2,28.8,22.0,0.9,95.0,78.0,10.5
2017-01-21,25.2,29.1,22.4,0.0,91.0,77.0,13.5
2017-01-22,25.3,28.4,23.3,7.3,98.0,87.0,11.9
2017-01-23,25.7,27.8,23.8,1.3,90.0,81.0,14.7
2017-01-24,25.3,27.5,23.5,1.1,84.0,78.0,18.7
2017-01-25,24.9,27.3,22.5,0.3,93.0,77.0,21.7
2017-01-26,24.4,27.7,22.0,1.5,89.0,80.0,10.5
2017-01-27,24.5,27.8,22.1,0.5,94.0,80.0,15.2
2017-01-28,24.8,27.9,22.1,0.7,94.0,79.0,19.1
2017-01-29,25.5,29.0,23.9,0.3,86.0,79.0,14.2
2017-01-30,26.0,29.7,23.9,0.3,98.0,85.0,11.5
2017-01-31,26.3,29.1,23.9,0.5,99.0,83.0,13.2
2017-02-01,25.9,28.6,24.4,6.5,96.0,88.0,11.4
2017-02-02,24.9,28.3,22.8,9.5,97.0,87.0,11.5
2017-02-03,24.9,28.3,21.8,1.7,95.0,82.0,15.7
2017-02-04,25.0,28.5,21.9,0.0,95.0,77.0,14.6
2017-02-05,25.2,,22.5,0.0,94.0,80.0,9.9
2017-02-06,24.9,27.6,21.8,1.1,95.0,81.0,7.6
2017-02-07,25.1,28.9,21.5,0.2,96.0,77.0,13.5
2017-02-08,25.0,28.0,22.2,0.8,98.0,82.0,13.1
2017-02-09,24.8,27.7,22.2,0.6,93.0,83.0,7.3
2017-02-10,24.0,27.0,21.0,0.0,95.0,80.0,8.9
2017-02-11,23.4,26.5,20.0,0.1,97.0,76.0,18.1
2017-02-12,23.5,27.0,20.6,0.0,91.0,74.0,14.3
2017-02-13,23.1,26.9,20.5,1.0,90.0,73.0,20.9
2017-02-14,22.9,26.6,19.9,0.0,81.0,67.0,23.4
2017-02-15,23.1,27.5,19.8,0.0,94.0,73.0,22.7
2017-02-16,24.1,28.5,21.5,0.0,94.0,73.0,19.8
2017-02-17,25.3,29.0,23.0,0.2,98.0,82.0,12.2
2017-02-18,25.5,28.0,23.3,4.3,97.0,87.0,10.1
2017-02-19,24.1,26.5,21.6,2.7,98.0,83.0,12.2
2017-02-20,26.2,30.3,23.0,0.0,98.0,80.0,19.3
2017-02-21,26.2,30.4,22.2,0.5,98.0,77.0,20.0
2017-02-22,25.9,30.5,22.2,0.0,95.0,77.0,14.5
2017-02-23,26.7,30.8,23.5,0.0,98.0,78.0,18.0
2017-02-24,26.1,29.1,23.8,8.0,96.0,82.0,13.0
2017-02-25,26.9,30.6,23.8,0.0,96.0,75.0,14.4
2017-02-26,26.3,29.1,23.6,0.7,95.0,81.0,11.8
2017-02-27,26.8,31.5,24.0,0.0,94.0,75.0,16.6
2017-02-28,26.2,30.5,22.9,0.6,96.0,77.0,19.9
2017-03-01,26.7,29.9,24.2,1.2,96.0,76.0,11.5
2017-03-02,25.6,28.1,23.0,1.9,94.0,84.0,9.0
2017-03-03,26.2,29.5,23.8,0.7,91.0,77.0,16.6
2017-03-04,25.5,28.0,22.7,0.5,94.0,78.0,18.4
2017-03-05,26.1,31.0,21.8,0.0,91.0,72.0,19.2
2017-03-06,26.0,30.5,21.5,0.0,92.0,73.0,18.6
2017-03-07,26.2,30.5,22.1,0.0,97.0,74.0,16.7
2017-03-08,26.2,30.5,22.6,0.0,94.0,72.0,14.6
2017-03-09,26.0,30.5,22.2,0.0,86.0,68.0,25.7
2017-03-10,26.2,30.8,22.2,0.0,97.0,73.0,21.2
2017-03-11,26.4,31.6,21.6,0.0,92.0,70.0,12.6
2017-03-12,27.4,31.6,24.4,0.1,85.0,67.0,15.9
2017-03-13,27.2,29.8,25.5,0.3,85.0,74.0,19.8
2017-03-14,27.9,31.3,24.3,0.0,95.0,75.0,13.9
2017-03-15,27.6,31.5,24.6,0.0,80.0,68.0,15.4
2017-03-16,26.9,30.9,23.2,0.0,86.0,66.0,16.5
2017-03-17,27.0,31.2,24.0,0.0,78.0,65.0,21.7
2017-03-18,26.6,31.0,22.2,0.0,95.0,65.0,24.9
2017-03-19,26.4,31.8,22.4,0.0,96.0,70.0,25.2
2017-03-20,26.8,31.8,23.3,0.0,87.0,65.0,21.0
2017-03-21,25.4,27.1,24.0,3.2,94.0,85.0,15.4
2017-03-21,25.4,27.1,24.0,3.2,94.0,85.0,15.4
2017-03-22,27.8,32.0,24.3,0.2,96.0,77.0,13.9
2017-03-23,28.7,32.3,25.2,0.4,92.0,74.0,10.7
2017-03-24,28.2,33.4,23.6,0.1,95.0,73.0,25.1
2017-03-25,28.3,32.7,24.4,0.1,90.0,71.0,23.1
2017-03-26,28.4,33.5,25.2,0.0,90.0,71.0,21.4
2017-03-27,28.2,32.2,24.9,1.2,86.0,67.0,21.6
2017-03-28,27.7,31.5,24.4,0.4,88.0,66.0,25.6
2017-03-29,28.0,33.0,24.0,0.0,90.0,66.0,20.2
2017-03-30,27.8,33.3,23.1,0.0,88.0,65.0,20.0
2017-03-31,28.4,32.5,24.5,0.0,88.0,65.0,15.5
2017-04-01,28.1,32.3,25.3,0.3,86.0,71.0,10.2
2017-04-02,26.8,30.9,23.9,0.2,79.0,65.0,22.6
2017-04-03,26.0,30.5,22.6,0.0,81.0,62.0,20.7
2017-04-04,26.8,31.7,23.5,0.0,79.0,63.0,23.1
2017-04-05,27.0,30.8,23.2,0.2,91.0,65.0,16.1
2017-04-06,27.7,31.9,24.5,0.0,84.0,68.0,17.6
2017-04-07,29.0,33.3,26.2,0.0,82.0,66.0,25.3
2017-04-08,29.0,33.2,26.2,0.6,84.0,72.0,19.1
2017-04-09,29.4,33.6,25.8,0.1,87.0,70.0,19.2
2017-04-10,29.2,33.2,26.5,0.0,86.0,70.0,17.4
2017-04-11,29.1,32.3,26.0,0.2,85.0,72.0,13.9
2017-04-12,28.7,33.9,24.3,0.0,83.0,64.0,23.7
2017-04-13,28.6,33.5,24.0,0.0,89.0,67.0,22.1
2017-04-14,28.9,34.2,24.8,0.0,92.0,66.0,22.8
2017-04-15,29.3,33.6,,0.2,82.0,66.0,15.6
2017-04-16,28.5,31.7,25.9,6.1,91.0,73.0,17.6
2017-04-17,,32.2,25.9,2.9,95.0,80.0,19.4
2017-04-18,28.8,32.1,26.4,0.2,92.0,79.0,16.3
2017-04-19,28.8,31.8,26.6,2.2,88.0,78.0,20.3
2017-04-20,29.3,33.0,26.9,3.2,84.0,74.0,14.4
2017-04-21,29.3,33.0,26.7,0.9,87.0,74.0,13.5
2017-04-22,28.8,32.0,26.0,3.3,92.0,79.0,10.5
2017-04-23,28.4,32.0,26.1,5.6,91.0,78.0,12.2
2017-04-24,29.4,33.5,26.0,1.3,89.0,70.0,9.6
2017-04-25,29.5,33.5,26.1,0.1,85.0,67.0,12.3
2017-04-26,29.5,33.0,26.5,2.0,92.0,71.0,16.0
2017-04-27,29.4,33.2,27.1,1.7,86.0,73.0,15.5
2017-04-28,29.7,32.8,27.1,0.2,83.0,70.0,15.8
2017-04-29,29.8,33.5,27.0,2.8,85.0,71.0,15.2
2017-04-30,29.2,32.2,26.6,1.2,89.0,73.0,15.5
2017-05-01,29.4,32.4,27.0,1.1,86.0,74.0,12.1
2017-05-02,29.2,33.8,26.5,6.5,91.0,75.0,9.9
2017-05-03,29.1,32.6,26.6,5.7,86.0,75.0,10.8
2017-05-04,30.1,34.5,26.8,0.8,86.0,69.0,15.8
2017-05-05,30.0,34.7,26.5,1.7,84.0,66.0,12.3
2017-05-06,29.7,33.5,26.2,0.1,88.0,69.0,13.2
2017-05-07,30.0,34.0,26.5,0.6,87.0,67.0,16.6
2017-05-08,30.2,34.9,26.4,0.6,85.0,65.0,19.0
2017-05-09,30.0,34.0,27.4,0.2,80.0,67.0,16.5
2017-05-10,30.4,35.2,26.8,0.0,83.0,64.0,21.0
2017-05-11,29.9,35.0,26.8,0.1,85.0,66.0,23.2
2017-05-12,30.8,35.2,27.1,0.0,84.0,63.0,23.1
2017-05-13,30.8,35.7,27.5,0.1,80.0,62.0,21.6
2017-05-14,30.8,35.8,26.9,0.0,86.0,62.0,23.1
2017-05-15,30.5,35.0,27.0,0.0,82.0,64.0,20.3
2017-05-16,29.8,33.3,27.7,3.5,87.0,73.0,20.6
2017-05-17,29.1,31.6,27.0,5.1,91.0,79.0,17.9
2017-05-18,29.2,32.5,27.5,6.3,85.0,77.0,15.0
2017-05-19,29.5,33.2,26.9,9.1,92.0,77.0,16.8
2017-05-20,29.2,31.2,27.2,5.2,92.0,80.0,15.0
2017-05-21,28.7,31.8,26.7,10.7,92.0,81.0,23.7
2017-05-22,27.6,30.6,26.0,28.4,97.0,87.0,18.7
2017-05-23,28.1,30.1,26.6,5.1,99.0,86.0,16.6
2017-05-24,28.0,29.6,26.6,20.0,95.0,86.0,17.9
2017-05-25,28.0,30.5,26.5,8.7,94.0,86.0,17.5
2017-05-26,27.7,30.3,26.3,15.3,97.0,88.0,14.3
2017-05-27,27.9,31.5,26.0,15.1,92.0,84.0,8.7
2017-05-28,28.4,31.9,26.4,13.4,94.0,84.0,13.0
2017-05-29,28.9,32.4,26.9,2.7,91.0,81.0,12.5
2017-05-30,28.1,32.4,25.5,9.9,97.0,84.0,12.7
2017-05-31,28.9,31.6,26.8,2.0,95.0,83.0,11.6
2017-06-01,29.3,31.5,27.5,1.5,90.0,81.0,18.7
2017-06-02,28.7,31.2,26.6,13.1,93.0,83.0,24.2
2017-06-03,28.4,30.6,26.9,17.6,91.0,83.0,26.7
2017-06-04,28.3,30.5,26.2,13.4,95.0,84.0,21.3
2017-06-05,28.0,30.4,26.2,8.8,97.0,86.0,18.4
2017-06-06,28.7,32.1,25.6,7.5,93.0,81.0,15.9
2017-06-07,28.3,30.5,26.5,6.6,90.0,82.0,10.3
2017-06-08,28.5,31.4,26.4,4.0,92.0,79.0,16.0
2017-06-09,27.7,30.8,24.9,14.2,94.0,82.0,17.0
2017-06-10,27.2,29.1,26.1,8.9,95.0,88.0,19.5
2017-06-11,27.8,30.5,25.6,12.4,97.0,86.0,15.5
2017-06-12,28.6,31.4,25.9,1.4,96.0,82.0,15.8
2017-06-13,29.4,32.5,26.5,0.4,93.0,76.0,17.6
2017-06-14,28.8,32.5,26.4,4.3,98.0,84.0,13.6
2017-06-15,28.1,31.1,25.7,9.5,98.0,85.0,11.5
2017-06-16,29.4,31.9,27.2,0.3,92.0,80.0,11.2
2017-06-17,28.8,31.5,26.4,0.6,94.0,81.0,16.3
2017-06-18,28.8,31.4,26.0,9.3,93.0,82.0,9.7
2017-06-19,28.3,31.5,25.5,3.5,94.0,81.0,8.7
2017-06-20,28.2,31.3,26.1,5.5,94.0,82.0,9.2
2017-06-20,28.2,31.3,26.1,5.5,94.0,82.0,9.2
2017-06-21,28.3,30.5,26.6,2.2,93.0,82.0,15.7
2017-06-22,27.5,30.9,25.3,18.7,94.0,86.0,16.2
2017-06-23,28.1,29.9,26.4,3.2,91.0,83.0,12.4
2017-06-24,29.1,32.1,26.8,3.0,95.0,81.0,10.4
2017-06-25,28.4,32.2,26.4,15.5,94.0,83.0,11.2
2017-06-26,28.6,32.2,26.4,5.6,93.0,81.0,11.4
2017-06-27,28.2,31.4,26.0,10.2,95.0,82.0,7.9
2017-06-28,,30.0,25.4,24.1,92.0,85.0,8.4
2017-06-29,27.3,29.9,25.8,9.6,93.0,85.0,12.8
2017-06-30,28.4,31.6,25.8,3.7,94.0,81.0,8.5
2017-07-01,27.7,30.6,25.5,22.5,93.0,83.0,8.3
2017-07-02,27.6,31.0,26.0,15.8,95.0,83.0,11.6
2017-07-03,27.0,29.9,25.2,17.3,93.0,85.0,14.1
2017-07-04,26.8,29.0,25.1,13.2,95.0,87.0,10.0
2017-07-05,27.7,29.9,25.4,1.1,96.0,83.0,14.6
2017-07-06,28.5,31.0,26.0,0.2,95.0,81.0,19.4
2017-07-07,27.9,31.3,25.4,8.3,94.0,82.0,16.3
2017-07-08,27.4,30.8,25.5,8.2,93.0,84.0,18.3
2017-07-09,28.0,30.6,24.9,7.9,94.0,80.0,13.2
2017-07-10,27.7,30.0,25.9,7.1,92.0,83.0,15.6
2017-07-11,27.5,30.6,24.9,4.3,94.0,82.0,18.1
2017-07-12,26.9,29.4,25.4,10.7,95.0,86.0,12.6
2017-07-13,26.8,30.3,25.2,12.0,95.0,86.0,10.8
2017-07-14,26.9,29.2,25.1,8.4,96.0,87.0,15.3
2017-07-15,27.2,28.4,25.8,1.8,91.0,85.0,14.3
2017-07-16,26.6,29.0,25.6,13.9,93.0,88.0,12.2
2017-07-17,27.5,31.0,25.1,3.2,96.0,83.0,14.2
2017-07-18,27.8,30.1,25.4,3.2,95.0,83.0,13.7
2017-07-19,27.6,31.4,25.3,7.6,93.0,82.0,18.5
2017-07-20,26.7,28.5,25.4,6.9,97.0,87.0,13.7
2017-07-21,26.6,28.6,25.2,31.5,93.0,87.0,18.8
2017-07-22,27.2,29.5,25.6,7.8,93.0,84.0,19.7
2017-07-23,26.6,28.9,25.0,24.3,95.0,88.0,14.6
2017-07-24,26.4,28.7,25.0,37.5,96.0,88.0,14.3
2017-07-25,26.5,28.6,25.4,37.9,94.0,87.0,24.0
2017-07-26,26.3,27.1,25.6,40.7,93.0,89.0,23.7
2017-07-27,26.5,28.5,25.7,56.8,94.0,90.0,24.5
2017-07-28,26.7,28.0,25.8,34.2,93.0,88.0,32.4
2017-07-29,27.3,28.9,26.1,15.2,91.0,86.0,35.0
2017-07-30,27.7,29.5,26.9,7.9,90.0,85.0,37.1
2017-07-31,27.8,29.5,26.5,3.1,91.0,84.0,31.6
2017-08-01,27.4,29.4,25.8,14.8,95.0,87.0,26.6
2017-08-02,27.0,29.0,25.6,15.6,95.0,87.0,19.2
2017-08-03,26.6,28.5,25.5,34.8,95.0,89.0,24.6
2017-08-04,26.6,28.2,25.5,19.3,93.0,88.0,20.0
2017-08-05,27.2,28.3,26.3,13.1,90.0,85.0,18.2
2017-08-06,27.9,30.1,25.9,1.2,97.0,85.0,17.9
2017-08-07,27.9,30.0,26.4,5.2,96.0,88.0,12.8
2017-08-08,27.7,30.3,25.4,8.0,96.0,87.0,11.5
2017-08-09,28.2,30.3,25.9,0.9,96.0,84.0,15.8
2017-08-10,28.3,30.9,25.9,0.4,96.0,84.0,14.3
2017-08-11,28.4,31.1,26.2,5.1,94.0,84.0,9.7
2017-08-12,28.1,30.8,26.0,5.2,97.0,85.0,8.0
2017-08-13,27.8,30.9,25.4,9.4,95.0,83.0,9.2
2017-08-14,27.5,30.4,25.5,10.7,95.0,85.0,6.9
2017-08-15,28.2,31.6,25.8,6.5,95.0,83.0,10.7
2017-08-16,28.3,31.7,26.0,2.0,93.0,83.0,7.8
2017-08-17,28.9,32.5,26.3,0.3,94.0,79.0,16.0
2017-08-18,27.6,30.9,25.9,13.0,97.0,86.0,8.6
2017-08-19,26.7,29.5,24.7,35.0,97.0,88.0,12.5
2017-08-20,27.0,29.8,25.4,19.6,96.0,86.0,15.3
2017-08-21,26.7,28.0,25.6,43.9,92.0,87.0,24.8
2017-08-22,26.7,28.0,25.6,7.0,91.0,87.0,28.8
2017-08-23,26.8,29.2,25.0,15.4,99.0,90.0,19.1
2017-08-24,26.8,29.0,24.8,16.7,96.0,88.0,12.2
2017-08-25,25.7,26.4,25.0,48.7,94.0,90.0,21.3
2017-08-26,26.7,28.8,24.9,4.0,96.0,87.0,7.6
2017-08-27,28.1,31.4,25.9,0.0,96.0,82.0,9.5
2017-08-28,27.6,30.5,25.1,1.9,94.0,85.0,9.7
2017-08-29,27.3,29.6,25.8,16.5,94.0,87.0,10.0
2017-08-30,27.2,29.9,25.9,26.4,94.0,86.0,25.0
2017-08-31,27.0,28.0,26.2,12.9,89.0,85.0,35.2
2017-09-01,28.0,29.8,26.5,2.3,89.0,82.0,30.8
2017-09-02,27.8,29.8,26.2,3.1,93.0,85.0,27.4
2017-09-03,28.1,30.1,26.0,1.8,97.0,85.0,20.6
2017-09-04,27.3,30.1,24.1,22.5,95.0,86.0,12.5
2017-09-05,27.0,29.0,25.2,4.5,95.0,87.0,14.5
2017-09-06,27.6,30.4,24.8,0.3,98.0,85.0,12.6
2017-09-07,28.4,30.9,26.0,0.0,95.0,81.0,8.7
2017-09-08,28.6,31.9,25.5,0.9,99.0,85.0,6.1
2017-09-09,28.4,31.5,26.0,4.5,96.0,84.0,9.5
2017-09-10,27.9,30.5,26.0,5.7,96.0,85.0,8.8
2017-09-11,26.9,28.8,25.9,26.9,95.0,89.0,20.6
2017-09-12,26.5,27.3,25.9,136.4,94.0,91.0,33.9
2017-09-13,27.7,30.0,26.1,4.2,92.0,86.0,20.8
2017-09-14,27.8,30.9,25.7,7.7,95.0,86.0,12.9
2017-09-15,28.0,30.3,25.7,0.6,93.0,85.0,12.9
2017-09-15,28.0,30.3,25.7,0.6,93.0,85.0,12.9
2017-09-16,28.1,31.0,25.8,3.3,94.0,84.0,10.3
2017-09-17,27.9,30.3,25.9,1.5,96.0,86.0,8.9
2017-09-18,27.3,30.0,25.5,8.2,97.0,88.0,10.8
2017-09-19,27.5,30.5,25.5,16.0,93.0,84.0,9.7
2017-09-20,27.0,29.3,25.4,16.4,94.0,87.0,10.3
2017-09-21,27.3,30.5,25.2,14.7,95.0,85.0,8.9
2017-09-22,26.9,29.8,25.5,29.1,96.0,88.0,7.2
2017-09-23,26.6,29.0,25.0,5.0,95.0,87.0,16.8
2017-09-24,28.3,31.8,25.8,1.4,,81.0,18.4
2017-09-25,26.9,30.2,25.2,7.2,,,10.5
2017-09-26,26.2,28.0,24.9,7.4,,,14.1
2017-09-27,27.8,30.6,26.0,5.7,,,10.8
2017-09-28,27.1,29.6,24.9,5.0,96.0,,12.9
2017-09-29,26.8,28.6,25.3,12.5,95.0,88.0,8.8
2017-09-30,26.7,29.4,24.8,9.5,98.0,88.0,11.3
2017-10-01,27.2,29.8,25.5,4.9,96.0,88.0,12.2
2017-10-02,27.2,29.8,25.4,6.0,97.0,87.0,11.9
2017-10-03,27.2,29.9,24.9,1.2,99.0,87.0,6.9
2017-10-04,27.7,30.0,25.8,1.1,96.0,85.0,7.6
2017-10-05,26.8,28.9,25.0,5.0,98.0,89.0,9.5
2017-10-06,27.3,29.4,25.0,1.6,95.0,87.0,10.9
2017-10-07,27.6,29.8,25.9,2.8,93.0,84.0,7.3
2017-10-08,26.2,27.2,25.5,36.8,97.0,92.0,5.9
2017-10-09,26.1,28.9,24.2,22.9,97.0,92.0,8.8
2017-10-10,26.2,29.0,24.8,20.9,96.0,89.0,10.1
2017-10-11,27.2,29.5,25.8,3.7,97.0,89.0,8.9
2017-10-12,27.1,29.1,26.0,15.7,94.0,89.0,21.9
2017-10-13,26.9,28.6,25.7,28.6,93.0,89.0,29.8
2017-10-14,26.6,28.5,25.7,41.5,93.0,91.0,24.7
2017-10-15,26.6,28.0,25.5,11.2,96.0,89.0,13.0
2017-10-16,26.7,29.6,24.3,0.9,98.0,87.0,14.0
2017-10-17,27.5,31.0,25.5,2.3,98.0,85.0,14.3
2017-10-18,27.2,30.2,24.8,2.0,98.0,87.0,12.4
2017-10-19,27.4,29.3,25.3,2.1,96.0,84.0,11.2
2017-10-20,28.0,29.9,26.1,2.4,94.0,84.0,16.6
2017-10-21,27.0,29.2,25.4,7.7,95.0,87.0,22.8
2017-10-22,27.2,29.5,25.3,2.6,95.0,86.0,10.9
2017-10-23,26.9,29.5,25.3,3.0,96.0,86.0,10.1
2017-10-24,26.8,30.1,23.5,0.5,95.0,79.0,11.7
2017-10-25,26.7,29.0,24.9,2.7,92.0,82.0,10.8
2017-10-26,26.7,28.9,24.5,2.0,95.0,82.0,6.3
2017-10-27,26.8,29.0,24.8,1.9,95.0,85.0,11.6
2017-10-28,27.0,29.5,25.1,3.1,94.0,84.0,11.4
2017-10-29,26.6,28.4,24.8,0.2,97.0,87.0,7.9
2017-10-30,26.9,29.6,24.6,0.8,97.0,85.0,9.2
2017-10-31,26.4,28.8,24.4,36.9,93.0,86.0,21.6
2017-11-01,25.5,26.5,23.6,16.0,96.0,91.0,17.9
2017-11-02,26.2,29.0,24.2,2.4,95.0,86.0,20.5
2017-11-03,26.8,29.8,24.5,7.5,98.0,85.0,12.0
2017-11-04,26.7,29.4,24.6,8.4,94.0,86.0,13.2
2017-11-05,26.7,29.1,25.0,0.7,94.0,86.0,19.8
2017-11-06,27.3,30.6,24.0,1.1,99.0,84.0,14.9
2017-11-07,27.4,31.0,24.2,1.5,96.0,83.0,10.8
2017-11-08,27.5,31.2,25.1,0.7,97.0,83.0,11.9
2017-11-09,25.8,27.1,24.8,85.6,93.0,89.0,34.2
2017-11-10,26.6,29.0,24.8,15.1,97.0,88.0,20.7
2017-11-11,26.8,29.7,23.8,0.7,99.0,87.0,11.2
2017-11-12,27.0,30.6,24.1,0.5,98.0,84.0,10.6
2017-11-13,27.2,29.8,24.9,0.3,98.0,84.0,10.8
2017-11-14,27.3,30.5,24.5,2.8,98.0,85.0,10.0
2017-11-15,26.9,30.6,24.1,1.9,99.0,88.0,9.5
2017-11-16,27.2,30.8,24.6,0.8,98.0,83.0,14.8
2017-11-16,27.2,30.8,24.6,0.8,98.0,83.0,14.8
2017-11-17,26.7,29.3,24.5,3.5,95.0,85.0,12.0
2017-11-18,27.7,30.8,25.3,1.4,99.0,83.0,10.9
2017-11-19,27.4,30.1,25.4,0.5,96.0,84.0,10.8
2017-11-20,27.1,30.4,24.3,3.1,98.0,86.0,9.5
2017-11-21,27.1,30.0,24.6,1.0,98.0,84.0,8.3
2017-11-22,27.2,30.6,24.5,0.5,97.0,84.0,7.4
2017-11-23,27.6,31.5,25.1,0.3,93.0,79.0,13.2
2017-11-24,27.1,30.2,25.0,3.8,94.0,82.0,15.1
2017-11-25,27.3,30.7,24.9,1.4,97.0,83.0,15.6
2017-11-26,27.0,31.4,23.9,0.3,97.0,80.0,14.5
2017-11-27,27.4,31.5,24.3,0.4,96.0,80.0,16.7
2017-11-28,27.5,31.6,24.1,0.1,96.0,80.0,17.6
2017-11-29,27.8,31.0,25.5,0.9,93.0,80.0,14.8
2017-11-30,27.3,30.2,24.5,1.1,96.0,82.0,16.2
2017-12-01,27.1,30.5,24.7,2.7,99.0,85.0,16.6
2017-12-02,27.6,31.4,25.0,0.7,99.0,84.0,9.0
2017-12-03,27.4,31.0,24.6,0.5,99.0,86.0,7.3
2017-12-04,27.1,29.4,24.7,0.1,97.0,85.0,7.6
2017-12-05,27.0,30.1,24.8,0.8,84.0,75.0,18.1
2017-12-06,26.9,30.2,24.8,1.4,96.0,80.0,14.8
2017-12-07,26.7,29.6,25.0,30.6,94.0,84.0,11.9
2017-12-08,26.7,28.9,24.9,0.7,93.0,86.0,15.8
2017-12-09,27.1,29.9,25.0,0.2,91.0,77.0,9.8
2017-12-10,26.5,29.8,25.1,2.0,95.0,85.0,11.9
2017-12-11,26.3,29.0,25.0,4.3,94.0,83.0,15.9
2017-12-12,25.2,26.1,24.4,6.8,92.0,86.0,13.1
2017-12-13,26.4,29.0,24.6,0.4,86.0,77.0,18.0
2017-12-14,25.9,29.4,23.2,1.3,85.0,74.0,14.7
2017-12-15,24.6,28.0,21.6,0.0,86.0,70.0,15.2
2017-12-16,23.6,26.2,22.4,4.8,90.0,79.0,18.1
2017-12-17,24.5,26.9,22.8,16.2,92.0,79.0,28.0
2017-12-18,24.4,26.2,23.2,5.5,96.0,89.0,25.9
2017-12-19,25.3,28.0,23.2,4.8,98.0,90.0,10.1
2017-12-20,26.4,30.0,24.1,1.8,92.0,78.0,15.9
2017-12-21,25.7,28.4,24.1,2.3,82.0,75.0,24.0
2017-12-22,26.2,28.9,24.5,0.1,87.0,76.0,28.3
2017-12-23,26.6,30.0,23.4,0.1,99.0,83.0,15.9
2017-12-24,26.6,30.6,24.0,0.3,98.0,84.0,12.1
2017-12-25,27.0,31.0,25.0,0.4,93.0,79.0,14.0
2017-12-26,26.3,29.6,24.2,0.4,99.0,86.0,11.6
2017-12-27,26.0,29.5,24.3,8.5,96.0,85.0,9.8
2017-12-28,25.9,29.3,23.0,0.6,97.0,82.0,13.9
2017-12-29,25.2,29.0,22.0,1.2,94.0,81.0,12.9
2017-12-30,24.8,28.8,22.5,0.0,91.0,79.0,18.7
2017-12-31,25.3,29.2,23.1,0.3,91.0,76.0,14.1
2018-01-01,25.2,27.8,23.6,0.9,94.0,80.0,16.4
2018-01-02,25.6,28.8,23.5,0.2,90.0,75.0,24.0
2018-01-03,25.3,28.5,22.6,4.8,95.0,81.0,15.5
2018-01-04,26.1,29.3,23.6,0.0,98.0,82.0,20.9
2018-01-05,26.7,30.2,24.3,0.3,91.0,80.0,14.8
2018-01-06,26.2,30.6,22.8,0.0,98.0,80.0,14.8
2018-01-07,26.0,28.6,23.2,0.0,97.0,85.0,12.5
2018-01-08,26.5,29.9,24.0,0.2,98.0,86.0,10.6
2018-01-09,26.5,30.1,24.0,0.2,97.0,85.0,14.9
2018-01-10,26.3,29.5,23.8,0.7,86.0,76.0,14.8
2018-01-11,24.9,28.2,22.0,1.3,80.0,71.0,19.5
2018-01-12,23.9,26.3,22.0,0.0,79.0,71.0,17.1
2018-01-13,24.1,27.0,22.2,0.0,79.0,71.0,18.5
2018-01-14,24.1,27.1,23.0,2.1,91.0,82.0,16.9
2018-01-15,25.5,29.0,23.1,0.0,97.0,77.0,13.7
2018-01-16,25.7,28.2,23.9,35.6,98.0,85.0,11.6
2018-01-17,25.2,27.2,23.8,6.2,99.0,91.0,11.6
2018-01-18,26.4,29.8,24.4,14.0,97.0,86.0,13.5
2018-01-19,25.6,29.0,23.1,0.0,91.0,77.0,15.7
2018-01-20,25.8,30.1,23.2,0.0,96.0,78.0,14.3
2018-01-21,26.1,29.8,23.1,0.6,99.0,82.0,14.7
2018-01-22,26.0,29.0,22.9,0.4,99.0,84.0,6.1
2018-01-23,25.9,28.8,23.4,0.5,97.0,84.0,10.7
2018-01-24,25.6,28.3,23.6,5.9,97.0,86.0,7.9
2018-01-25,26.3,29.9,23.7,0.8,98.0,82.0,13.4
2018-01-26,26.1,28.4,24.0,78.1,96.0,85.0,11.6
2018-01-27,24.2,25.0,23.5,43.9,96.0,88.0,15.7
2018-01-28,24.7,26.8,22.7,0.7,93.0,84.0,17.9
2018-01-29,25.5,28.3,23.1,0.3,97.0,83.0,12.4
2018-01-30,25.8,29.3,23.1,0.8,91.0,79.0,12.1
2018-01-31,25.1,27.5,22.5,2.3,98.0,85.0,9.4
2018-02-01,25.6,28.0,23.5,0.1,96.0,83.0,11.8
2018-02-02,25.4,29.0,22.9,1.0,94.0,81.0,14.8
2018-02-03,25.3,28.6,22.8,0.0,89.0,75.0,17.6
2018-02-04,25.5,29.2,23.5,0.6,87.0,73.0,15.0
2018-02-05,24.4,27.2,21.6,1.0,86.0,78.0,18.0
2018-02-06,24.0,26.8,21.7,0.5,93.0,80.0,14.8
2018-02-07,24.0,26.9,22.0,2.4,95.0,84.0,7.3
2018-02-08,24.6,26.8,22.9,1.5,93.0,83.0,12.1
2018-02-09,25.6,28.2,23.7,0.9,96.0,84.0,12.8
2018-02-10,25.7,27.6,23.6,0.4,97.0,84.0,14.4
2018-02-11,26.0,28.4,24.5,0.8,93.0,84.0,11.9
2018-02-12,,29.7,23.7,0.5,94.0,76.0,19.3
2018-02-13,25.4,28.9,23.1,0.0,87.0,73.0,16.2
2018-02-14,25.4,28.3,23.1,0.6,92.0,80.0,18.3
2018-02-15,26.5,30.0,23.1,0.3,98.0,83.0,15.2
2018-02-16,27.5,31.9,24.5,0.0,93.0,77.0,17.8
2018-02-17,27.0,31.9,23.0,0.1,96.0,75.0,16.3
2018-02-18,26.4,30.1,22.1,1.2,93.0,80.0,17.3
2018-02-19,26.5,31.7,22.6,0.0,96.0,74.0,16.8
2018-02-20,27.3,31.9,24.7,1.2,88.0,75.0,20.3
2018-02-21,27.7,31.9,24.7,0.0,89.0,74.0,19.8
2018-02-22,26.9,31.6,22.1,0.0,99.0,75.0,23.1
2018-02-23,26.3,30.6,22.8,0.0,94.0,73.0,23.5
2018-02-24,27.1,32.0,23.6,0.0,90.0,69.0,14.0
2018-02-25,27.2,30.9,24.4,0.5,88.0,74.0,15.9
2018-02-26,27.2,31.2,24.5,0.3,90.0,74.0,15.8
2018-02-27,27.0,30.5,24.4,0.9,92.0,76.0,18.4
2018-02-28,27.4,31.4,24.3,0.2,98.0,79.0,14.7
2018-03-01,27.5,30.9,24.5,1.4,96.0,78.0,16.9
2018-03-02,27.6,31.5,24.5,0.2,92.0,76.0,16.9
2018-03-03,27.7,31.2,24.8,0.5,91.0,77.0,19.3
2018-03-04,27.4,31.6,23.1,0.2,88.0,73.0,21.3
2018-03-05,27.8,32.3,24.4,0.0,92.0,71.0,21.7
2018-03-06,27.9,32.5,24.1,0.0,95.0,75.0,15.8
2018-03-07,27.8,31.8,24.3,1.2,95.0,75.0,9.3
2018-03-08,26.7,29.9,24.2,10.2,93.0,80.0,7.4
2018-03-09,25.9,28.5,24.2,2.0,91.0,79.0,15.9
2018-03-10,25.8,29.5,22.9,0.3,81.0,69.0,17.8
2018-03-11,25.7,29.8,23.0,0.0,85.0,67.0,18.4
2018-03-12,26.0,29.5,23.1,0.3,89.0,71.0,9.7
2018-03-13,26.2,30.1,23.0,0.5,90.0,72.0,17.2
2018-03-14,26.6,31.3,22.8,0.0,93.0,70.0,18.6
2018-03-15,27.7,32.2,24.5,0.2,81.0,65.0,22.7
2018-03-16,27.2,30.5,24.4,1.6,92.0,76.0,11.9
2018-03-17,27.4,31.6,23.6,0.0,96.0,73.0,18.2
2018-03-18,27.6,32.8,23.1,0.1,92.0,69.0,20.3
2018-03-19,27.5,32.5,24.0,0.0,88.0,70.0,23.4
2018-03-20,28.0,32.3,24.1,0.6,91.0,72.0,10.8
2018-03-21,27.3,30.6,24.5,0.7,90.0,74.0,15.8
2018-03-22,25.6,27.9,23.5,1.7,89.0,75.0,19.4
2018-03-23,26.4,30.0,23.9,0.0,76.0,62.0,17.7
2018-03-24,25.2,29.4,21.8,0.0,79.0,63.0,19.5
2018-03-25,25.9,30.6,21.9,0.0,92.0,66.0,19.4
2018-03-26,26.4,30.6,22.8,0.0,94.0,69.0,13.8
2018-03-27,26.4,30.0,23.5,0.5,86.0,70.0,11.2
2018-03-28,26.9,30.1,24.2,0.2,89.0,69.0,10.8
2018-03-29,27.0,30.0,24.1,0.5,90.0,72.0,10.8
2018-03-30,26.5,30.1,24.4,2.9,86.0,75.0,11.5
2018-03-31,26.7,29.7,24.3,0.5,85.0,69.0,14.1
2018-04-01,27.2,30.6,24.1,0.1,90.0,69.0,12.0
2018-04-02,27.2,30.6,24.6,0.9,89.0,73.0,11.2
2018-04-03,27.4,30.6,25.2,0.7,83.0,74.0,12.5
2018-04-04,27.4,30.6,24.8,0.0,83.0,72.0,13.5
2018-04-05,27.5,31.0,24.5,0.0,85.0,69.0,19.7
2018-04-06,28.0,31.7,24.7,0.9,85.0,65.0,13.5
2018-04-07,28.4,33.2,25.3,0.0,84.0,64.0,18.0
2018-04-08,27.7,31.5,25.1,0.9,88.0,68.0,20.7
2018-04-09,26.3,29.9,24.7,36.2,94.0,84.0,19.8
2018-04-10,27.8,31.8,24.1,1.8,99.0,78.0,18.5
2018-04-11,28.2,32.0,25.5,0.0,89.0,76.0,12.2
2018-04-12,28.9,33.3,25.0,0.2,96.0,73.0,20.2
2018-04-13,29.1,33.6,25.5,0.0,92.0,71.0,18.7
2018-04-14,29.0,33.7,25.1,0.0,92.0,71.0,21.0
2018-04-15,28.9,33.0,25.3,0.2,93.0,72.0,11.9
2018-04-15,28.9,33.0,25.3,0.2,93.0,72.0,11.9
2018-04-16,28.7,33.7,24.8,0.1,93.0,69.0,13.2
2018-04-17,28.7,33.9,24.5,0.0,92.0,68.0,20.9
2018-04-18,28.5,32.8,24.6,0.0,92.0,69.0,14.8
2018-04-19,28.8,34.2,24.5,0.0,95.0,69.0,18.4
2018-04-20,29.2,34.0,25.4,0.0,87.0,65.0,18.2
2018-04-21,29.8,34.8,26.0,0.0,94.0,68.0,19.5
2018-04-22,29.5,32.8,26.6,0.5,84.0,67.0,13.4
2018-04-23,29.8,34.5,26.1,0.1,87.0,66.0,20.3
2018-04-24,30.0,34.0,26.6,0.5,82.0,66.0,12.2
2018-04-25,29.2,33.0,26.5,2.2,81.0,70.0,11.6
2018-04-26,29.4,33.0,25.8,0.0,89.0,68.0,12.2
2018-04-27,29.8,34.2,26.0,0.0,87.0,65.0,14.3
2018-04-28,29.8,34.2,26.1,0.1,88.0,66.0,15.5
2018-04-29,29.8,34.2,26.2,0.7,87.0,67.0,15.3
2018-04-30,30.0,34.3,26.2,0.0,86.0,65.0,15.2
2018-05-01,29.7,34.1,26.2,0.4,87.0,68.0,16.1
2018-05-02,30.7,36.0,26.9,0.0,83.0,62.0,21.4
2018-05-03,30.3,34.6,27.3,0.9,83.0,66.0,19.1
2018-05-04,30.9,36.0,27.2,0.2,81.0,61.0,19.6
2018-05-05,28.9,31.2,27.1,6.1,80.0,71.0,16.4
2018-05-06,30.0,33.3,27.0,0.2,81.0,66.0,14.1
2018-05-07,30.2,34.0,26.9,0.1,86.0,69.0,13.7
2018-05-08,29.5,33.7,26.9,0.6,84.0,70.0,20.6
2018-05-09,30.1,34.0,26.5,0.0,85.0,64.0,12.2
2018-05-10,30.1,33.8,26.7,0.1,82.0,64.0,12.5
2018-05-11,30.0,34.0,26.8,0.4,83.0,65.0,13.2
2018-05-12,29.8,34.0,26.9,0.4,86.0,69.0,7.4
2018-05-13,30.2,34.8,27.2,0.1,84.0,67.0,12.3
2018-05-14,30.7,34.5,27.7,0.6,84.0,65.0,13.0
2018-05-15,30.0,33.2,27.2,5.3,82.0,69.0,20.4
2018-05-16,30.3,34.4,26.1,0.1,92.0,66.0,14.5
2018-05-17,30.5,34.5,27.4,0.2,79.0,65.0,13.1
2018-05-18,30.4,34.5,26.5,1.2,83.0,66.0,11.4
2018-05-19,30.4,33.9,27.2,0.2,83.0,65.0,15.4
2018-05-20,30.1,33.5,27.3,0.8,85.0,67.0,13.3
2018-05-21,29.1,33.3,25.9,1.8,92.0,74.0,11.6
2018-05-22,29.6,34.0,26.6,1.7,88.0,72.0,8.4
2018-05-23,30.8,34.7,27.6,0.0,82.0,65.0,10.2
2018-05-24,30.7,34.9,27.1,0.2,84.0,66.0,10.5
2018-05-25,29.8,33.5,26.8,2.8,87.0,71.0,12.7
2018-05-26,30.4,34.2,27.1,1.1,85.0,69.0,11.3
2018-05-27,30.7,34.2,27.3,0.3,83.0,68.0,14.6
2018-05-28,30.7,34.8,27.1,0.0,88.0,67.0,19.6
2018-05-29,30.5,34.2,27.5,0.5,84.0,67.0,12.2
2018-05-30,30.5,35.0,27.2,0.0,87.0,67.0,16.6
2018-05-31,30.7,34.5,27.5,0.1,87.0,67.0,14.8
2018-06-01,29.8,34.2,26.5,3.7,88.0,71.0,16.6
2018-06-02,28.5,33.8,25.9,11.8,94.0,78.0,23.1
2018-06-03,29.2,31.2,27.5,3.1,81.0,74.0,19.2
2018-06-04,30.7,34.8,27.7,1.7,89.0,67.0,16.5
2018-06-05,29.1,32.5,26.0,8.6,94.0,78.0,16.3
2018-06-06,27.9,30.8,26.0,16.2,95.0,83.0,17.5
2018-06-07,26.7,28.9,25.8,21.9,97.0,91.0,16.4
2018-06-08,26.9,27.5,26.0,52.0,93.0,90.0,25.0
2018-06-09,26.2,26.7,25.9,71.2,94.0,92.0,30.8
2018-06-10,26.4,27.0,26.0,35.7,92.0,90.0,31.9
2018-06-11,26.4,27.1,25.9,42.3,93.0,91.0,31.4
2018-06-12,26.6,28.0,25.8,31.8,93.0,90.0,31.0
2018-06-13,26.8,28.0,26.0,20.4,92.0,89.0,27.5
2018-06-14,27.2,28.6,26.2,11.7,92.0,87.0,27.7
2018-06-15,27.4,29.3,25.5,6.0,97.0,86.0,24.7
2018-06-16,27.5,30.0,25.9,11.2,92.0,85.0,31.2
2018-06-17,27.4,28.9,26.0,5.0,92.0,86.0,23.6
2018-06-18,28.6,30.2,27.2,0.5,87.0,79.0,20.6
2018-06-19,28.4,30.5,26.0,0.3,96.0,81.0,18.7
2018-06-20,27.8,30.1,26.1,7.6,95.0,85.0,12.6
2018-06-21,26.9,29.0,,9.6,96.0,87.0,12.7
2018-06-22,26.7,29.5,24.5,19.8,97.0,88.0,15.5
2018-06-23,27.0,30.5,25.0,10.4,98.0,87.0,10.7
2018-06-24,27.4,30.9,24.8,5.6,96.0,84.0,9.4
2018-06-25,26.7,28.5,25.0,6.5,96.0,88.0,5.8
2018-06-26,26.6,29.0,24.8,10.0,96.0,89.0,7.2
2018-06-27,26.6,28.6,25.0,9.8,97.0,89.0,8.4
2018-06-28,27.8,29.8,25.3,1.0,97.0,83.0,19.7
2018-06-29,27.7,29.5,26.0,2.0,91.0,83.0,20.1
2018-06-30,27.3,28.6,25.6,7.7,93.0,85.0,19.9
2018-07-01,27.0,29.3,25.6,8.3,93.0,86.0,20.6
2018-07-02,27.5,29.0,26.4,4.4,90.0,85.0,19.3
2018-07-03,27.3,28.7,26.1,4.2,93.0,85.0,21.1
2018-07-04,27.1,28.5,25.4,10.2,93.0,86.0,19.8
2018-07-05,27.2,29.5,25.5,12.0,94.0,85.0,21.1
2018-07-06,27.2,30.0,25.3,11.2,96.0,86.0,18.4
2018-07-07,27.0,29.9,25.4,15.6,95.0,87.0,12.8
2018-07-08,26.3,29.1,24.7,18.5,97.0,91.0,12.5
2018-07-09,26.7,28.8,25.2,19.8,94.0,87.0,21.1
2018-07-10,26.3,27.3,25.6,19.2,93.0,89.0,22.5
2018-07-11,26.2,27.8,25.0,31.4,94.0,90.0,23.9
2018-07-12,26.4,28.0,24.5,12.9,98.0,89.0,17.2
2018-07-13,26.3,28.4,25.3,36.7,95.0,89.0,10.4
2018-07-14,25.8,27.2,24.8,67.5,95.0,92.0,17.9
2018-07-15,26.1,27.4,25.4,47.2,94.0,91.0,24.8
2018-07-16,26.2,27.4,25.4,47.2,93.0,90.0,26.6
2018-07-17,25.8,26.1,25.4,62.7,94.0,92.0,29.9
2018-07-18,26.8,28.5,25.6,20.0,93.0,87.0,27.2
2018-07-19,26.8,28.9,25.5,29.2,93.0,88.0,25.9
2018-07-20,26.7,28.7,25.8,19.0,93.0,88.0,29.2
2018-07-21,26.7,27.8,26.0,23.6,93.0,88.0,39.5
2018-07-22,26.5,27.5,25.3,28.2,94.0,89.0,28.9
2018-07-23,25.8,26.9,24.5,35.1,97.0,92.0,19.6
2018-07-24,26.1,27.7,24.7,12.6,96.0,91.0,15.3
2018-07-25,26.4,28.6,,19.0,95.0,89.0,18.1
2018-07-26,25.5,26.8,24.6,43.8,96.0,92.0,11.3
2018-07-27,25.7,27.0,24.8,15.2,97.0,92.0,12.1
2018-07-28,26.3,27.8,24.8,10.6,96.0,90.0,17.3
2018-07-29,26.4,28.1,25.0,5.4,96.0,89.0,18.3
2018-07-30,27.0,28.9,25.4,4.1,96.0,88.0,18.7
2018-07-31,27.1,28.8,25.4,6.7,96.0,88.0,17.2
2018-08-01,27.0,29.5,25.4,18.3,95.0,88.0,23.8
2018-08-02,26.7,28.8,25.0,17.2,95.0,88.0,16.7
2018-08-03,26.5,28.0,25.0,9.1,94.0,87.0,19.9
2018-08-04,26.4,29.2,24.5,14.9,98.0,88.0,18.7
2018-08-05,26.7,29.3,25.0,4.2,98.0,89.0,14.6
2018-08-06,26.8,28.6,25.2,14.3,95.0,87.0,12.0
2018-08-07,27.1,29.5,25.4,8.8,97.0,86.0,16.1
2018-08-08,27.1,28.9,26.2,5.4,89.0,84.0,23.6
2018-08-09,26.4,27.5,25.8,23.4,93.0,90.0,22.8
2018-08-10,26.2,27.5,25.3,38.1,94.0,91.0,29.5
2018-08-11,25.9,26.9,25.6,36.1,93.0,91.0,33.9
2018-08-12,26.0,27.2,25.2,37.0,93.0,90.0,35.0
2018-08-13,26.1,27.5,25.5,30.8,92.0,90.0,35.7
2018-08-14,26.9,27.9,26.1,17.5,92.0,86.0,34.7
2018-08-15,27.5,29.4,25.9,6.8,90.0,82.0,30.2
2018-08-16,27.0,29.1,25.2,6.4,94.0,86.0,26.7
2018-08-17,26.7,28.7,25.5,17.7,92.0,87.0,23.2
2018-08-18,26.1,27.5,25.0,34.1,93.0,89.0,22.6
2018-08-19,26.1,27.1,25.2,19.4,92.0,89.0,22.8
2018-08-20,26.5,27.9,25.5,11.3,93.0,87.0,26.4
2018-08-21,27.0,28.8,25.7,9.4,93.0,86.0,31.2
2018-08-22,27.6,29.5,26.2,4.6,90.0,82.0,29.8
2018-08-23,27.7,29.4,26.0,4.9,88.0,82.0,30.9
2018-08-24,26.7,28.4,25.9,8.8,91.0,87.0,27.7
2018-08-25,26.3,27.8,25.5,12.6,93.0,88.0,26.6
2018-08-26,26.8,28.5,25.1,1.0,97.0,87.0,21.4
2018-08-27,27.3,30.0,25.0,6.7,98.0,86.0,10.4
2018-08-28,27.3,29.8,24.7,0.5,99.0,86.0,18.1
2018-08-29,27.9,31.0,25.1,0.0,99.0,82.0,13.5
2018-08-30,27.3,30.5,24.8,0.4,96.0,84.0,12.4
2018-08-31,26.6,29.4,24.3,8.6,96.0,88.0,11.8
2018-09-01,26.3,28.6,24.7,15.2,96.0,89.0,9.0
2018-09-02,26.5,29.5,24.2,27.1,96.0,88.0,14.1
2018-09-03,26.0,28.0,25.0,17.1,93.0,88.0,20.2
2018-09-04,26.1,27.9,24.7,10.2,95.0,88.0,16.2
2018-09-05,26.1,28.8,24.4,19.1,97.0,91.0,16.1
2018-09-06,25.8,27.7,24.4,56.1,97.0,91.0,17.5
2018-09-07,26.1,27.3,25.0,15.9,94.0,89.0,23.7
2018-09-07,26.1,27.3,25.0,15.9,94.0,89.0,23.7
2018-09-08,27.4,29.6,25.2,5.0,94.0,84.0,18.2
2018-09-09,27.6,29.8,25.9,2.8,93.0,86.0,15.6
2018-09-10,27.1,30.0,25.2,6.8,95.0,87.0,14.8
2018-09-11,26.9,29.5,25.0,7.3,94.0,85.0,17.2
2018-09-12,26.3,28.8,24.0,12.1,96.0,88.0,16.0
2018-09-13,27.1,29.6,25.1,5.1,95.0,86.0,13.0
2018-09-14,27.2,28.2,26.0,31.3,92.0,87.0,44.8
2018-09-15,26.3,27.1,25.4,24.5,93.0,89.0,45.8
2018-09-16,26.3,28.7,24.8,7.1,97.0,91.0,11.4
2018-09-17,26.1,29.0,23.8,12.1,99.0,91.0,16.6
2018-09-18,27.0,29.2,24.9,3.4,98.0,88.0,10.8
2018-09-19,26.7,29.1,25.1,1.6,98.0,89.0,7.9
2018-09-20,26.8,30.8,24.6,11.9,96.0,87.0,12.7
2018-09-21,26.8,29.4,24.5,4.9,97.0,89.0,9.6
2018-09-22,27.2,29.9,24.5,2.4,98.0,85.0,7.7
2018-09-23,27.2,30.0,24.7,3.1,97.0,85.0,10.9
2018-09-24,27.5,30.0,24.6,1.3,99.0,86.0,16.1
2018-09-25,28.0,30.5,26.2,2.8,92.0,81.0,16.6
2018-09-26,26.9,30.0,25.0,9.9,97.0,88.0,14.7
2018-09-27,27.5,29.8,25.1,3.6,95.0,84.0,20.5
2018-09-28,27.6,29.8,25.9,3.7,93.0,84.0,18.7
2018-09-29,27.8,30.0,25.4,0.8,94.0,81.0,16.0
2018-09-30,27.4,30.1,24.8,0.4,96.0,83.0,15.2
2018-10-01,27.3,30.0,24.4,4.2,95.0,83.0,9.4
2018-10-02,26.4,28.9,24.3,23.4,98.0,89.0,9.4
2018-10-03,26.6,29.6,24.5,6.9,96.0,85.0,13.0
2018-10-04,27.0,29.5,24.6,1.3,90.0,81.0,12.7
2018-10-05,26.9,29.8,24.0,0.0,92.0,80.0,11.7
2018-10-06,27.0,29.8,24.7,0.0,94.0,82.0,12.1
2018-10-07,27.3,30.2,24.7,4.9,95.0,85.0,8.7
2018-10-08,27.4,30.2,25.7,4.9,94.0,86.0,7.0
2018-10-09,27.6,30.0,25.6,2.6,94.0,86.0,8.4
2018-10-10,27.6,30.1,25.7,4.3,95.0,86.0,8.7
2018-10-11,27.6,29.2,25.4,0.5,95.0,86.0,9.7
2018-10-12,28.0,31.0,25.0,0.8,97.0,83.0,12.4
2018-10-13,28.2,31.6,25.4,0.6,96.0,80.0,14.3
2018-10-14,27.5,30.2,25.8,2.5,92.0,83.0,10.7
2018-10-15,26.7,29.2,24.5,5.5,96.0,90.0,7.9
2018-10-16,27.3,29.5,25.2,3.6,96.0,87.0,6.6
2018-10-17,26.9,30.2,24.0,4.8,98.0,86.0,10.5
2018-10-18,27.1,29.5,24.8,4.4,96.0,87.0,8.6
2018-10-19,27.4,30.6,24.0,1.9,100.0,84.0,11.0
2018-10-20,27.7,31.1,24.9,1.6,98.0,83.0,6.8
2018-10-21,27.5,30.8,24.9,1.7,97.0,84.0,14.2
2018-10-22,27.6,31.0,24.2,1.0,96.0,76.0,15.3
2018-10-23,27.1,29.7,24.4,0.1,96.0,79.0,9.4
2018-10-24,26.9,29.5,23.9,1.5,94.0,82.0,8.3
2018-10-25,27.4,30.0,24.3,1.6,97.0,82.0,10.6
2018-10-26,27.4,30.5,24.4,1.9,92.0,79.0,11.7
2018-10-27,27.4,30.8,24.5,0.4,99.0,83.0,11.5
2018-10-28,26.8,30.5,23.3,3.3,92.0,79.0,15.1
2018-10-29,26.5,28.5,22.9,0.0,92.0,74.0,18.0
2018-10-30,26.1,27.4,25.2,30.5,93.0,90.0,36.6
2018-10-31,27.5,30.4,25.2,4.5,97.0,85.0,13.1
2018-11-01,27.8,31.0,25.1,0.7,96.0,82.0,11.3
2018-11-02,27.6,31.0,24.5,0.6,99.0,82.0,11.1
2018-11-03,27.5,30.8,24.8,0.9,99.0,87.0,7.4
2018-11-04,27.3,32.0,24.0,0.6,98.0,80.0,8.9
2018-11-05,27.4,31.4,24.8,1.8,97.0,80.0,19.6
2018-11-06,27.5,31.2,24.8,0.9,94.0,80.0,18.0
2018-11-07,27.0,30.6,24.2,0.5,94.0,80.0,18.0
2018-11-08,27.1,31.6,23.9,0.0,94.0,77.0,12.4
2018-11-09,27.0,30.8,24.2,0.5,96.0,79.0,14.3
2018-11-10,26.9,31.1,23.8,0.0,93.0,77.0,15.4
2018-11-11,26.8,31.2,23.2,0.2,96.0,76.0,14.6
2018-11-12,27.0,30.1,24.5,4.7,94.0,80.0,10.7
2018-11-13,26.5,29.9,22.2,1.2,99.0,84.0,15.8
2018-11-14,27.3,31.7,24.2,0.0,98.0,77.0,17.1
2018-11-15,27.1,31.8,23.0,0.0,97.0,75.0,16.7
2018-11-16,27.4,31.8,23.5,0.0,93.0,72.0,12.6
2018-11-17,27.1,31.6,23.5,1.9,98.0,76.0,16.3
2018-11-18,26.9,31.0,23.2,0.4,95.0,79.0,12.2
2018-11-19,27.2,30.7,24.1,0.0,91.0,74.0,13.9
2018-11-20,27.3,30.4,25.5,0.6,84.0,73.0,16.1
2018-11-21,25.7,27.9,23.9,5.5,97.0,86.0,11.6
2018-11-22,27.2,30.8,24.2,1.1,94.0,80.0,17.1
2018-11-23,26.7,29.7,24.5,1.5,96.0,84.0,9.0
2018-11-24,26.8,29.6,24.5,1.8,92.0,81.0,9.9
2018-11-25,26.7,30.5,23.2,0.2,96.0,79.0,18.9
2018-11-26,26.7,30.0,24.1,0.2,92.0,79.0,11.0
2018-11-27,26.7,31.5,23.5,0.4,99.0,76.0,15.8
2018-11-28,26.9,30.3,23.9,1.9,98.0,81.0,11.3
2018-11-29,27.0,30.6,24.0,1.7,96.0,79.0,11.9
2018-11-30,26.4,30.4,23.5,0.0,95.0,77.0,17.3
2018-12-01,26.8,31.2,24.0,2.0,92.0,76.0,16.7
2018-12-02,26.7,31.4,22.2,0.1,97.0,77.0,19.5
2018-12-03,27.8,32.6,24.6,1.8,95.0,72.0,11.0
2018-12-04,26.8,31.1,24.3,6.8,99.0,84.0,14.7
2018-12-05,27.4,31.2,23.6,1.0,98.0,80.0,14.0
2018-12-06,27.6,32.2,23.9,0.2,99.0,77.0,20.3
2018-12-07,27.3,31.9,23.4,0.2,98.0,78.0,16.7
2018-12-08,27.4,32.0,23.9,0.0,94.0,73.0,16.4
2018-12-09,26.9,31.8,22.6,0.2,99.0,78.0,17.7
2018-12-10,27.8,31.5,25.1,0.6,90.0,74.0,11.2
2018-12-11,27.4,31.6,23.5,0.0,98.0,77.0,11.2
2018-12-12,27.4,32.2,24.1,0.1,92.0,74.0,15.6
2018-12-13,27.3,31.1,24.5,2.1,89.0,75.0,17.7
2018-12-14,26.7,30.2,24.6,2.9,92.0,78.0,15.8
2018-12-15,26.9,30.9,24.2,0.0,89.0,74.0,20.6
2018-12-16,26.9,30.4,24.5,3.8,96.0,79.0,13.1
2018-12-17,26.6,30.0,22.9,0.7,94.0,76.0,11.2
2018-12-18,26.3,30.9,22.8,0.0,96.0,75.0,18.0
2018-12-19,26.0,30.9,22.2,0.9,94.0,76.0,17.1
2018-12-20,26.0,29.2,23.4,6.3,94.0,79.0,13.7
2018-12-21,25.3,27.2,23.1,7.5,99.0,90.0,11.2
2018-12-22,27.0,31.1,24.4,0.9,98.0,81.0,14.1
2018-12-23,24.5,25.4,23.6,105.7,99.0,96.0,14.3
2018-12-24,25.4,27.0,24.2,5.3,97.0,92.0,6.5
2018-12-25,26.5,29.5,23.9,0.3,97.0,86.0,13.4
2018-12-26,26.2,29.0,23.2,0.8,99.0,88.0,5.4
2018-12-27,26.0,28.2,24.2,1.2,97.0,87.0,13.4
2018-12-27,26.0,28.2,24.2,1.2,97.0,87.0,13.4
2018-12-28,24.8,27.3,23.2,36.1,94.0,87.0,25.7
2018-12-29,22.7,23.6,21.5,59.4,95.0,88.0,26.7
2018-12-30,23.4,25.0,22.0,29.2,97.0,92.0,15.9
2018-12-31,24.5,27.0,22.8,36.0,99.0,92.0,21.4
2019-01-01,25.7,28.8,22.5,1.9,96.0,84.0,20.8
2019-01-02,25.8,29.5,22.0,0.2,99.0,82.0,17.7
2019-01-03,26.1,29.5,23.1,6.0,94.0,82.0,14.8
2019-01-04,25.2,29.6,22.0,0.2,97.0,82.0,20.1
2019-01-05,25.2,29.5,21.4,0.1,98.0,81.0,20.7
2019-01-06,24.5,28.2,21.0,1.8,98.0,83.0,15.2
2019-01-07,24.5,28.8,20.7,0.0,99.0,81.0,19.1
2019-01-08,25.2,29.3,21.9,0.0,98.0,80.0,20.5
2019-01-09,25.2,29.1,21.9,1.1,97.0,82.0,15.9
2019-01-10,25.2,29.5,22.4,0.5,99.0,83.0,19.4
2019-01-11,25.4,29.4,22.2,1.0,98.0,82.0,18.9
2019-01-12,25.9,30.0,23.2,0.3,94.0,78.0,12.3
2019-01-13,25.3,29.6,21.1,0.3,98.0,79.0,13.2
2019-01-14,24.8,30.0,21.0,0.0,100.0,80.0,21.7
2019-01-15,24.9,29.0,20.9,0.0,100.0,79.0,18.7
2019-01-16,24.2,28.8,20.5,0.0,99.0,80.0,18.1
2019-01-17,25.0,29.8,21.4,0.0,99.0,76.0,13.2
2019-01-18,24.4,28.8,20.5,0.1,99.0,77.0,22.7
2019-01-19,25.1,29.2,21.4,0.0,100.0,80.0,21.3
2019-01-20,25.6,30.0,22.2,0.0,97.0,79.0,14.4
2019-01-21,25.8,29.0,23.5,0.0,90.0,75.0,18.9
2019-01-22,26.2,29.6,24.0,0.0,85.0,72.0,17.3
2019-01-23,25.7,28.8,23.4,0.4,87.0,75.0,17.7
2019-01-24,25.9,29.6,22.5,1.1,95.0,76.0,15.5
2019-01-25,25.5,29.4,21.9,0.0,94.0,75.0,12.2
2019-01-26,24.5,27.8,21.2,0.7,90.0,73.0,17.3
2019-01-27,23.9,27.4,19.8,0.3,96.0,73.0,19.6
2019-01-28,23.6,27.4,20.0,0.2,97.0,75.0,17.6
2019-01-29,23.4,27.8,20.0,0.1,96.0,77.0,23.4
2019-01-30,24.2,28.9,21.0,0.0,98.0,76.0,18.4
2019-01-31,24.9,29.0,22.1,0.0,94.0,80.0,19.9
2019-02-01,24.3,28.5,20.9,0.5,97.0,74.0,17.8
2019-02-02,24.6,28.8,21.0,0.3,99.0,78.0,25.1
2019-02-03,25.7,30.0,23.0,0.0,90.0,77.0,13.0
2019-02-04,25.2,30.2,20.4,0.3,99.0,75.0,19.7
2019-02-05,25.4,29.5,21.3,0.0,90.0,71.0,15.8
2019-02-06,24.9,28.9,20.9,0.0,93.0,74.0,17.7
2019-02-07,24.7,29.4,20.2,0.0,98.0,71.0,16.9
2019-02-08,25.2,29.4,20.5,0.0,100.0,78.0,23.4
2019-02-09,25.9,30.5,22.6,0.0,96.0,75.0,24.3
2019-02-10,26.1,30.4,22.4,0.9,98.0,77.0,17.6
2019-02-11,25.6,30.6,21.2,0.0,97.0,74.0,20.9
2019-02-12,26.1,29.8,22.6,0.0,94.0,72.0,23.0
2019-02-13,25.3,29.4,21.1,0.5,98.0,78.0,21.1
2019-02-14,25.2,30.5,20.0,0.1,96.0,68.0,21.3
2019-02-15,25.9,30.2,21.9,0.0,94.0,66.0,19.8
2019-02-16,25.6,30.9,21.0,0.0,95.0,72.0,20.1
2019-02-17,26.2,29.9,24.0,0.2,80.0,69.0,20.7
2019-02-18,26.0,30.0,22.4,0.0,92.0,67.0,26.1
2019-02-19,26.2,30.6,21.8,0.0,93.0,67.0,24.9
2019-02-20,25.7,30.2,21.9,0.1,81.0,64.0,24.7
2019-02-21,26.0,30.2,21.4,0.0,95.0,66.0,22.9
2019-02-22,25.6,29.0,21.4,0.0,97.0,73.0,16.1
2019-02-23,25.6,29.8,20.6,0.0,97.0,71.0,13.0
2019-02-24,25.9,30.0,22.5,0.0,93.0,71.0,19.2
2019-02-25,26.2,29.4,23.4,0.0,83.0,70.0,15.9
2019-02-26,25.9,29.4,23.0,0.9,78.0,67.0,17.3
2019-02-27,25.8,30.4,21.5,0.1,96.0,70.0,20.0
2019-02-28,26.2,30.2,22.5,0.6,95.0,73.0,21.2
2019-03-01,26.2,29.9,22.2,0.0,93.0,71.0,16.6
2019-03-02,25.9,31.0,20.5,0.2,88.0,62.0,18.9
2019-03-03,26.8,30.7,23.2,0.2,94.0,72.0,14.8
2019-03-04,27.6,31.9,24.6,0.0,86.0,69.0,20.7
2019-03-04,27.6,31.9,24.6,0.0,86.0,69.0,20.7
2019-03-05,27.1,31.8,22.7,0.0,88.0,68.0,23.6
2019-03-06,27.3,31.9,23.4,0.0,91.0,71.0,22.7
2019-03-07,27.6,31.6,24.0,1.2,88.0,70.0,17.1
2019-03-08,27.6,32.3,23.8,0.1,86.0,66.0,24.3
2019-03-09,27.2,32.1,21.9,0.0,95.0,68.0,18.6
2019-03-10,27.3,32.3,24.5,0.0,91.0,70.0,18.5
2019-03-11,27.4,31.9,24.1,0.1,93.0,73.0,20.9
2019-03-12,27.6,31.5,24.5,2.4,94.0,74.0,13.9
2019-03-13,27.7,31.5,24.2,0.6,80.0,66.0,13.9
2019-03-14,27.8,30.6,24.5,0.9,91.0,67.0,15.8
2019-03-15,26.6,30.0,24.6,3.3,93.0,80.0,11.5
2019-03-16,26.9,31.5,23.6,0.1,94.0,69.0,19.6
2019-03-17,27.6,32.0,24.4,0.4,86.0,68.0,17.0
2019-03-18,27.8,33.0,22.6,0.0,98.0,68.0,21.3
2019-03-19,27.9,33.2,22.5,0.0,98.0,67.0,20.3
2019-03-20,27.8,33.2,22.5,0.0,94.0,64.0,24.5
2019-03-21,27.9,33.0,23.1,0.0,91.0,65.0,22.2
2019-03-22,28.3,32.7,23.5,0.0,91.0,64.0,17.7
2019-03-23,27.9,32.8,24.4,0.0,82.0,65.0,19.3
2019-03-24,27.4,32.3,23.2,0.6,90.0,62.0,22.4
2019-03-25,27.3,32.2,21.9,0.0,96.0,66.0,23.9
2019-03-26,28.2,32.2,25.0,0.0,82.0,60.0,16.0
2019-03-27,28.3,31.6,25.2,0.0,84.0,65.0,23.0
2019-03-28,28.6,32.3,25.5,0.4,85.0,68.0,19.0
2019-03-29,28.6,33.9,24.3,0.1,86.0,67.0,21.0
2019-03-30,28.2,33.1,24.3,0.1,80.0,65.0,20.8
2019-03-31,28.5,33.4,24.6,0.0,84.0,63.0,26.4
2019-04-01,28.0,33.0,23.5,0.2,84.0,65.0,20.5
2019-04-02,28.3,33.0,24.9,0.6,83.0,62.0,18.8
2019-04-03,28.7,33.0,24.9,0.0,84.0,61.0,16.6
2019-04-04,28.7,33.2,25.5,0.0,81.0,65.0,28.2
2019-04-05,29.5,34.0,25.8,0.2,86.0,64.0,16.2
2019-04-06,29.2,33.2,25.6,0.0,82.0,66.0,19.9
2019-04-07,29.8,34.2,26.4,0.0,80.0,64.0,13.7
2019-04-08,29.7,34.8,25.9,0.0,84.0,61.0,24.2
2019-04-09,30.0,34.3,26.8,0.5,84.0,68.0,25.0
2019-04-10,30.1,35.2,26.5,0.0,79.0,63.0,25.0
2019-04-11,29.3,32.4,26.1,0.6,92.0,71.0,20.7
2019-04-12,29.2,33.5,26.9,0.9,91.0,75.0,12.0
2019-04-13,29.8,33.2,26.6,0.7,84.0,69.0,15.9
2019-04-14,30.3,35.2,26.6,0.3,80.0,62.0,20.4
2019-04-15,29.9,34.1,26.1,0.0,86.0,64.0,15.1
2019-04-16,30.3,33.7,27.4,1.2,84.0,63.0,12.5
2019-04-17,30.1,33.7,27.3,0.4,83.0,66.0,17.4
2019-04-18,30.2,34.1,27.0,1.1,83.0,68.0,11.4
2019-04-19,30.4,34.7,26.8,0.1,88.0,66.0,13.3
2019-04-20,30.1,35.7,25.2,0.0,84.0,59.0,23.3
2019-04-21,30.8,35.2,27.6,0.1,81.0,63.0,14.0
2019-04-22,30.4,35.8,26.4,0.0,82.0,61.0,26.1
2019-04-23,30.3,35.3,26.3,0.0,85.0,59.0,24.5
2019-04-24,30.2,35.0,26.2,0.0,81.0,62.0,24.0
2019-04-25,30.4,36.1,26.1,0.0,85.0,59.0,22.1
2019-04-26,30.1,35.8,26.0,0.0,80.0,60.0,22.9
2019-04-27,29.3,35.2,23.8,0.0,90.0,61.0,25.1
2019-04-28,29.7,35.2,26.8,0.6,80.0,65.0,18.5
2019-04-29,30.0,34.9,26.3,0.1,83.0,62.0,18.7
2019-04-30,30.4,35.1,26.5,0.0,83.0,61.0,17.3
2019-05-01,30.2,34.2,27.0,0.8,86.0,67.0,20.3
2019-05-02,28.9,33.8,25.8,3.6,94.0,74.0,18.2
2019-05-03,29.6,33.2,26.7,0.8,82.0,71.0,20.1
2019-05-04,29.4,32.3,27.1,1.8,84.0,71.0,15.5
2019-05-05,28.8,31.9,26.6,6.8,93.0,78.0,23.1
2019-05-06,27.6,30.0,25.9,18.2,93.0,85.0,20.9
2019-05-07,27.2,29.5,25.9,24.4,96.0,89.0,19.7
2019-05-08,27.2,30.0,25.5,20.0,96.0,88.0,12.2
2019-05-09,27.7,30.8,25.6,15.6,96.0,85.0,20.2
2019-05-10,28.2,30.5,26.5,2.9,92.0,82.0,18.9
2019-05-11,27.9,30.1,26.0,9.1,95.0,85.0,16.5
2019-05-12,28.6,31.0,26.4,3.1,97.0,84.0,13.4
2019-05-13,28.8,32.5,26.0,6.5,93.0,82.0,12.2
2019-05-14,29.7,33.0,26.8,1.3,93.0,79.0,10.6
2019-05-15,29.7,32.2,27.2,0.4,92.0,77.0,11.2
2019-05-16,30.0,33.5,26.5,0.8,93.0,74.0,17.8
2019-05-17,29.7,32.3,27.5,3.4,89.0,78.0,16.5
2019-05-18,29.6,32.1,27.3,1.0,91.0,77.0,21.0
2019-05-19,29.6,32.0,27.0,0.1,96.0,80.0,20.1
2019-05-20,29.1,32.0,26.6,2.5,93.0,81.0,15.5
2019-05-21,28.9,31.5,26.8,4.6,91.0,81.0,16.1
2019-05-22,28.5,31.0,26.1,6.5,97.0,84.0,17.1
2019-05-23,28.6,31.4,26.2,9.1,94.0,82.0,16.3
2019-05-24,28.2,31.7,25.7,5.3,93.0,81.0,8.4
2019-05-25,28.1,30.4,25.9,7.2,94.0,82.0,17.3
2019-05-26,26.8,29.4,25.4,9.4,95.0,88.0,9.6
2019-05-27,27.6,31.8,25.5,7.3,96.0,85.0,13.6
2019-05-28,28.3,32.2,25.5,6.0,96.0,82.0,10.2
2019-05-29,29.2,32.3,27.0,2.0,91.0,79.0,6.7
2019-05-30,29.7,33.1,26.8,0.2,91.0,76.0,8.9
2019-05-31,30.1,33.6,27.2,1.0,95.0,75.0,14.0
2019-06-01,30.4,34.2,27.4,0.2,89.0,73.0,14.7
2019-06-02,30.8,34.5,26.9,0.6,94.0,69.0,20.3
2019-06-03,29.8,33.5,27.2,1.4,88.0,75.0,17.7
2019-06-04,29.7,33.6,26.0,9.5,94.0,74.0,10.8
2019-06-05,30.3,33.3,27.0,0.3,84.0,69.0,18.1
2019-06-06,30.6,35.0,27.2,0.0,84.0,66.0,19.3
2019-06-07,30.7,34.3,27.4,0.1,86.0,67.0,18.3
2019-06-08,30.5,,26.5,2.0,93.0,69.0,12.2
2019-06-09,29.5,34.5,26.5,6.6,91.0,76.0,18.2
2019-06-10,28.8,32.5,26.3,9.6,93.0,80.0,21.0
2019-06-11,28.7,31.8,26.7,21.0,93.0,83.0,21.1
2019-06-12,29.0,30.8,26.7,2.3,91.0,82.0,17.9
2019-06-13,28.4,30.2,27.0,10.1,94.0,86.0,21.7
2019-06-14,28.4,31.2,26.8,10.7,93.0,85.0,26.1
2019-06-15,28.7,30.9,26.5,4.7,92.0,84.0,23.7
2019-06-16,28.2,31.5,25.5,10.8,96.0,85.0,22.1
2019-06-17,28.9,33.1,26.5,4.1,95.0,82.0,17.8
2019-06-18,29.4,32.8,26.6,0.0,91.0,76.0,18.8
2019-06-19,29.4,32.5,26.2,4.3,95.0,78.0,12.3
2019-06-20,29.4,32.7,26.9,5.1,93.0,80.0,10.8
2019-06-21,28.9,32.2,26.1,4.5,96.0,82.0,15.9
2019-06-22,28.8,32.2,26.2,4.9,95.0,81.0,17.6
2019-06-23,28.3,31.4,26.2,14.7,95.0,85.0,22.7
2019-06-24,27.7,30.0,25.3,11.6,95.0,85.0,17.5
2019-06-25,27.7,29.5,26.3,6.0,93.0,86.0,15.9
2019-06-26,27.3,29.8,26.0,14.9,93.0,88.0,18.6
2019-06-27,26.8,28.8,25.8,46.8,93.0,89.0,22.3
2019-06-28,27.1,28.8,26.0,14.0,93.0,88.0,27.7
2019-06-29,26.8,28.1,26.0,26.9,93.0,88.0,28.7
2019-06-30,26.6,28.4,26.0,28.3,94.0,90.0,26.2
2019-07-01,26.2,26.9,25.6,48.9,95.0,91.0,23.5
2019-07-02,27.0,28.8,25.4,6.4,96.0,90.0,10.2
2019-07-03,28.3,31.1,25.9,0.4,94.0,82.0,11.2
2019-07-04,28.2,31.4,25.5,6.3,95.0,81.0,12.3
2019-07-05,27.7,29.8,25.5,4.8,96.0,86.0,15.5
2019-07-06,27.9,30.1,25.8,4.5,93.0,84.0,19.0
2019-07-07,28.2,30.5,26.3,3.0,94.0,84.0,17.8
2019-07-08,28.4,30.4,26.3,4.3,94.0,80.0,18.7
2019-07-09,28.0,30.0,25.9,6.8,96.0,84.0,19.0
2019-07-10,27.7,30.0,25.0,12.1,94.0,85.0,20.1
2019-07-11,28.5,31.0,25.8,0.6,97.0,83.0,12.2
2019-07-12,28.2,31.6,25.4,10.0,95.0,84.0,8.5
2019-07-13,28.1,30.7,26.1,6.2,94.0,83.0,14.0
2019-07-14,27.4,30.5,25.8,8.8,95.0,85.0,14.7
2019-07-15,26.9,28.5,25.2,10.4,98.0,87.0,10.2
2019-07-16,26.4,27.5,25.6,29.3,93.0,89.0,27.6
2019-07-17,26.2,26.6,25.7,32.4,93.0,90.0,38.4
2019-07-18,27.2,28.6,26.1,9.8,92.0,87.0,29.3
2019-07-19,28.1,30.4,26.4,3.7,90.0,83.0,24.5
2019-07-20,27.8,29.9,25.5,7.6,96.0,87.0,14.0
2019-07-21,27.2,29.8,25.6,8.5,97.0,88.0,9.7
2019-07-22,27.1,30.4,25.5,11.3,96.0,87.0,10.6
2019-07-23,26.7,28.9,25.2,3.9,97.0,89.0,9.2
2019-07-24,27.0,29.5,25.4,14.1,95.0,88.0,14.5
2019-07-25,26.9,29.2,25.4,13.2,95.0,88.0,18.9
2019-07-26,27.0,28.9,25.4,6.4,95.0,87.0,17.8
2019-07-27,26.3,28.5,24.8,13.0,96.0,89.0,14.8
2019-07-28,26.0,27.9,25.1,34.1,93.0,90.0,18.8
2019-07-29,26.4,29.0,25.2,24.6,95.0,90.0,18.1
2019-07-30,26.4,28.9,24.9,2.6,98.0,89.0,20.0
2019-07-31,27.4,29.5,25.9,3.2,95.0,85.0,20.5
2019-08-01,27.0,29.1,25.9,15.3,94.0,87.0,26.3
2019-08-02,26.2,27.5,25.3,33.3,94.0,90.0,24.6
2019-08-03,25.7,26.0,25.4,82.6,93.0,91.0,34.4
2019-08-04,25.9,26.3,25.5,89.7,93.0,91.0,34.2
2019-08-05,26.5,27.6,25.6,11.6,93.0,89.0,25.8
2019-08-06,26.4,27.5,25.8,27.2,93.0,90.0,28.3
2019-08-07,26.7,27.8,26.0,10.8,92.0,88.0,33.7
2019-08-08,26.9,28.5,26.0,12.8,92.0,88.0,40.0
2019-08-09,27.0,28.5,26.0,19.7,92.0,87.0,36.1
2019-08-10,27.6,28.5,26.4,8.3,91.0,83.0,32.4
2019-08-11,28.3,29.5,27.4,2.6,84.0,79.0,33.2
2019-08-12,27.9,29.7,26.8,4.5,88.0,82.0,29.2
2019-08-13,27.6,29.1,26.4,11.8,90.0,84.0,32.6
2019-08-14,28.1,29.8,27.0,4.1,89.0,83.0,27.8
2019-08-15,28.2,29.5,27.3,0.8,87.0,82.0,26.7
2019-08-16,28.1,30.0,26.4,2.2,92.0,83.0,24.2
2019-08-17,27.9,29.8,26.4,2.4,91.0,85.0,21.3
2019-08-18,27.8,30.1,25.7,5.7,95.0,86.0,17.6
2019-08-19,27.6,30.1,25.9,6.1,96.0,87.0,18.9
2019-08-20,27.3,29.5,25.6,7.9,95.0,87.0,19.0
2019-08-21,26.3,28.7,24.1,16.1,97.0,89.0,18.7
2019-08-22,27.0,28.6,25.7,17.9,93.0,86.0,17.4
2019-08-23,26.8,27.9,25.4,21.5,93.0,87.0,26.4
2019-08-24,26.4,27.9,25.8,13.8,94.0,90.0,26.6
2019-08-25,26.9,28.9,25.5,20.8,96.0,89.0,18.5
2019-08-26,26.7,29.5,24.9,74.9,96.0,89.0,17.4
2019-08-27,26.0,26.5,25.5,36.0,95.0,91.0,14.3
2019-08-28,26.5,28.9,25.1,10.1,96.0,89.0,19.8
2019-08-28,26.5,28.9,25.1,10.1,96.0,89.0,19.8
2019-08-29,26.7,28.5,25.2,17.6,93.0,86.0,18.6
2019-08-30,27.0,29.2,25.2,6.7,94.0,86.0,15.2
2019-08-31,26.0,28.0,24.7,14.0,95.0,90.0,10.2
2019-09-01,26.7,30.6,24.4,16.0,94.0,85.0,13.3
2019-09-02,26.6,28.4,25.6,15.8,93.0,88.0,21.9
2019-09-03,26.4,28.1,24.9,9.0,99.0,90.0,25.8
2019-09-04,28.4,30.1,27.4,0.1,83.0,78.0,23.4
2019-09-05,28.1,29.7,26.9,2.1,87.0,80.0,27.6
2019-09-06,27.8,30.2,26.2,4.8,92.0,82.0,29.8
2019-09-07,27.2,29.2,25.8,16.7,93.0,86.0,30.6
2019-09-08,26.8,28.9,25.9,16.0,93.0,89.0,26.9
2019-09-09,26.6,28.0,26.0,16.9,93.0,89.0,24.3
2019-09-10,26.4,28.0,24.8,14.4,95.0,88.0,15.3
2019-09-11,26.1,27.6,24.8,10.5,96.0,90.0,13.3
2019-09-12,25.6,27.0,24.4,216.2,98.0,92.0,31.1
2019-09-13,26.4,28.5,25.0,23.5,97.0,91.0,9.5
2019-09-14,26.6,29.5,25.3,17.3,94.0,88.0,15.5
2019-09-15,25.9,27.1,25.2,30.2,94.0,91.0,25.3
2019-09-16,25.7,26.5,25.3,29.9,93.0,91.0,24.8
2019-09-17,26.0,27.8,24.8,31.8,92.0,88.0,32.4
2019-09-18,26.0,27.2,25.1,18.9,93.0,88.0,31.3
2019-09-19,26.0,27.6,25.2,26.7,93.0,89.0,21.9
2019-09-20,25.5,26.8,24.5,42.6,94.0,90.0,24.1
2019-09-21,26.4,28.9,23.5,0.6,98.0,83.0,17.3
2019-09-22,26.8,29.6,23.8,0.0,96.0,82.0,12.8
2019-09-23,27.6,30.5,24.7,0.6,97.0,84.0,9.4
2019-09-24,27.3,29.3,25.0,1.9,98.0,87.0,6.0
2019-09-25,27.4,30.1,25.0,3.0,99.0,87.0,6.2
2019-09-26,27.5,29.9,25.6,5.2,95.0,86.0,8.2
2019-09-27,27.9,30.2,25.6,1.3,97.0,86.0,6.8
2019-09-28,28.1,30.6,25.6,2.1,94.0,84.0,9.4
2019-09-29,27.5,29.7,26.0,6.9,93.0,84.0,17.9
2019-09-30,27.0,28.5,25.9,6.4,93.0,87.0,22.0
2019-10-01,27.1,29.6,24.9,2.9,98.0,88.0,12.6
2019-10-02,26.5,30.0,24.2,4.6,98.0,89.0,8.7
2019-10-03,27.0,30.3,24.2,2.7,96.0,84.0,10.3
2019-10-04,26.7,29.0,24.9,8.8,95.0,87.0,10.6
2019-10-05,27.3,30.0,24.8,0.5,96.0,85.0,12.5
2019-10-06,27.3,30.4,24.2,1.8,99.0,84.0,10.5
2019-10-07,27.7,32.0,24.4,0.3,96.0,80.0,10.9
2019-10-08,27.9,31.1,24.8,3.0,99.0,82.0,6.6
2019-10-09,27.3,31.1,24.8,2.1,99.0,85.0,8.9
2019-10-10,27.2,30.4,24.4,2.5,95.0,84.0,9.7
2019-10-11,26.9,29.4,24.6,4.5,99.0,85.0,15.0
2019-10-12,27.0,30.4,25.0,1.8,94.0,82.0,11.0
2019-10-13,27.4,30.9,24.4,0.7,96.0,77.0,14.5
2019-10-14,27.0,30.9,23.5,0.6,98.0,80.0,10.4
2019-10-15,27.3,31.2,23.6,0.8,99.0,79.0,12.9
2019-10-16,27.3,31.1,24.2,0.8,98.0,81.0,10.1
2019-10-17,27.6,30.6,24.6,0.4,97.0,82.0,9.3
2019-10-18,28.1,30.6,25.6,0.9,95.0,80.0,11.1
2019-10-19,27.7,30.4,25.5,8.7,93.0,84.0,9.0
2019-10-20,27.6,30.9,,3.6,95.0,82.0,14.0
2019-10-21,27.7,30.1,24.8,0.3,97.0,83.0,9.7
2019-10-22,27.7,30.5,24.9,0.6,95.0,80.0,6.5
2019-10-23,27.9,30.8,25.0,3.3,93.0,80.0,7.9
2019-10-24,27.7,30.6,24.5,1.9,96.0,83.0,11.2
2019-10-25,28.0,31.4,24.7,1.2,97.0,78.0,10.5
2019-10-26,27.9,32.2,24.5,0.1,97.0,77.0,13.2
2019-10-27,28.2,32.2,25.1,4.1,95.0,77.0,18.2
2019-10-28,27.4,30.8,25.3,2.7,95.0,82.0,17.1
2019-10-29,28.0,31.0,25.6,0.7,93.0,79.0,21.3
2019-10-30,26.8,30.0,24.1,1.8,98.0,87.0,11.2
2019-10-31,27.8,32.0,24.9,12.3,95.0,80.0,12.6
2019-11-01,26.6,29.5,25.4,31.8,95.0,88.0,8.9
2019-11-02,26.7,29.4,24.6,6.1,96.0,88.0,10.9
2019-11-03,26.8,29.2,24.0,11.3,97.0,86.0,14.8
2019-11-04,27.0,30.0,25.0,7.9,96.0,87.0,17.6
2019-11-05,26.9,29.3,25.5,11.9,95.0,88.0,10.5
2019-11-06,26.8,30.0,25.6,9.6,96.0,89.0,14.5
2019-11-07,26.9,29.6,24.9,0.7,96.0,85.0,15.6
2019-11-08,27.1,30.8,24.6,8.7,95.0,85.0,14.5
2019-11-09,27.1,30.6,24.9,5.5,96.0,87.0,8.0
2019-11-10,26.4,29.0,23.9,0.2,92.0,84.0,10.8
2019-11-11,26.8,29.8,25.3,0.5,98.0,83.0,10.8
2019-11-12,26.6,28.9,24.2,0.9,88.0,81.0,10.1
2019-11-13,26.4,29.4,24.0,0.0,91.0,78.0,15.0
2019-11-14,25.6,27.2,24.0,1.9,96.0,85.0,14.7
2019-11-15,26.9,29.8,24.6,4.6,99.0,84.0,14.4
2019-11-16,27.3,29.8,25.0,1.3,99.0,86.0,9.6
2019-11-17,27.7,,25.1,0.8,95.0,82.0,13.0
2019-11-18,27.0,29.6,24.1,0.7,97.0,85.0,21.3
2019-11-19,27.9,30.5,25.1,0.3,93.0,81.0,10.3
2019-11-20,27.1,30.3,25.0,6.9,95.0,84.0,16.8
2019-11-21,26.7,29.1,24.5,1.3,97.0,86.0,9.1
2019-11-22,26.9,29.2,24.8,3.6,96.0,86.0,6.9
2019-11-23,26.7,29.4,24.6,0.9,96.0,88.0,9.7
2019-11-24,27.1,31.2,24.1,1.7,100.0,85.0,9.0
2019-11-25,26.9,30.6,24.4,6.6,97.0,86.0,9.7
2019-11-26,27.0,31.0,24.1,2.1,99.0,82.0,18.4
2019-11-27,27.5,31.6,25.0,1.6,100.0,82.0,15.8
2019-11-28,27.5,31.0,25.1,0.4,91.0,74.0,16.1
2019-11-29,26.3,30.6,23.1,0.0,94.0,76.0,17.2
2019-11-30,25.6,29.6,22.5,0.0,95.0,75.0,15.9
2019-12-01,26.4,,23.5,0.0,82.0,69.0,18.5
2019-12-02,27.1,30.4,25.2,1.1,79.0,71.0,28.6
2019-12-03,25.7,26.4,23.9,51.3,87.0,84.0,42.3
2019-12-04,27.2,30.2,25.2,0.7,93.0,82.0,24.5
2019-12-05,26.9,29.5,25.0,1.4,94.0,85.0,7.1
2019-12-06,26.4,28.9,23.9,1.0,98.0,87.0,13.0
2019-12-07,26.3,29.0,24.1,0.7,95.0,82.0,12.6
2019-12-08,25.6,29.6,23.0,0.0,91.0,76.0,13.4
2019-12-09,25.7,29.4,23.1,0.0,94.0,77.0,13.8
2019-12-10,25.5,28.4,22.9,4.3,96.0,84.0,11.3
2019-12-11,26.2,29.2,23.5,1.9,96.0,85.0,5.8
2019-12-12,26.0,30.0,22.7,1.3,100.0,83.0,16.6
2019-12-13,26.6,31.4,22.7,0.2,100.0,80.0,12.5
2019-12-14,27.0,31.1,23.6,0.2,99.0,81.0,14.0
2019-12-15,27.1,31.3,24.5,0.3,100.0,82.0,17.8
2019-12-16,26.8,31.3,23.0,0.0,100.0,82.0,19.8
2019-12-17,26.5,31.5,22.0,0.0,99.0,78.0,17.3
2019-12-18,26.9,31.5,23.2,0.3,98.0,77.0,17.0
2019-12-19,26.5,30.8,23.0,1.8,97.0,80.0,10.8
2019-12-20,26.6,30.5,23.1,1.3,97.0,80.0,14.5
2019-12-21,26.4,30.6,23.0,2.3,98.0,80.0,16.0
2019-12-22,26.5,30.4,22.9,0.0,97.0,79.0,10.1
2019-12-23,25.9,28.5,22.2,2.3,100.0,85.0,11.7
2019-12-24,,31.6,24.5,0.5,87.0,71.0,18.3
2019-12-25,26.3,29.2,24.6,27.2,95.0,80.0,22.3
2019-12-26,26.8,29.7,24.2,4.3,95.0,84.0,20.1
2019-12-27,27.2,30.0,24.9,0.2,89.0,79.0,16.3
2019-12-28,26.8,30.2,23.0,0.2,95.0,76.0,23.0
2019-12-29,26.4,30.3,23.5,0.0,94.0,76.0,24.7
2019-12-30,26.5,30.9,23.4,0.1,96.0,79.0,13.6
2019-12-31,26.9,31.1,24.0,0.8,96.0,76.0,14.6
2020-01-01,26.4,30.8,22.8,2.7,99.0,83.0,20.7
2020-01-02,26.6,31.2,22.5,0.0,93.0,75.0,17.5
2020-01-03,26.1,31.0,22.3,0.0,93.0,71.0,17.6
2020-01-04,26.3,31.0,23.1,0.0,95.0,75.0,17.7
2020-01-05,26.2,30.5,23.2,0.0,89.0,71.0,20.7
2020-01-06,26.6,31.6,23.0,0.0,90.0,69.0,19.1
2020-01-07,26.7,31.8,23.5,10.8,97.0,79.0,18.0
2020-01-08,26.2,29.5,23.0,1.2,95.0,82.0,9.4
2020-01-09,25.9,30.6,22.6,0.0,96.0,77.0,13.3
2020-01-09,25.9,30.6,22.6,0.0,96.0,77.0,13.3
2020-01-10,25.8,29.9,22.1,2.2,97.0,79.0,14.5
2020-01-11,26.3,30.2,23.1,1.4,96.0,79.0,12.7
2020-01-12,26.1,29.2,23.0,2.0,97.0,81.0,7.3
2020-01-13,26.0,28.9,23.4,1.4,96.0,83.0,14.5
2020-01-14,26.1,29.3,22.8,1.2,97.0,79.0,11.2
2020-01-15,26.4,30.5,23.1,0.8,97.0,77.0,15.9
2020-01-16,27.1,31.0,24.3,0.0,93.0,77.0,11.6
2020-01-17,26.5,29.0,24.3,1.8,96.0,85.0,7.4
2020-01-18,26.5,30.0,23.6,1.3,95.0,81.0,12.7
2020-01-19,26.0,29.1,23.0,1.1,94.0,79.0,13.6
2020-01-20,26.0,29.9,22.8,0.2,91.0,74.0,20.5
2020-01-21,25.3,29.0,21.0,0.0,95.0,70.0,25.4
2020-01-22,25.7,30.2,22.2,0.0,95.0,69.0,22.9
2020-01-23,26.1,31.0,23.1,0.1,91.0,68.0,20.2
2020-01-24,25.6,29.1,23.5,2.6,97.0,85.0,9.5
2020-01-25,26.4,29.8,23.7,1.3,97.0,83.0,17.9
2020-01-26,26.7,30.0,23.7,0.2,94.0,82.0,14.1
2020-01-27,26.3,29.9,23.6,0.3,99.0,81.0,14.8
2020-01-28,26.5,30.5,22.8,0.3,97.0,78.0,10.0
2020-01-29,25.9,29.7,22.9,0.0,92.0,75.0,13.1
2020-01-30,25.6,28.9,22.0,0.0,91.0,71.0,21.0
2020-01-31,24.9,28.0,21.7,0.4,85.0,72.0,8.9
2020-02-01,24.9,29.4,20.9,0.8,94.0,69.0,18.7
2020-02-02,24.9,29.5,21.4,0.7,91.0,70.0,20.2
2020-02-03,24.0,29.0,19.9,0.4,93.0,69.0,20.5
2020-02-04,25.4,30.5,21.8,0.0,88.0,66.0,12.4
2020-02-05,26.8,31.2,23.8,0.0,97.0,70.0,14.8
2020-02-06,27.0,31.8,24.0,0.7,87.0,71.0,20.2
2020-02-07,26.4,29.1,24.1,4.9,99.0,83.0,8.9
2020-02-08,26.8,30.9,24.4,1.5,97.0,80.0,12.3
2020-02-09,25.3,27.6,22.9,0.5,96.0,78.0,15.2
2020-02-10,25.3,29.7,21.3,0.0,93.0,68.0,20.9
2020-02-11,25.4,30.6,20.9,0.0,94.0,65.0,22.7
2020-02-12,25.7,31.2,21.5,0.0,96.0,69.0,23.4
2020-02-13,25.9,29.8,22.4,2.0,94.0,73.0,20.7
2020-02-14,27.1,31.4,22.9,0.0,94.0,69.0,25.2
2020-02-15,26.6,31.6,21.9,0.0,95.0,69.0,27.3
2020-02-16,27.1,32.0,23.1,0.0,96.0,74.0,20.0
2020-02-17,26.4,29.2,23.4,3.8,91.0,76.0,9.1
2020-02-18,26.0,30.7,22.0,0.2,88.0,67.0,21.1
2020-02-19,25.7,31.2,21.2,0.0,84.0,63.0,16.6
2020-02-20,25.6,30.7,22.0,0.0,77.0,58.0,20.1
2020-02-21,25.9,31.0,21.5,0.0,89.0,67.0,28.0
2020-02-22,26.0,31.6,22.1,0.0,88.0,63.0,23.5
2020-02-23,26.7,31.9,22.8,0.2,97.0,70.0,23.5
2020-02-24,26.7,31.5,22.5,1.0,97.0,73.0,22.6
2020-02-25,26.6,31.8,21.9,0.0,96.0,69.0,23.0
2020-02-26,26.8,31.4,23.1,0.7,95.0,71.0,14.1
2020-02-27,26.8,32.7,21.8,0.1,96.0,67.0,20.9
2020-02-28,26.9,32.4,22.6,0.0,93.0,65.0,21.7
2020-02-29,27.3,32.6,22.6,0.0,93.0,65.0,25.3
2020-03-01,27.2,32.0,23.1,0.0,83.0,66.0,18.8
2020-03-02,27.3,33.2,22.5,0.0,92.0,64.0,23.2
2020-03-03,27.4,32.8,23.0,0.0,95.0,67.0,16.6
2020-03-04,27.0,31.8,22.0,0.0,96.0,70.0,16.9
2020-03-05,27.6,32.7,23.7,0.0,93.0,65.0,21.7
2020-03-06,28.2,32.5,24.2,0.1,90.0,67.0,13.6
2020-03-07,28.3,32.0,25.5,0.7,88.0,72.0,20.9
2020-03-08,28.7,33.7,25.1,1.2,97.0,74.0,14.4
2020-03-09,28.7,,25.1,2.2,96.0,76.0,19.4
2020-03-10,28.4,32.8,25.5,0.7,94.0,76.0,15.5
2020-03-11,28.5,33.1,25.3,0.3,81.0,69.0,21.3
2020-03-12,28.5,33.0,24.0,0.0,92.0,65.0,29.8
2020-03-13,28.5,33.2,23.9,0.2,87.0,66.0,14.7
2020-03-14,28.4,33.5,24.0,0.1,89.0,66.0,18.1
2020-03-15,27.6,30.8,24.5,1.9,89.0,71.0,11.7
2020-03-16,27.7,32.0,24.1,1.6,88.0,69.0,18.4
2020-03-17,27.7,31.8,24.7,0.6,82.0,66.0,19.4
2020-03-18,27.7,32.8,23.5,0.2,92.0,66.0,21.7
2020-03-19,28.3,32.9,24.5,0.0,88.0,66.0,24.0
2020-03-20,28.2,32.6,24.0,1.3,91.0,68.0,18.9
2020-03-21,28.8,33.7,25.0,0.2,87.0,66.0,18.5
2020-03-22,29.0,33.8,24.6,0.6,89.0,67.0,18.5
2020-03-23,28.7,34.5,23.0,0.0,92.0,61.0,20.4
2020-03-24,28.6,33.2,24.8,0.4,81.0,64.0,20.0
2020-03-25,28.4,33.7,23.2,0.0,91.0,61.0,25.9
2020-03-26,28.7,34.5,24.2,0.0,92.0,63.0,24.9
2020-03-27,28.9,34.1,25.1,0.7,89.0,66.0,24.2
2020-03-28,29.6,34.5,25.2,0.0,86.0,62.0,20.4
2020-03-29,29.4,34.5,25.5,0.4,84.0,63.0,25.7
2020-03-30,29.1,33.8,25.0,2.4,83.0,65.0,18.3
2020-03-31,29.4,35.2,24.6,0.0,92.0,63.0,19.1
2020-04-01,29.7,34.8,26.0,0.6,83.0,65.0,19.5
2020-04-02,28.6,33.9,23.5,0.9,96.0,66.0,25.5
2020-04-03,29.2,35.3,24.2,0.0,89.0,61.0,20.3
2020-04-04,29.1,34.4,25.0,0.0,83.0,62.0,19.3
2020-04-05,28.7,34.4,23.6,0.0,95.0,62.0,24.0
2020-04-06,29.2,34.2,25.4,0.4,89.0,63.0,24.6
2020-04-07,29.3,33.5,26.0,1.3,86.0,67.0,18.8
2020-04-08,29.2,33.4,26.2,1.7,83.0,67.0,10.6
2020-04-09,28.5,31.7,25.5,2.2,96.0,74.0,12.1
2020-04-10,29.1,33.6,25.5,0.3,91.0,67.0,16.6
2020-04-11,29.4,33.2,26.2,1.5,88.0,67.0,17.9
2020-04-12,28.5,31.9,25.5,2.4,90.0,75.0,15.6
2020-04-13,28.0,32.4,25.6,9.3,88.0,77.0,11.6
2020-04-14,27.6,31.5,25.2,1.1,86.0,71.0,21.4
2020-04-15,28.4,32.2,24.9,3.1,95.0,74.0,13.3
2020-04-16,28.3,32.8,25.6,4.0,90.0,77.0,12.0
2020-04-17,29.2,33.7,26.1,1.3,86.0,70.0,14.7
2020-04-18,29.3,34.2,26.5,1.1,84.0,72.0,12.2
2020-04-19,30.1,35.0,25.9,0.0,88.0,65.0,23.6
2020-04-20,29.9,34.7,26.2,2.2,87.0,67.0,15.6
2020-04-21,30.6,35.8,26.8,0.0,83.0,61.0,25.9
2020-04-22,30.5,35.0,26.3,0.0,91.0,68.0,19.8
2020-04-23,30.4,35.2,26.6,0.1,83.0,65.0,18.2
2020-04-24,30.6,36.1,26.5,0.0,86.0,62.0,22.5
2020-04-25,30.3,35.5,26.8,0.4,85.0,65.0,17.6
2020-04-26,30.2,35.6,26.4,0.1,88.0,66.0,14.3
2020-04-27,29.7,34.6,25.2,1.9,89.0,66.0,18.8
2020-04-28,30.0,36.2,25.5,0.0,86.0,61.0,23.2
2020-04-29,30.0,34.4,26.6,0.0,82.0,64.0,14.9
2020-04-30,29.9,35.2,26.0,0.0,87.0,64.0,21.4
2020-05-01,30.3,35.2,26.1,0.4,84.0,63.0,18.0
2020-05-02,30.8,35.5,27.4,0.3,83.0,61.0,18.8
2020-05-03,30.0,33.5,27.6,1.4,86.0,71.0,15.9
2020-05-04,31.6,36.3,28.1,0.9,80.0,65.0,20.8
2020-05-05,31.6,37.0,27.7,0.2,84.0,64.0,25.2
2020-05-06,30.7,35.4,26.9,5.0,91.0,72.0,19.7
2020-05-07,30.9,34.1,28.0,0.4,82.0,70.0,17.3
2020-05-08,31.6,35.8,27.7,0.1,85.0,64.0,16.8
2020-05-09,30.7,35.8,27.5,1.3,88.0,69.0,18.7
2020-05-10,29.9,35.1,26.8,2.7,91.0,74.0,7.7
2020-05-11,30.9,35.5,27.0,1.0,87.0,66.0,13.8
2020-05-12,30.5,35.5,26.5,2.6,94.0,71.0,16.3
2020-05-13,30.0,34.3,26.7,4.8,94.0,73.0,12.2
2020-05-14,29.8,34.3,27.0,12.2,92.0,75.0,12.8
2020-05-15,26.6,28.1,25.9,137.2,93.0,89.0,71.2
2020-05-16,28.1,30.6,26.8,8.4,91.0,84.0,14.8
2020-05-17,28.7,32.5,26.2,6.0,96.0,83.0,12.8
2020-05-18,29.2,32.1,27.0,4.8,97.0,83.0,12.3
2020-05-19,28.7,31.6,26.8,10.4,97.0,85.0,11.3
2020-05-20,29.4,32.8,27.2,8.1,92.0,81.0,10.6
2020-05-21,29.3,33.0,27.2,2.6,94.0,82.0,13.5
2020-05-21,29.3,33.0,27.2,2.6,94.0,82.0,13.5
2020-05-22,29.4,31.9,27.0,6.9,93.0,81.0,14.8
2020-05-23,28.1,30.8,25.7,14.9,95.0,86.0,20.9
2020-05-24,28.9,32.5,26.1,2.0,94.0,80.0,16.6
2020-05-25,29.5,32.0,27.4,0.0,98.0,82.0,9.0
2020-05-26,29.6,32.2,27.4,3.5,91.0,78.0,6.1
2020-05-27,28.9,32.6,26.8,10.2,93.0,82.0,11.5
2020-05-28,28.0,32.2,25.4,4.7,96.0,84.0,14.7
2020-05-29,28.7,32.5,25.8,3.3,97.0,82.0,13.0
2020-05-30,28.9,32.3,26.5,2.3,93.0,80.0,11.8
2020-05-31,29.4,33.5,25.6,0.0,89.0,70.0,17.0
2020-06-01,29.3,32.5,26.5,0.5,95.0,78.0,9.4
2020-06-02,29.5,33.0,26.6,0.9,98.0,77.0,15.5
2020-06-03,30.1,32.9,27.5,2.2,88.0,73.0,11.3
2020-06-04,29.8,33.0,26.9,3.1,91.0,77.0,10.5
2020-06-05,30.5,33.8,27.1,1.1,92.0,72.0,8.7
2020-06-06,30.8,35.0,27.4,0.0,89.0,67.0,13.1
2020-06-07,29.2,33.8,25.8,4.9,97.0,76.0,14.7
2020-06-08,29.7,33.3,26.6,0.8,92.0,73.0,17.1
2020-06-09,29.8,34.0,25.8,2.0,95.0,74.0,18.8
2020-06-10,28.5,32.5,26.1,16.9,91.0,80.0,10.4
2020-06-11,26.9,29.6,25.1,45.9,97.0,88.0,18.9
2020-06-12,26.3,27.5,25.9,20.4,93.0,90.0,18.0
2020-06-13,27.8,30.8,25.3,9.5,96.0,86.0,16.3
2020-06-14,28.4,31.8,25.9,1.8,92.0,80.0,18.4
2020-06-15,27.8,30.2,26.2,6.6,95.0,86.0,8.6
2020-06-16,28.8,31.7,25.7,2.0,95.0,80.0,9.5
2020-06-17,,32.2,26.0,0.9,94.0,80.0,10.2
2020-06-18,28.6,32.2,25.9,7.2,94.0,82.0,11.4
2020-06-19,27.0,29.6,25.1,11.5,94.0,87.0,7.4
2020-06-20,27.9,30.5,26.1,3.6,97.0,85.0,12.3
2020-06-21,28.8,31.9,26.4,0.4,98.0,83.0,10.0
2020-06-22,29.2,32.5,26.0,3.3,95.0,81.0,11.0
2020-06-23,28.9,32.4,26.7,5.5,92.0,83.0,14.7
2020-06-24,29.1,32.5,26.5,2.2,93.0,80.0,11.8
2020-06-25,28.4,32.4,25.5,5.3,96.0,83.0,15.0
2020-06-26,28.7,31.9,26.1,0.9,91.0,78.0,19.5
2020-06-27,28.2,31.8,25.4,9.2,93.0,80.0,19.6
2020-06-28,27.0,28.8,25.9,13.8,94.0,88.0,10.5
2020-06-29,28.0,30.2,25.6,12.0,94.0,82.0,26.6
2020-06-30,27.9,30.6,25.6,4.3,97.0,85.0,21.0
2020-07-01,28.8,31.6,25.6,0.0,95.0,77.0,15.6
2020-07-02,28.6,31.6,25.4,5.1,96.0,80.0,8.6
2020-07-03,28.7,32.7,25.3,7.3,93.0,77.0,15.8
2020-07-04,27.5,31.0,25.5,4.9,96.0,83.0,14.9
2020-07-05,27.7,30.0,25.2,16.9,94.0,83.0,9.5
2020-07-06,28.2,31.6,25.8,4.7,96.0,83.0,12.8
2020-07-07,29.4,33.0,25.9,0.9,99.0,76.0,13.0
2020-07-08,29.0,32.6,26.1,3.7,96.0,81.0,11.8
2020-07-09,28.7,32.8,25.8,13.3,97.0,82.0,12.2
2020-07-10,28.0,32.6,24.9,23.5,93.0,82.0,11.0
2020-07-11,27.4,31.5,25.2,10.8,96.0,84.0,9.7
2020-07-12,28.4,31.0,26.1,6.8,93.0,82.0,10.5
2020-07-13,26.9,27.7,25.8,18.0,98.0,90.0,12.1
2020-07-14,28.9,31.3,26.0,1.0,98.0,80.0,10.3
2020-07-15,28.6,32.1,25.5,3.3,96.0,83.0,9.7
2020-07-16,29.3,32.0,26.8,0.9,90.0,74.0,18.7
2020-07-17,28.9,32.5,25.3,5.3,96.0,80.0,15.3
2020-07-18,29.0,33.3,25.5,0.0,94.0,75.0,18.8
2020-07-19,28.8,31.9,26.2,1.5,86.0,75.0,16.6
2020-07-20,27.7,30.6,25.1,3.4,96.0,83.0,17.9
2020-07-21,28.1,31.4,25.5,13.6,97.0,83.0,12.5
2020-07-22,28.9,32.0,26.4,0.8,93.0,79.0,11.2
2020-07-23,28.9,33.0,25.5,2.6,97.0,79.0,12.4
2020-07-24,28.2,31.6,25.9,8.4,94.0,82.0,12.5
2020-07-25,28.0,31.6,25.7,6.2,96.0,83.0,13.3
2020-07-26,28.1,32.0,25.3,13.2,95.0,82.0,8.7
2020-07-27,27.6,31.8,24.9,17.1,96.0,84.0,7.8
2020-07-28,27.0,29.5,25.1,6.8,99.0,88.0,11.1
2020-07-29,26.4,28.1,25.0,88.2,96.0,89.0,13.2
2020-07-30,26.6,28.2,25.9,34.9,95.0,90.0,10.9
2020-07-31,27.2,29.0,26.1,9.1,96.0,89.0,11.0
2020-08-01,27.0,29.6,25.9,9.9,96.0,89.0,11.8
2020-08-02,26.3,27.3,24.1,4.3,97.0,89.0,8.0
2020-08-03,28.2,31.2,25.6,0.7,98.0,81.0,12.0
2020-08-04,28.3,31.6,25.5,1.9,96.0,82.0,11.4
2020-08-05,28.0,31.7,25.5,2.2,94.0,82.0,19.1
2020-08-06,27.6,30.5,25.4,7.4,96.0,85.0,13.0
2020-08-07,26.9,29.4,25.6,21.8,94.0,89.0,14.8
2020-08-08,26.6,27.6,26.0,26.0,94.0,90.0,15.2
2020-08-09,26.8,28.7,25.9,11.7,92.0,88.0,19.8
2020-08-10,27.7,30.4,25.1,2.8,97.0,85.0,14.5
2020-08-11,27.8,31.2,25.6,0.1,96.0,87.0,16.1
2020-08-12,27.6,30.0,25.2,1.5,98.0,86.0,7.8
2020-08-13,27.1,30.3,25.0,12.6,96.0,87.0,7.9
2020-08-14,26.4,28.8,24.6,14.7,95.0,87.0,9.0
2020-08-15,27.0,29.3,25.3,11.5,97.0,88.0,10.0
2020-08-16,27.2,29.5,25.5,7.0,96.0,87.0,6.4
2020-08-17,27.4,29.6,25.5,4.5,96.0,86.0,12.9
2020-08-18,26.9,30.0,24.9,19.2,98.0,88.0,11.2
2020-08-19,26.5,29.0,24.8,80.5,96.0,89.0,14.0
2020-08-20,26.4,27.5,25.8,14.9,92.0,89.0,9.2
2020-08-21,27.2,29.1,25.3,2.2,98.0,88.0,20.4
2020-08-22,27.8,30.0,25.8,8.2,96.0,87.0,14.2
2020-08-23,28.4,30.4,26.1,0.8,95.0,84.0,14.7
2020-08-24,28.5,30.6,26.4,1.5,94.0,82.0,21.1
2020-08-25,28.8,31.0,27.3,0.2,90.0,82.0,22.0
2020-08-26,28.4,30.6,25.2,2.7,100.0,82.0,25.7
2020-08-27,28.6,30.8,26.5,0.7,92.0,80.0,19.7
2020-08-28,28.8,30.5,27.8,0.8,87.0,81.0,19.3
2020-08-29,28.4,29.6,26.8,3.2,89.0,82.0,16.1
2020-08-30,27.1,28.6,25.8,16.2,93.0,89.0,18.1
2020-08-31,27.2,29.5,25.5,13.7,94.0,86.0,20.7
2020-09-01,27.6,29.8,25.7,2.9,96.0,85.0,22.4
2020-09-02,28.0,30.0,25.8,0.3,97.0,86.0,18.4
2020-09-03,28.5,31.5,26.1,2.4,95.0,83.0,12.3
2020-09-04,28.5,31.5,26.0,2.7,98.0,84.0,10.4
2020-09-05,28.6,31.1,26.4,5.2,94.0,84.0,12.6
2020-09-06,28.0,30.2,26.2,5.9,94.0,86.0,13.0
2020-09-07,27.5,31.1,25.2,6.1,97.0,87.0,10.8
2020-09-08,28.1,31.6,25.2,2.1,98.0,85.0,11.7
2020-09-09,28.1,30.9,25.5,2.4,98.0,86.0,9.7
2020-09-10,27.8,31.0,25.2,4.0,95.0,85.0,9.2
2020-09-11,27.9,31.2,25.2,9.5,95.0,85.0,10.0
2020-09-12,27.3,29.1,25.2,2.4,97.0,88.0,11.8
2020-09-13,28.7,31.2,26.4,0.8,97.0,83.0,12.2
2020-09-14,27.9,30.9,26.1,7.5,95.0,86.0,8.4
2020-09-15,27.0,28.6,26.0,11.0,91.0,88.0,15.2
2020-09-16,26.9,29.5,25.7,18.2,95.0,88.0,20.6
2020-09-17,26.3,27.0,24.8,7.5,96.0,92.0,20.1
2020-09-18,26.9,29.2,25.0,3.1,95.0,87.0,14.0
2020-09-19,27.4,29.6,25.2,0.0,97.0,87.0,8.7
2020-09-20,28.2,30.5,25.5,2.4,95.0,85.0,9.0
2020-09-21,28.3,30.7,25.8,1.3,96.0,85.0,10.5
2020-09-22,28.0,30.6,25.4,2.1,96.0,82.0,11.8
2020-09-23,26.9,30.2,24.8,29.6,97.0,87.0,12.4
2020-09-24,27.2,30.0,25.5,17.2,96.0,87.0,14.8
2020-09-25,26.8,30.0,25.2,18.9,94.0,89.0,8.9
2020-09-26,27.6,30.8,25.1,3.6,99.0,87.0,12.9
2020-09-27,28.5,31.6,25.6,1.2,100.0,84.0,11.7
2020-09-28,27.8,30.9,25.4,7.3,95.0,84.0,13.8
2020-09-29,27.3,30.2,25.7,6.8,94.0,85.0,16.8
2020-09-30,28.1,30.2,26.1,3.8,95.0,84.0,11.6
2020-10-01,27.8,31.0,25.6,13.5,95.0,85.0,11.5
2020-10-01,27.8,31.0,25.6,13.5,95.0,85.0,11.5
2020-10-02,27.4,30.1,24.8,14.3,95.0,85.0,8.6
2020-10-03,27.2,30.0,25.0,5.6,97.0,86.0,11.5
2020-10-04,28.0,31.3,25.5,4.9,95.0,84.0,11.8
2020-10-05,28.0,30.9,26.2,1.4,95.0,85.0,7.0
2020-10-06,27.7,30.1,25.8,17.0,97.0,87.0,9.3
2020-10-07,27.1,30.1,25.8,9.2,95.0,89.0,10.7
2020-10-08,27.4,30.4,25.5,6.5,95.0,86.0,9.9
2020-10-09,26.4,27.3,25.0,15.9,96.0,90.0,11.9
2020-10-10,26.7,29.2,25.5,25.6,94.0,89.0,18.1
2020-10-11,26.0,27.4,25.0,30.0,96.0,92.0,18.5
2020-10-12,26.7,28.4,25.4,6.5,95.0,90.0,12.2
2020-10-13,26.7,30.1,24.6,3.8,98.0,89.0,10.5
2020-10-14,25.4,26.3,24.5,46.2,96.0,92.0,24.0
2020-10-15,27.2,30.3,25.1,0.5,93.0,82.0,20.8
2020-10-16,27.6,30.8,25.0,2.5,97.0,84.0,16.8
2020-10-17,26.5,28.9,24.9,10.9,96.0,89.0,7.7
2020-10-18,26.1,27.5,24.6,2.6,99.0,92.0,9.4
2020-10-19,28.0,31.8,25.4,1.4,93.0,81.0,11.3
2020-10-20,26.3,27.0,25.9,108.3,94.0,91.0,30.6
2020-10-21,27.0,28.6,25.6,8.8,93.0,87.0,22.7
2020-10-22,27.4,30.2,25.2,10.8,95.0,87.0,20.2
2020-10-23,26.8,29.0,25.4,15.1,98.0,90.0,18.0
2020-10-24,26.4,29.4,24.5,19.5,98.0,91.0,17.1
2020-10-25,26.6,28.9,25.0,20.2,93.0,87.0,31.6
2020-10-26,26.3,28.5,25.4,19.2,92.0,86.0,35.5
2020-10-27,26.3,28.8,24.5,5.2,95.0,89.0,17.9
2020-10-28,26.7,30.3,23.6,4.3,99.0,88.0,12.5
2020-10-29,26.9,29.1,24.8,0.6,97.0,87.0,11.9
2020-10-30,27.8,31.6,25.5,0.9,98.0,82.0,10.3
2020-10-31,27.5,31.3,24.5,1.2,92.0,77.0,17.6
2020-11-01,24.8,26.0,23.8,31.9,93.0,86.0,37.5
2020-11-02,26.9,29.8,24.1,0.4,97.0,84.0,14.3
2020-11-03,27.1,30.1,25.2,12.9,96.0,87.0,8.9
2020-11-04,26.1,28.3,24.8,17.0,97.0,91.0,11.2
2020-11-05,26.6,29.2,24.1,3.9,97.0,87.0,8.2
2020-11-06,27.4,30.5,24.7,1.9,96.0,84.0,7.3
2020-11-07,26.5,30.0,24.3,13.9,94.0,85.0,24.4
2020-11-08,27.0,30.3,25.0,4.6,94.0,85.0,22.1
2020-11-09,26.3,28.5,24.4,7.4,99.0,91.0,8.8
2020-11-10,26.4,28.1,24.4,3.5,96.0,90.0,9.8
2020-11-11,26.9,28.2,25.8,165.8,92.0,86.0,62.6
2020-11-12,26.3,27.0,25.6,56.6,92.0,88.0,36.4
2020-11-13,27.5,30.7,24.8,1.9,94.0,83.0,22.2
2020-11-14,27.3,30.8,24.3,0.8,99.0,85.0,13.5
2020-11-15,27.4,31.4,24.4,1.0,99.0,85.0,11.9
2020-11-16,27.2,30.0,24.4,1.2,98.0,84.0,9.9
2020-11-17,27.2,30.4,24.1,1.0,98.0,84.0,10.2
2020-11-18,27.3,30.6,24.5,0.3,98.0,83.0,11.5
2020-11-19,26.9,30.2,23.9,1.2,98.0,86.0,8.4
2020-11-20,27.2,30.2,24.0,0.9,99.0,86.0,8.0
2020-11-21,27.0,31.2,23.7,0.5,97.0,79.0,14.2
2020-11-22,26.7,30.9,23.6,0.3,92.0,74.0,15.3
2020-11-23,26.6,30.4,23.8,0.0,92.0,75.0,24.6
2020-11-24,26.3,31.0,23.1,0.0,94.0,77.0,17.4
2020-11-25,26.3,30.8,23.1,0.0,99.0,77.0,19.7
2020-11-26,27.1,30.8,24.5,2.2,96.0,78.0,18.7
2020-11-27,26.4,28.1,24.5,1.3,100.0,91.0,10.9
2020-11-28,26.7,29.2,24.4,3.2,100.0,89.0,5.2
2020-11-29,25.9,28.0,24.3,16.0,99.0,91.0,14.8
2020-11-30,26.0,29.8,22.2,0.8,88.0,74.0,21.4
2020-12-01,26.7,30.8,24.0,0.0,85.0,72.0,20.1
2020-12-02,26.8,29.2,24.8,0.6,97.0,84.0,13.2
2020-12-03,26.9,29.1,24.9,6.4,96.0,87.0,10.4
2020-12-04,26.3,28.7,24.9,3.1,97.0,87.0,10.8
2020-12-05,26.5,28.9,24.8,2.5,98.0,89.0,11.1
2020-12-06,27.1,29.5,24.6,2.0,99.0,88.0,8.2
2020-12-07,26.0,27.4,24.8,7.9,96.0,91.0,9.7
2020-12-08,27.0,30.6,24.0,0.4,99.0,85.0,17.3
2020-12-09,26.6,29.6,24.7,11.5,96.0,88.0,11.1
2020-12-10,25.6,27.8,23.7,6.7,99.0,92.0,10.9
2020-12-11,27.3,30.5,24.8,0.4,96.0,85.0,9.2
2020-12-12,27.0,29.6,25.1,3.0,98.0,87.0,12.5
2020-12-13,26.6,28.6,24.1,1.3,98.0,89.0,11.2
2020-12-14,26.9,29.7,24.4,1.3,96.0,86.0,12.0
2020-12-15,26.6,30.1,23.9,1.8,98.0,85.0,10.9
2020-12-16,26.5,30.5,23.2,0.8,96.0,80.0,14.8
2020-12-17,26.2,29.0,24.0,2.0,99.0,86.0,12.6
2020-12-18,26.4,30.4,24.2,15.7,95.0,84.0,22.4
2020-12-19,24.7,25.4,24.1,56.7,97.0,95.0,13.0
2020-12-20,26.1,29.4,24.1,6.1,94.0,87.0,11.9
2020-12-21,26.1,29.0,23.4,0.6,99.0,88.0,7.1
2020-12-22,26.6,29.0,23.9,0.3,99.0,85.0,16.1
2020-12-23,26.9,30.4,23.8,0.1,99.0,83.0,19.4
2020-12-24,26.5,29.5,23.0,0.0,100.0,87.0,4.9
2020-12-25,26.9,30.5,24.5,1.2,97.0,83.0,12.0
2020-12-26,26.6,29.6,24.5,13.4,97.0,87.0,14.9
2020-12-27,24.2,25.3,23.5,56.6,98.0,94.0,21.7
2020-12-28,26.6,28.9,24.8,0.0,95.0,85.0,11.3
2020-12-29,27.2,29.9,24.7,0.4,96.0,86.0,8.9
2020-12-30,26.6,29.4,23.1,12.8,97.0,84.0,21.5
2020-12-31,24.7,28.0,22.2,1.7,88.0,76.0,26.0
2021-01-01,25.0,27.8,23.6,0.5,89.0,78.0,20.0
2021-01-02,25.7,28.9,23.5,5.0,96.0,79.0,19.2
2021-01-03,24.7,26.1,23.2,31.8,99.0,92.0,16.0
2021-01-04,26.4,30.5,23.5,1.4,99.0,85.0,17.0
2021-01-05,25.8,29.0,22.4,0.7,99.0,88.0,6.9
2021-01-06,25.9,30.5,22.8,0.4,98.0,83.0,12.9
2021-01-07,26.0,29.8,23.8,1.9,97.0,83.0,10.5
2021-01-08,26.0,29.2,23.8,0.6,90.0,78.0,17.8
2021-01-09,24.6,26.6,22.6,0.0,94.0,78.0,16.2
2021-01-10,24.8,28.0,22.0,0.0,89.0,73.0,13.7
2021-01-11,24.9,28.2,23.1,1.5,85.0,73.0,14.7
2021-01-12,24.1,27.0,21.6,0.0,91.0,74.0,9.8
2021-01-13,24.6,26.8,23.1,1.1,93.0,82.0,11.2
2021-01-14,25.3,27.3,23.5,0.1,99.0,84.0,11.5
2021-01-15,26.2,29.8,23.3,0.1,97.0,79.0,15.5
2021-01-16,26.2,29.5,23.4,0.2,92.0,76.0,13.8
2021-01-17,25.7,29.0,23.2,7.7,92.0,77.0,17.7
2021-01-18,25.5,28.5,23.3,1.1,87.0,77.0,22.7
2021-01-19,24.8,26.5,23.7,3.9,94.0,85.0,20.5
2021-01-20,24.5,25.4,24.0,67.3,97.0,93.0,14.5
2021-01-21,25.6,27.5,24.1,11.9,97.0,92.0,10.7
2021-01-22,26.1,28.5,24.5,1.1,97.0,88.0,15.3
2021-01-23,26.3,28.9,24.2,1.0,98.0,88.0,8.7
2021-01-24,26.3,28.9,24.1,2.8,96.0,88.0,13.2
2021-01-25,26.2,28.8,23.7,1.0,100.0,88.0,7.1
2021-01-26,26.0,28.0,24.0,0.9,96.0,85.0,10.4
2021-01-27,25.8,28.8,23.7,2.7,97.0,87.0,8.9
2021-01-28,24.9,27.7,22.0,3.6,94.0,85.0,10.5
2021-01-29,24.3,27.9,21.5,0.1,93.0,76.0,19.4
2021-01-30,23.3,27.5,20.1,0.0,92.0,75.0,16.7
2021-01-31,23.6,27.7,20.8,0.0,95.0,80.0,19.2
2021-02-01,24.1,28.7,21.1,0.4,97.0,81.0,13.7
2021-02-02,24.4,27.2,21.5,0.9,96.0,85.0,10.9
2021-02-03,25.5,29.4,22.7,0.4,98.0,81.0,13.0
2021-02-04,25.6,29.8,23.0,0.0,93.0,76.0,16.6
2021-02-05,25.8,29.0,23.5,3.7,96.0,80.0,17.6
2021-02-06,25.4,28.4,22.4,5.3,98.0,87.0,8.8
2021-02-07,26.4,31.1,23.1,0.1,96.0,79.0,7.7
2021-02-08,26.3,29.9,24.0,0.9,94.0,79.0,16.6
2021-02-09,25.1,27.6,23.2,6.9,95.0,85.0,14.6
2021-02-10,25.8,29.5,23.5,3.7,98.0,84.0,14.7
2021-02-11,26.1,28.4,23.8,1.0,93.0,84.0,13.7
2021-02-12,25.9,29.6,22.9,10.3,93.0,85.0,15.3
2021-02-13,25.1,27.1,23.5,6.2,95.0,89.0,13.3
2021-02-14,25.5,28.0,23.5,3.6,96.0,86.0,11.1
2021-02-15,25.2,27.5,23.6,2.0,89.0,83.0,14.6
2021-02-16,24.8,28.2,21.5,1.3,99.0,81.0,13.0
2021-02-17,24.8,27.6,22.6,0.6,95.0,82.0,13.2
2021-02-18,,28.6,21.9,0.4,81.0,72.0,18.1
2021-02-19,23.7,27.5,20.2,0.1,84.0,71.0,15.3
2021-02-20,23.0,26.8,20.3,0.0,90.0,73.0,18.2
2021-02-21,24.4,28.2,22.1,1.7,89.0,79.0,14.6
2021-02-22,25.2,28.5,23.2,46.6,97.0,86.0,17.6
2021-02-23,25.6,28.6,24.0,6.4,99.0,91.0,9.1
2021-02-24,26.7,30.2,24.1,1.9,96.0,82.0,15.0
2021-02-25,26.5,30.6,22.0,0.0,94.0,78.0,12.8
2021-02-26,26.4,29.4,23.8,0.0,96.0,83.0,12.1
2021-02-27,26.8,29.8,24.0,0.2,98.0,83.0,13.6
2021-02-28,26.8,29.6,24.2,0.4,96.0,83.0,14.5
2021-03-01,26.8,30.0,24.2,1.8,99.0,86.0,8.4
2021-03-02,27.1,30.0,23.9,0.1,97.0,82.0,12.2
2021-03-03,26.9,30.6,23.5,1.9,95.0,79.0,13.5
2021-03-04,26.7,30.5,23.0,0.1,98.0,79.0,15.4
2021-03-05,26.6,31.0,22.7,0.2,94.0,76.0,19.1
2021-03-06,26.5,30.9,22.4,0.0,94.0,74.0,12.6
2021-03-07,26.5,31.0,23.1,0.1,93.0,75.0,13.5
2021-03-08,26.9,31.1,23.5,0.2,94.0,75.0,13.4
2021-03-09,25.5,29.0,21.6,1.0,98.0,81.0,11.6
2021-03-10,26.3,31.1,22.8,0.0,95.0,74.0,19.9
2021-03-11,26.6,30.9,23.8,0.0,87.0,72.0,17.2
2021-03-12,26.7,30.4,24.4,0.7,96.0,78.0,18.4
2021-03-13,25.7,28.7,,6.4,93.0,82.0,15.3
2021-03-14,26.2,28.8,23.9,0.6,93.0,81.0,15.9
2021-03-15,26.4,29.5,,6.6,96.0,85.0,11.6
2021-03-16,27.0,30.7,24.5,4.3,97.0,85.0,10.3
2021-03-17,27.5,30.8,24.8,4.7,97.0,84.0,10.4
2021-03-18,27.8,31.4,24.3,0.3,99.0,82.0,10.2
2021-03-19,27.7,30.2,24.9,0.4,99.0,82.0,14.0
2021-03-20,27.7,30.6,25.0,2.1,96.0,81.0,10.0
2021-03-21,27.7,30.7,25.1,1.5,97.0,82.0,14.2
2021-03-22,27.6,31.2,24.9,1.9,94.0,78.0,14.2
2021-03-23,27.4,30.8,24.3,0.8,93.0,74.0,19.4
2021-03-24,27.4,31.0,23.8,1.3,96.0,76.0,18.8
2021-03-25,27.7,32.0,23.5,0.0,96.0,74.0,17.3
2021-03-26,28.2,32.2,24.5,0.5,95.0,73.0,15.5
2021-03-27,28.3,32.2,24.6,0.5,97.0,74.0,15.9
2021-03-28,28.6,31.9,25.2,0.5,93.0,75.0,14.1
2021-03-29,28.4,32.8,24.0,0.0,94.0,73.0,17.5
2021-03-30,28.4,32.5,24.1,0.0,96.0,73.0,22.4
2021-03-31,28.8,32.8,25.2,0.8,93.0,72.0,16.4
2021-04-01,28.4,33.8,22.8,0.0,94.0,69.0,22.9
2021-04-02,28.0,33.4,22.6,0.0,93.0,66.0,22.1
2021-04-03,28.2,33.7,23.4,0.0,95.0,67.0,21.0
2021-04-04,28.4,32.2,25.1,0.7,93.0,73.0,16.4
2021-04-05,28.6,33.0,25.6,0.7,84.0,70.0,15.1
2021-04-06,28.3,32.3,25.3,1.4,84.0,69.0,16.6
2021-04-07,27.9,31.8,25.2,5.1,84.0,69.0,17.9
2021-04-08,28.2,32.0,25.4,0.6,81.0,65.0,13.5
2021-04-09,28.2,31.8,25.4,1.3,80.0,67.0,16.8
2021-04-10,28.4,33.0,24.6,0.0,89.0,65.0,16.4
2021-04-11,28.2,33.0,24.2,0.5,94.0,67.0,16.3
2021-04-12,28.7,33.3,25.4,0.9,89.0,67.0,13.0
2021-04-13,28.0,31.1,25.4,2.5,94.0,78.0,11.2
2021-04-14,28.5,31.8,25.5,1.4,94.0,75.0,10.7
2021-04-15,28.3,31.4,25.0,1.5,96.0,76.0,19.2
2021-04-16,28.3,33.5,23.6,0.0,97.0,72.0,19.1
2021-04-17,28.7,32.2,25.2,0.1,89.0,68.0,14.4
2021-04-18,28.9,32.7,25.5,1.1,88.0,68.0,15.4
2021-04-19,28.4,32.3,25.1,2.9,96.0,74.0,23.8
2021-04-20,28.6,31.4,25.6,1.1,97.0,76.0,27.1
2021-04-21,28.6,31.3,26.3,3.7,93.0,78.0,27.2
2021-04-22,28.5,31.8,25.8,1.9,90.0,79.0,19.9
2021-04-23,28.6,31.8,25.0,0.0,87.0,71.0,17.4
2021-04-24,28.3,31.5,25.5,0.4,92.0,74.0,22.0
2021-04-25,28.4,31.9,25.9,0.1,83.0,70.0,16.7
2021-04-26,27.2,30.2,25.1,1.5,84.0,74.0,16.1
2021-04-27,27.4,30.6,24.7,0.9,85.0,71.0,18.5
2021-04-28,28.0,31.5,25.5,0.2,82.0,69.0,17.4
2021-04-29,28.4,31.8,25.2,1.1,91.0,74.0,16.1
2021-04-30,29.0,32.7,25.2,0.8,93.0,73.0,12.9
2021-05-01,29.0,33.7,25.0,0.0,89.0,71.0,18.1
2021-05-02,29.1,34.4,24.5,0.0,93.0,68.0,24.1
2021-05-03,29.5,34.0,26.3,0.0,85.0,67.0,22.7
2021-05-04,29.8,33.6,26.1,0.7,92.0,69.0,25.5
2021-05-05,30.4,36.0,26.4,0.1,93.0,66.0,23.3
2021-05-06,30.3,35.0,26.6,0.0,89.0,66.0,20.0
2021-05-07,29.8,34.5,26.0,2.9,90.0,70.0,18.2
2021-05-08,30.2,33.8,27.1,0.1,86.0,69.0,19.2
2021-05-09,30.6,35.2,27.3,0.6,84.0,67.0,17.0
2021-05-10,30.0,33.8,26.6,0.3,87.0,70.0,20.0
2021-05-11,30.0,34.2,27.1,0.8,83.0,70.0,17.9
2021-05-12,30.5,35.0,27.1,0.5,82.0,65.0,22.2
2021-05-13,30.7,35.8,27.0,0.0,80.0,62.0,23.5
2021-05-14,30.5,35.5,27.4,0.4,81.0,65.0,23.5
2021-05-15,30.4,35.2,27.0,0.2,86.0,67.0,25.4
2021-05-16,30.9,36.2,26.7,1.3,85.0,64.0,19.2
2021-05-17,31.1,36.7,27.2,0.0,83.0,63.0,18.8
2021-05-18,30.6,35.2,27.4,0.9,80.0,66.0,21.7
2021-05-19,30.8,35.9,27.2,0.0,82.0,63.0,24.3
2021-05-20,30.0,34.8,26.0,6.8,90.0,70.0,23.5
2021-05-21,29.6,35.5,25.8,4.1,92.0,74.0,19.2
2021-05-22,28.6,33.7,25.2,7.6,96.0,80.0,19.4
2021-05-23,29.2,34.3,25.9,1.4,93.0,74.0,16.5
2021-05-24,29.1,34.0,25.5,3.5,94.0,74.0,15.7
2021-05-25,30.3,34.8,26.4,1.1,93.0,71.0,20.7
2021-05-26,29.9,33.9,26.4,3.5,92.0,72.0,13.8
2021-05-27,30.6,34.4,27.6,0.1,88.0,68.0,10.5
2021-05-28,30.5,34.4,27.5,4.1,93.0,72.0,12.5
2021-05-29,30.5,35.5,26.8,2.7,89.0,72.0,18.5
2021-05-30,29.6,33.2,26.5,3.7,94.0,77.0,22.6
2021-05-31,30.1,34.8,26.9,7.6,95.0,77.0,21.6
2021-06-01,30.0,34.3,26.8,3.1,93.0,76.0,15.2
2021-06-02,27.6,31.2,26.1,76.2,93.0,86.0,38.4
2021-06-03,28.0,29.9,27.2,10.5,90.0,85.0,25.2
2021-06-04,28.3,30.8,26.9,11.4,93.0,85.0,23.8
2021-06-05,28.7,31.2,26.6,8.5,93.0,83.0,17.4
2021-06-06,28.3,30.8,26.2,7.1,93.0,83.0,14.5
2021-06-07,27.4,31.2,25.2,28.9,94.0,86.0,15.0
2021-06-08,27.1,30.8,25.3,23.5,95.0,87.0,13.2
2021-06-09,26.9,29.9,25.7,17.4,94.0,88.0,13.5
2021-06-10,27.5,31.1,25.7,15.8,95.0,84.0,11.3
2021-06-11,27.7,30.2,26.3,10.2,95.0,86.0,13.5
2021-06-12,28.2,31.1,25.2,6.4,96.0,82.0,16.7
2021-06-13,27.3,30.0,25.9,4.4,91.0,82.0,18.4
2021-06-14,28.1,30.5,25.6,0.3,96.0,81.0,24.5
2021-06-15,28.4,30.7,26.0,0.6,97.0,82.0,20.8
2021-06-16,29.0,31.3,26.8,0.7,96.0,80.0,16.6
2021-06-17,29.4,31.9,26.9,0.2,95.0,78.0,14.7
2021-06-18,29.5,31.8,27.4,1.3,87.0,77.0,19.7
2021-06-19,28.3,30.7,27.0,8.8,89.0,83.0,22.9
2021-06-20,27.5,30.3,25.6,22.7,94.0,86.0,25.3
2021-06-21,26.7,27.9,25.5,20.5,92.0,88.0,24.7
2021-06-22,27.2,29.8,25.5,16.4,95.0,85.0,23.5
2021-06-23,27.3,30.1,25.6,9.5,94.0,85.0,23.3
2021-06-24,27.8,30.1,25.3,5.1,97.0,84.0,15.6
2021-06-25,27.8,29.5,25.3,8.0,98.0,85.0,11.9
2021-06-26,28.8,31.1,26.0,0.3,97.0,81.0,10.8
2021-06-27,28.5,31.1,26.2,4.8,96.0,84.0,8.7
2021-06-28,27.6,31.6,25.6,29.7,94.0,85.0,16.6
2021-06-29,28.9,31.0,26.6,0.7,94.0,80.0,17.1
2021-06-30,29.1,31.1,26.6,1.2,93.0,80.0,13.0
2021-07-01,28.5,32.0,25.4,6.6,98.0,81.0,10.7
2021-07-02,27.9,31.4,25.0,4.5,96.0,84.0,13.3
2021-07-03,26.6,29.5,24.9,18.0,96.0,88.0,12.3
2021-07-04,27.7,30.5,25.6,3.3,91.0,82.0,22.9
2021-07-05,27.6,30.0,25.9,10.5,95.0,84.0,16.4
2021-07-06,26.7,29.2,24.5,12.6,96.0,88.0,10.0
2021-07-07,28.6,32.2,25.5,0.6,96.0,79.0,10.6
2021-07-08,28.5,31.4,26.2,1.2,99.0,83.0,10.5
2021-07-09,28.7,32.1,25.9,0.8,93.0,78.0,14.0
2021-07-10,28.5,31.0,25.7,0.5,95.0,78.0,17.2
2021-07-11,28.6,31.8,25.4,2.1,94.0,79.0,11.8
2021-07-12,28.8,32.5,26.0,1.7,93.0,80.0,12.2
2021-07-13,27.7,31.2,25.3,10.5,97.0,85.0,11.5
2021-07-14,27.2,30.7,25.1,20.5,97.0,88.0,7.2
2021-07-15,27.4,30.5,25.2,16.9,95.0,86.0,15.0
2021-07-16,27.5,30.2,25.6,16.5,95.0,86.0,19.6
2021-07-17,27.5,30.1,25.9,16.2,94.0,87.0,15.3
2021-07-18,27.2,28.8,26.0,13.5,91.0,86.0,21.4
2021-07-19,26.8,28.9,25.8,39.6,93.0,88.0,29.3
2021-07-20,26.6,27.8,25.9,18.5,94.0,90.0,27.7
2021-07-21,26.3,27.1,26.0,34.6,93.0,91.0,27.7
2021-07-22,26.4,27.0,25.8,42.3,95.0,90.0,34.0
2021-07-23,26.5,27.5,25.8,32.1,93.0,90.0,35.9
2021-07-24,26.5,27.5,25.9,32.8,93.0,91.0,33.3
2021-07-25,27.4,28.0,26.7,9.0,91.0,87.0,37.1
2021-07-26,28.1,30.0,27.0,8.2,91.0,84.0,38.3
2021-07-27,27.5,29.4,26.1,15.3,93.0,87.0,39.0
2021-07-28,26.9,28.0,26.2,18.3,92.0,88.0,32.3
2021-07-29,26.8,28.0,26.1,37.6,93.0,91.0,32.6
2021-07-30,27.7,30.0,26.6,11.3,92.0,87.0,26.7
2021-07-31,27.5,29.9,26.5,9.0,93.0,87.0,31.7
2021-08-01,27.6,29.8,26.0,11.6,93.0,86.0,33.4
2021-08-02,27.6,30.0,26.5,10.9,93.0,87.0,34.5
2021-08-03,27.4,28.8,26.2,12.8,93.0,88.0,33.4
2021-08-04,27.6,29.4,26.9,7.3,90.0,87.0,32.3
2021-08-05,27.5,29.1,26.8,11.8,92.0,88.0,32.6
2021-08-06,27.7,29.1,26.6,9.3,91.0,87.0,30.6
2021-08-07,28.2,30.1,26.9,1.4,90.0,84.0,27.6
2021-08-08,28.1,30.1,25.5,1.1,99.0,84.0,23.9
2021-08-09,27.6,30.0,25.6,8.5,94.0,85.0,16.3
2021-08-10,26.9,28.4,25.4,11.8,97.0,87.0,16.4
2021-08-11,26.6,27.9,25.3,3.8,96.0,87.0,14.4
2021-08-12,28.1,30.6,26.5,3.1,94.0,85.0,11.2
2021-08-13,27.7,31.5,24.8,7.9,97.0,84.0,10.8
2021-08-14,27.3,30.9,24.8,3.3,97.0,86.0,15.3
2021-08-15,26.3,27.4,25.0,9.7,93.0,89.0,8.5
2021-08-16,28.0,30.5,25.2,0.4,94.0,80.0,9.0
2021-08-17,27.9,31.0,25.5,3.4,94.0,84.0,15.7
2021-08-18,27.0,30.3,24.5,22.1,96.0,87.0,9.7
2021-08-19,27.5,30.2,25.2,6.1,96.0,85.0,10.2
2021-08-20,27.2,30.4,24.9,5.4,99.0,88.0,8.7
2021-08-21,27.0,29.4,25.8,14.2,95.0,89.0,11.1
2021-08-22,27.1,30.9,25.2,19.3,97.0,88.0,11.2
2021-08-23,27.0,30.4,24.7,11.8,94.0,86.0,12.9
2021-08-24,27.0,29.0,24.9,1.8,95.0,87.0,4.4
2021-08-25,26.7,29.5,24.8,10.3,96.0,88.0,9.1
2021-08-26,27.0,29.0,25.2,1.5,93.0,85.0,11.9
2021-08-27,27.2,29.6,25.4,8.2,96.0,87.0,8.5
2021-08-28,27.4,30.7,25.8,7.7,97.0,87.0,10.0
2021-08-29,26.6,29.4,24.4,11.6,96.0,88.0,9.9
2021-08-30,27.0,30.1,24.9,7.3,98.0,88.0,9.7
2021-08-31,27.3,29.8,24.6,15.7,97.0,87.0,11.1
2021-09-01,26.9,28.8,25.0,13.7,96.0,89.0,7.6
2021-09-02,26.9,30.1,24.1,6.3,96.0,85.0,11.7
2021-09-03,27.0,29.8,24.6,8.1,96.0,86.0,11.9
2021-09-04,27.3,29.9,25.0,5.2,96.0,85.0,11.5
2021-09-05,27.5,30.2,25.4,2.0,98.0,86.0,10.3
2021-09-06,27.1,29.7,25.1,10.3,96.0,89.0,9.2
2021-09-07,26.9,28.5,25.5,30.1,93.0,89.0,26.4
2021-09-08,25.7,26.6,24.8,101.3,95.0,91.0,58.8
2021-09-09,27.4,30.1,25.6,6.9,96.0,87.0,13.0
2021-09-10,26.7,28.6,25.5,25.8,93.0,88.0,24.3
2021-09-11,26.0,26.9,25.0,18.5,97.0,92.0,28.1
2021-09-12,26.6,28.4,24.7,6.3,98.0,91.0,12.4
2021-09-13,27.4,30.5,24.8,1.6,98.0,87.0,13.7
2021-09-14,27.8,31.5,24.9,2.0,99.0,85.0,11.8
2021-09-15,27.8,31.0,25.6,3.5,99.0,87.0,8.6
2021-09-16,27.2,30.0,25.0,13.2,97.0,89.0,8.9
2021-09-16,27.2,30.0,25.0,13.2,97.0,89.0,8.9
2021-09-17,27.7,30.7,25.5,2.2,94.0,84.0,14.3
2021-09-18,28.1,31.7,25.2,2.1,99.0,85.0,17.4
2021-09-19,26.5,27.5,25.2,19.3,96.0,91.0,7.6
2021-09-20,26.6,28.8,24.9,2.6,97.0,90.0,6.2
2021-09-21,27.7,31.0,25.1,3.8,93.0,83.0,18.6
2021-09-22,28.2,31.3,25.4,0.5,93.0,80.0,20.6
2021-09-23,28.3,32.0,24.8,0.9,96.0,80.0,13.2
2021-09-24,27.7,30.8,24.9,2.7,99.0,85.0,7.9
2021-09-25,27.6,30.0,25.6,2.2,96.0,85.0,12.2
2021-09-26,28.4,30.5,26.2,2.1,94.0,83.0,9.1
2021-09-27,26.9,29.8,24.4,13.2,98.0,89.0,7.9
2021-09-28,27.2,30.5,25.0,13.4,95.0,86.0,11.7
2021-09-29,27.8,30.4,25.5,5.4,97.0,87.0,17.6
2021-09-30,27.4,28.9,25.9,8.6,94.0,88.0,17.5
2021-10-01,27.8,30.3,25.5,1.5,96.0,87.0,17.4
2021-10-02,27.4,30.5,25.2,10.0,95.0,87.0,11.2
2021-10-03,27.0,29.2,25.0,10.9,96.0,89.0,5.9
2021-10-04,27.2,30.1,25.6,4.8,95.0,87.0,10.0
2021-10-05,26.4,28.2,25.1,11.9,94.0,89.0,18.0
2021-10-06,26.4,28.0,24.8,7.1,98.0,88.0,7.4
2021-10-07,27.5,29.9,25.7,0.3,96.0,87.0,9.5
2021-10-08,27.1,30.1,25.1,1.8,93.0,84.0,14.1
2021-10-09,27.6,30.1,25.8,10.5,95.0,85.0,14.3
2021-10-10,28.1,30.1,26.5,2.6,94.0,85.0,15.6
2021-10-11,28.1,30.5,26.4,9.0,92.0,82.0,35.7
2021-10-12,26.8,29.5,25.4,16.3,96.0,89.0,23.7
2021-10-13,26.5,28.3,25.5,13.0,96.0,90.0,15.9
2021-10-14,26.1,28.8,24.4,30.1,96.0,90.0,12.2
2021-10-15,25.7,29.3,23.6,16.4,97.0,90.0,14.3
2021-10-16,27.2,30.7,24.9,1.0,97.0,85.0,13.5
2021-10-17,26.8,30.6,24.6,16.7,96.0,87.0,9.3
2021-10-18,26.6,28.9,24.0,1.5,97.0,87.0,12.5
2021-10-19,27.5,30.9,24.5,3.7,97.0,82.0,10.2
2021-10-20,27.4,30.3,25.2,1.1,94.0,84.0,10.9
2021-10-21,26.1,29.7,23.6,19.5,99.0,91.0,11.5
2021-10-22,27.0,29.8,24.6,1.6,95.0,86.0,12.3
2021-10-23,27.1,30.8,24.5,6.4,97.0,86.0,11.8
2021-10-24,26.1,27.0,24.9,4.6,95.0,90.0,12.8
2021-10-25,25.8,27.2,24.2,11.5,94.0,90.0,10.7
2021-10-26,27.0,30.2,24.3,1.1,96.0,86.0,6.2
2021-10-27,27.5,30.6,24.9,4.3,97.0,83.0,8.2
2021-10-28,27.4,30.2,25.1,0.8,91.0,79.0,14.8
2021-10-29,27.3,31.1,24.0,0.0,99.0,78.0,15.5
2021-10-30,27.5,31.5,24.0,1.4,97.0,79.0,12.4
2021-10-31,27.1,31.4,24.2,0.0,94.0,78.0,17.6
2021-11-01,27.2,31.3,24.8,0.4,95.0,81.0,12.0
2021-11-02,27.0,31.5,24.1,1.5,91.0,79.0,13.2
2021-11-03,27.9,32.3,25.1,0.2,96.0,78.0,15.0
2021-11-04,27.6,31.8,24.8,1.7,93.0,79.0,13.8
2021-11-05,27.7,30.8,24.9,1.9,96.0,81.0,18.9
2021-11-06,27.9,31.9,24.5,0.2,100.0,84.0,11.0
2021-11-07,28.3,32.3,25.6,0.8,96.0,81.0,17.1
2021-11-08,27.9,30.9,24.9,0.8,97.0,83.0,10.8
2021-11-09,27.7,32.5,24.3,0.1,100.0,79.0,18.5
2021-11-10,27.9,31.5,24.5,0.5,97.0,78.0,15.0
2021-11-11,28.1,32.2,25.4,0.2,96.0,76.0,12.6
2021-11-12,27.7,31.2,25.1,2.8,96.0,81.0,11.1
2021-11-13,27.7,31.5,24.9,0.9,96.0,82.0,12.2
2021-11-14,27.5,30.0,24.7,1.2,97.0,84.0,12.5
2021-11-15,27.2,30.9,24.8,4.5,99.0,87.0,10.1
2021-11-16,28.0,32.3,25.0,1.3,93.0,78.0,13.8
2021-11-17,27.9,32.2,24.6,1.1,94.0,78.0,15.0
2021-11-18,27.3,31.0,24.2,1.5,96.0,82.0,10.6
2021-11-19,27.6,30.1,24.3,1.2,98.0,82.0,10.9
2021-11-20,27.2,30.5,24.8,19.9,96.0,83.0,13.8
2021-11-21,27.2,30.1,24.8,1.3,95.0,84.0,8.9
2021-11-22,27.4,31.5,24.9,4.4,99.0,85.0,11.2
2021-11-23,27.5,31.6,24.8,2.7,96.0,83.0,12.4
2021-11-24,27.5,31.4,25.0,1.7,95.0,80.0,16.8
2021-11-25,27.1,30.0,25.4,5.8,93.0,84.0,10.9
2021-11-26,26.2,27.1,24.9,3.3,97.0,91.0,9.5
2021-11-27,26.5,30.3,24.8,5.1,97.0,87.0,11.5
2021-11-28,25.9,26.8,24.6,8.5,97.0,91.0,12.0
2021-11-29,26.7,30.5,24.0,13.0,96.0,86.0,7.7
2021-11-30,28.0,31.0,25.4,1.7,93.0,81.0,10.2
2021-12-01,27.1,30.8,24.7,3.0,86.0,77.0,11.3
2021-12-02,26.3,30.5,22.9,0.0,87.0,71.0,10.4
2021-12-03,25.4,29.9,22.0,0.6,92.0,73.0,12.0
2021-12-04,25.3,29.2,22.6,0.4,91.0,75.0,17.4
2021-12-05,25.5,29.5,22.5,0.6,92.0,74.0,12.0
2021-12-06,25.4,28.7,22.6,1.0,95.0,79.0,10.4
2021-12-07,25.5,29.0,23.2,1.4,90.0,77.0,18.9
2021-12-08,26.3,30.7,23.9,0.0,92.0,71.0,14.7
2021-12-09,26.2,30.1,22.9,0.0,93.0,72.0,14.9
2021-12-10,26.5,30.5,23.9,0.0,93.0,72.0,15.9
2021-12-11,26.7,30.1,24.4,0.0,95.0,79.0,17.2
2021-12-12,26.8,30.5,24.5,0.3,92.0,79.0,14.3
2021-12-13,26.6,30.5,23.4,0.5,96.0,77.0,16.6
2021-12-14,26.0,30.5,22.7,0.0,94.0,73.0,15.7
2021-12-15,26.3,30.8,23.8,0.0,85.0,72.0,19.0
2021-12-16,27.2,30.0,25.5,1.0,88.0,73.0,23.2
2021-12-17,27.6,31.1,25.9,3.9,86.0,78.0,21.5
2021-12-18,27.2,32.0,24.1,11.6,99.0,82.0,20.9
2021-12-19,24.8,26.0,23.5,19.7,96.0,93.0,9.2
2021-12-20,26.6,29.7,23.6,0.8,97.0,84.0,12.9
2021-12-21,26.9,30.4,23.9,1.1,97.0,84.0,11.4
2021-12-22,25.3,28.6,23.1,21.1,98.0,91.0,11.6
2021-12-23,26.7,29.7,23.8,0.6,97.0,83.0,13.9
2021-12-24,26.2,29.5,23.0,0.2,97.0,86.0,10.5
2021-12-25,26.6,30.6,24.1,2.1,92.0,79.0,10.1
2021-12-26,25.7,29.5,22.9,6.2,96.0,81.0,17.9
2021-12-27,24.7,27.2,23.0,3.6,91.0,84.0,13.0
2021-12-28,24.7,27.8,22.4,0.5,95.0,82.0,15.3
2021-12-29,25.3,29.1,22.9,1.1,94.0,80.0,19.1
2021-12-30,25.1,29.2,22.0,0.1,98.0,77.0,20.1
2021-12-31,25.0,28.6,22.2,0.0,94.0,75.0,21.1
2022-01-01,24.8,28.6,21.4,0.1,99.0,77.0,20.0
2022-01-02,24.8,28.3,21.9,0.0,96.0,76.0,18.4
2022-01-03,25.2,29.3,22.5,0.0,88.0,70.0,19.6
2022-01-04,25.2,29.0,21.8,0.0,99.0,75.0,19.5
2022-01-05,25.8,30.4,22.4,0.0,98.0,74.0,18.2
2022-01-06,25.3,28.6,21.9,1.3,96.0,77.0,15.4
2022-01-07,25.7,30.0,22.0,0.0,96.0,75.0,11.4
2022-01-08,25.3,29.6,22.1,1.8,97.0,82.0,8.9
2022-01-09,25.7,29.2,22.5,0.4,97.0,82.0,7.3
2022-01-10,26.1,29.4,23.1,0.2,92.0,79.0,12.6
2022-01-11,25.5,29.7,21.6,0.0,96.0,76.0,18.0
2022-01-12,25.4,28.5,22.4,1.7,93.0,75.0,13.7
2022-01-13,25.0,28.0,21.9,1.7,94.0,78.0,12.8
2022-01-14,24.9,29.0,21.3,0.4,96.0,74.0,17.2
2022-01-15,24.6,29.6,20.5,0.0,97.0,71.0,22.3
2022-01-16,25.3,30.3,21.1,0.0,98.0,72.0,22.0
2022-01-17,24.8,29.4,20.6,0.0,98.0,73.0,17.9
2022-01-18,25.3,30.0,22.6,0.0,84.0,68.0,17.2
2022-01-19,25.8,30.4,23.0,1.5,95.0,76.0,11.4
2022-01-20,25.7,30.2,22.9,3.8,97.0,79.0,18.5
2022-01-21,25.8,29.5,22.5,1.1,97.0,79.0,15.5
2022-01-22,26.6,30.6,23.4,1.1,93.0,75.0,18.5
2022-01-23,26.5,31.0,23.1,1.8,98.0,79.0,17.2
2022-01-24,26.3,29.8,22.7,0.9,97.0,81.0,12.5
2022-01-25,27.0,32.0,24.4,0.0,87.0,71.0,16.0
2022-01-26,26.3,30.1,23.9,3.4,97.0,83.0,11.4
2022-01-27,27.1,31.6,24.0,3.2,96.0,80.0,21.1
2022-01-28,27.7,32.5,23.3,0.1,97.0,74.0,17.6
2022-01-29,27.7,31.5,25.5,1.0,89.0,78.0,19.2
2022-01-30,26.5,29.3,24.5,8.1,93.0,82.0,24.1
2022-01-31,27.1,31.7,23.4,0.0,92.0,72.0,15.1
2022-02-01,26.5,30.9,22.7,2.8,95.0,73.0,15.9
2022-02-02,26.7,31.3,23.5,0.0,85.0,68.0,17.0
2022-02-03,26.0,29.5,22.4,2.1,92.0,77.0,11.6
2022-02-04,27.0,32.0,22.9,0.0,95.0,68.0,16.8
2022-02-05,26.3,30.6,23.5,0.0,84.0,70.0,18.4
2022-02-06,26.8,31.1,24.1,0.0,85.0,69.0,23.4
2022-02-07,25.7,30.0,22.8,5.2,99.0,82.0,20.0
2022-02-08,27.2,32.0,23.2,0.4,94.0,75.0,15.5
2022-02-09,27.0,31.9,22.6,0.9,99.0,72.0,17.0
2022-02-10,27.1,32.5,22.6,0.0,97.0,71.0,18.9
2022-02-11,27.1,32.5,23.0,0.0,93.0,70.0,19.2
2022-02-12,27.0,32.5,24.2,5.7,93.0,75.0,18.5
2022-02-13,27.3,30.9,24.0,0.8,95.0,75.0,17.4
2022-02-14,26.2,30.1,23.4,7.2,99.0,83.0,11.4
2022-02-15,27.2,31.5,24.0,0.1,94.0,76.0,13.9
2022-02-16,26.6,30.2,23.9,3.2,89.0,77.0,12.1
2022-02-17,26.8,30.2,24.1,0.9,94.0,77.0,20.3
2022-02-18,27.0,30.8,23.5,2.9,98.0,76.0,14.1
2022-02-19,27.5,31.5,24.3,0.9,92.0,76.0,16.9
2022-02-20,27.6,31.5,24.0,1.8,96.0,73.0,16.4
2022-02-21,27.9,32.7,25.0,0.3,90.0,72.0,20.2
2022-02-22,26.3,30.4,24.1,4.6,92.0,80.0,16.2
2022-02-23,26.7,32.0,22.5,0.4,96.0,75.0,16.6
2022-02-24,27.9,32.9,24.1,0.2,90.0,68.0,17.7
2022-02-25,27.5,32.0,24.6,0.6,85.0,69.0,19.1
2022-02-26,26.9,31.5,23.0,4.3,96.0,72.0,15.6
2022-02-27,27.4,32.4,23.2,2.1,97.0,72.0,16.6
2022-02-28,27.8,32.6,23.5,0.0,88.0,68.0,24.4
2022-03-01,27.6,34.0,23.2,0.0,88.0,65.0,24.3
2022-03-02,28.1,33.2,24.3,1.5,94.0,70.0,17.0
2022-03-03,28.1,34.0,22.8,0.6,98.0,70.0,21.2
2022-03-04,28.0,32.8,24.4,1.3,88.0,71.0,16.4
2022-03-05,28.1,32.0,23.5,0.0,89.0,66.0,23.9
2022-03-06,28.2,34.2,24.1,0.0,83.0,63.0,19.8
2022-03-07,27.8,31.5,24.1,0.0,87.0,67.0,16.0
2022-03-08,28.1,32.6,24.4,0.1,82.0,65.0,15.9
2022-03-09,27.8,32.1,24.9,0.0,71.0,61.0,19.8
2022-03-10,28.4,33.5,25.0,0.4,88.0,65.0,22.0
2022-03-11,28.0,32.8,25.5,2.8,91.0,75.0,10.8
2022-03-12,27.5,32.9,24.1,3.6,94.0,78.0,18.7
2022-03-13,27.7,31.7,25.2,6.9,90.0,77.0,17.7
2022-03-14,27.6,31.8,24.4,9.4,95.0,79.0,6.6
2022-03-15,28.1,32.9,24.9,0.5,97.0,78.0,10.7
2022-03-16,28.0,32.3,24.6,6.8,97.0,79.0,14.2
2022-03-17,29.0,33.5,25.4,1.9,92.0,73.0,19.3
2022-03-18,27.8,33.2,24.8,9.0,96.0,80.0,16.2
2022-03-19,28.9,32.8,25.4,0.6,92.0,74.0,16.5
2022-03-20,29.3,34.3,25.4,0.4,87.0,69.0,15.8
2022-03-21,29.8,34.5,25.9,0.2,87.0,66.0,20.6
2022-03-22,29.8,34.8,25.1,0.0,89.0,68.0,19.3
2022-03-23,29.3,34.3,25.4,1.6,88.0,70.0,13.0
2022-03-24,29.6,35.0,25.5,0.2,85.0,65.0,19.3
2022-03-25,30.1,35.0,26.4,0.0,84.0,64.0,20.0
2022-03-26,30.0,34.3,26.2,1.2,85.0,66.0,15.6
2022-03-27,29.8,35.4,25.3,0.4,91.0,65.0,19.5
2022-03-28,29.7,35.2,26.0,0.5,81.0,63.0,21.2
2022-03-29,29.2,33.2,26.0,0.3,81.0,66.0,26.1
2022-03-30,29.6,34.5,25.6,0.2,87.0,65.0,23.4
2022-03-31,30.0,35.0,25.9,0.0,87.0,65.0,14.7
2022-04-01,28.9,34.2,24.9,1.0,93.0,69.0,16.2
2022-04-02,28.4,34.1,23.3,1.7,99.0,68.0,20.6
2022-04-03,28.9,34.5,24.8,0.0,88.0,61.0,14.8
2022-04-04,28.7,32.7,25.6,3.7,84.0,65.0,19.5
2022-04-05,27.0,30.5,24.2,2.0,97.0,80.0,13.4
2022-04-06,28.0,31.6,25.2,2.3,90.0,76.0,12.6
2022-04-07,28.2,32.9,25.1,2.4,88.0,73.0,15.6
2022-04-08,26.7,30.4,25.4,22.0,92.0,84.0,10.3
2022-04-09,28.2,32.0,25.2,0.8,92.0,74.0,13.9
2022-04-10,26.8,29.9,25.2,1.6,88.0,81.0,12.1
2022-04-11,27.8,31.4,25.0,1.2,93.0,76.0,15.8
2022-04-12,26.7,30.0,24.4,5.1,95.0,82.0,11.6
2022-04-13,27.4,30.8,24.9,4.3,93.0,80.0,19.1
2022-04-14,27.9,31.6,24.2,3.3,95.0,77.0,14.8
2022-04-15,28.2,32.3,24.8,1.5,90.0,73.0,16.5
2022-04-16,27.8,31.6,24.8,4.9,93.0,75.0,12.3
2022-04-17,26.3,28.4,24.8,10.9,93.0,85.0,14.8
2022-04-18,27.9,32.5,23.8,2.8,98.0,72.0,18.8
2022-04-19,28.0,32.2,24.5,1.4,94.0,73.0,17.6
2022-04-20,28.0,32.2,24.6,6.9,98.0,76.0,17.8
2022-04-21,28.8,32.7,25.8,1.6,91.0,75.0,13.1
2022-04-22,29.0,33.4,24.9,0.7,93.0,72.0,16.5
2022-04-23,29.4,34.1,25.6,0.0,91.0,67.0,21.3
2022-04-24,29.2,33.7,26.1,1.2,85.0,70.0,20.9
2022-04-25,29.1,33.3,26.5,1.0,87.0,71.0,17.8
2022-04-26,29.3,33.2,26.1,0.7,87.0,71.0,17.1
2022-04-27,29.2,34.2,25.5,4.4,92.0,71.0,17.4
2022-04-28,29.7,34.5,26.4,0.5,86.0,69.0,23.4
2022-04-29,28.9,34.3,24.5,7.9,95.0,74.0,20.3
2022-04-30,29.3,34.0,25.9,0.3,89.0,72.0,18.7
2022-05-01,29.5,34.5,25.1,0.0,88.0,68.0,23.4
2022-05-02,29.6,33.8,25.5,1.3,87.0,66.0,18.9
2022-05-03,29.7,34.8,25.5,0.5,91.0,66.0,16.4
2022-05-04,29.7,34.7,25.1,1.4,89.0,64.0,23.1
2022-05-05,30.5,35.8,25.8,0.2,89.0,61.0,14.1
2022-05-06,30.6,35.6,26.7,0.0,86.0,64.0,17.2
2022-05-07,30.8,35.8,26.9,1.3,82.0,64.0,19.9
2022-05-08,30.9,36.8,26.7,0.0,81.0,61.0,21.0
2022-05-09,30.7,36.1,26.6,0.8,82.0,60.0,20.8
2022-05-10,30.6,35.5,26.9,1.5,80.0,61.0,20.1
2022-05-11,30.7,35.3,26.9,0.7,81.0,62.0,19.4
2022-05-12,30.8,35.7,27.1,2.2,81.0,63.0,20.6
2022-05-13,29.7,34.8,26.4,9.3,91.0,72.0,14.0
2022-05-14,28.8,33.9,26.1,2.3,93.0,77.0,16.5
2022-05-15,28.2,33.5,25.7,7.4,92.0,80.0,15.5
2022-05-16,27.3,32.1,25.6,18.7,93.0,85.0,16.5
2022-05-17,27.2,31.0,25.5,12.4,92.0,84.0,14.5
2022-05-18,26.8,29.6,25.4,16.3,96.0,87.0,13.4
2022-05-19,26.8,30.6,24.8,14.3,95.0,87.0,16.9
2022-05-20,26.5,29.9,24.9,15.4,94.0,87.0,10.4
2022-05-21,27.6,30.3,25.5,0.9,93.0,80.0,13.5
2022-05-22,26.5,30.0,25.2,15.3,95.0,88.0,14.6
2022-05-23,27.6,31.2,25.2,6.2,95.0,84.0,12.1
2022-05-24,29.0,32.2,26.5,0.5,95.0,80.0,15.5
2022-05-25,28.4,32.2,25.7,3.5,96.0,83.0,13.2
2022-05-26,28.1,31.7,24.9,9.4,95.0,82.0,16.9
2022-05-27,28.4,32.8,24.6,19.7,93.0,79.0,13.8
2022-05-28,26.6,28.2,25.0,15.3,96.0,88.0,8.9
2022-05-29,28.4,31.1,25.6,0.9,95.0,80.0,21.4
2022-05-30,27.7,32.5,24.1,12.9,94.0,81.0,13.0
2022-05-31,27.7,30.4,25.3,4.5,91.0,82.0,16.6
2022-06-01,27.2,29.7,25.2,3.1,99.0,86.0,10.0
2022-06-02,28.3,30.9,26.0,4.9,92.0,81.0,18.2
2022-06-03,28.4,31.8,25.5,0.3,93.0,78.0,24.1
2022-06-04,28.3,32.3,25.0,0.7,97.0,79.0,12.9
2022-06-05,29.4,32.7,26.1,0.1,93.0,74.0,16.3
2022-06-06,29.3,32.3,27.1,1.5,86.0,74.0,16.1
2022-06-07,28.1,31.4,24.1,37.4,93.0,79.0,18.2
2022-06-08,28.2,31.9,25.4,2.4,94.0,81.0,13.8
2022-06-09,29.1,32.8,26.0,0.7,97.0,77.0,15.9
2022-06-10,28.5,32.9,25.5,2.5,89.0,78.0,16.3
2022-06-11,29.1,32.4,25.8,4.7,89.0,77.0,14.6
2022-06-12,27.6,31.2,25.1,15.3,93.0,83.0,10.5
2022-06-13,28.4,32.3,26.0,10.7,95.0,82.0,18.8
2022-06-14,28.3,33.5,25.4,9.2,94.0,,18.3
2022-06-15,28.6,32.9,25.8,5.2,94.0,,14.3
2022-06-16,29.1,32.2,26.2,1.3,93.0,,14.6
2022-06-17,29.4,32.8,26.1,0.8,,75.0,12.6
2022-06-18,28.3,32.2,25.3,3.2,,79.0,15.7
2022-06-19,28.1,33.1,24.9,8.8,,80.0,9.4
2022-06-20,28.1,32.8,24.6,6.7,93.0,79.0,14.8
2022-06-21,27.8,32.3,23.9,14.9,95.0,79.0,23.2
2022-06-22,27.6,31.6,25.0,6.3,93.0,80.0,16.5
2022-06-23,27.6,31.1,25.6,2.1,90.0,80.0,14.2
2022-06-24,27.8,31.3,25.5,2.9,94.0,82.0,10.1
2022-06-25,28.2,30.8,25.9,2.7,98.0,82.0,10.5
2022-06-26,27.4,29.9,25.9,16.2,94.0,86.0,9.2
2022-06-27,26.4,28.7,25.4,31.2,95.0,89.0,10.8
2022-06-28,26.4,29.3,25.1,29.1,93.0,88.0,17.7
2022-06-29,26.9,29.6,25.9,13.1,95.0,88.0,9.7
2022-06-30,27.5,30.5,25.8,20.6,96.0,86.0,16.8
2022-07-01,27.3,29.5,25.8,2.0,92.0,84.0,16.3
2022-07-02,28.3,30.5,26.0,0.2,94.0,82.0,10.8
2022-07-03,29.0,31.8,26.2,0.5,96.0,77.0,15.8
2022-07-04,27.8,32.2,25.1,2.9,96.0,84.0,11.8
2022-07-05,26.7,30.2,24.7,14.6,97.0,90.0,11.5
2022-07-06,26.9,30.8,,23.7,94.0,86.0,11.1
2022-07-07,26.2,28.9,24.5,18.0,95.0,89.0,10.9
2022-07-08,26.7,29.8,24.8,37.1,93.0,87.0,15.2
2022-07-09,27.8,31.0,25.9,6.9,90.0,82.0,16.5
2022-07-10,28.2,31.9,25.9,3.3,93.0,83.0,14.1
2022-07-11,27.5,32.0,24.8,16.6,95.0,85.0,20.4
2022-07-12,27.1,31.0,25.1,22.5,94.0,87.0,13.5
2022-07-13,27.4,29.5,25.1,3.6,97.0,86.0,18.9
2022-07-14,28.4,31.2,25.8,2.5,96.0,82.0,16.9
2022-07-15,28.1,31.0,25.5,11.8,96.0,84.0,13.1
2022-07-16,27.2,31.2,24.7,21.2,98.0,87.0,12.8
2022-07-17,26.6,30.0,24.5,18.0,98.0,88.0,11.3
2022-07-18,26.6,30.8,24.7,20.7,98.0,88.0,12.8
2022-07-19,27.7,31.4,25.5,7.0,92.0,83.0,15.5
2022-07-20,28.5,32.2,24.9,20.5,94.0,79.0,19.7
2022-07-21,27.6,29.5,26.0,0.1,98.0,87.0,8.1
2022-07-22,27.2,31.0,25.0,4.6,100.0,88.0,10.8
2022-07-23,28.1,31.9,25.5,4.6,99.0,85.0,12.3
2022-07-24,28.0,31.6,25.5,15.3,92.0,83.0,16.9
2022-07-25,27.7,32.0,25.1,18.5,95.0,84.0,9.0
2022-07-26,27.8,31.4,25.0,7.1,96.0,85.0,17.3
2022-07-27,27.6,30.5,25.9,13.4,95.0,85.0,21.6
2022-07-28,27.4,30.3,25.5,17.8,95.0,86.0,17.1
2022-07-29,27.0,29.2,25.5,26.0,93.0,87.0,19.8
2022-07-30,26.5,28.7,25.1,15.3,94.0,88.0,20.3
2022-07-31,27.2,29.4,25.2,6.1,95.0,86.0,21.4
2022-08-01,26.6,30.1,24.7,10.5,96.0,87.0,20.0
2022-08-02,27.7,30.3,25.5,1.2,93.0,84.0,11.6
2022-08-03,27.6,31.4,24.5,17.4,96.0,83.0,16.6
2022-08-04,26.3,29.8,24.5,41.2,96.0,89.0,10.8
2022-08-05,25.6,26.8,,54.9,94.0,91.0,20.0
2022-08-06,26.4,28.5,24.7,7.9,95.0,88.0,19.6
2022-08-07,26.5,30.0,25.4,25.9,96.0,89.0,10.9
2022-08-08,26.4,29.0,25.4,15.0,94.0,88.0,15.0
2022-08-09,27.3,30.0,25.0,1.2,96.0,83.0,21.6
2022-08-10,27.7,30.5,25.0,0.5,95.0,82.0,15.4
2022-08-11,26.6,28.9,24.5,4.8,95.0,87.0,13.2
2022-08-12,27.3,30.5,24.2,14.7,96.0,84.0,12.1
2022-08-12,27.3,30.5,24.2,14.7,96.0,84.0,12.1
2022-08-13,26.7,29.9,25.0,15.9,95.0,87.0,17.7
2022-08-14,26.3,29.4,24.4,32.7,93.0,87.0,11.4
2022-08-15,26.3,28.3,25.3,25.0,95.0,88.0,21.4
2022-08-16,27.8,29.9,26.3,3.9,88.0,81.0,24.0
2022-08-17,26.7,29.5,25.0,22.7,95.0,86.0,26.3
2022-08-18,26.1,28.1,24.8,18.1,96.0,91.0,11.5
2022-08-19,26.7,30.7,24.4,5.2,98.0,87.0,13.8
2022-08-20,26.6,29.8,24.2,5.9,98.0,89.0,13.0
2022-08-21,26.8,29.6,24.4,17.9,96.0,87.0,11.8
2022-08-22,26.7,28.6,25.1,19.8,92.0,86.0,23.7
2022-08-23,25.3,26.6,24.0,26.4,95.0,91.0,34.7
2022-08-24,26.4,28.8,24.5,2.4,96.0,89.0,10.9
2022-08-25,27.7,31.1,24.6,3.6,97.0,86.0,9.5
2022-08-26,27.7,30.8,25.2,2.0,96.0,86.0,9.4
2022-08-27,27.5,30.0,25.7,2.3,95.0,86.0,12.6
2022-08-28,27.2,31.5,24.6,12.3,96.0,85.0,10.4
2022-08-29,27.9,31.0,25.0,2.3,99.0,85.0,11.2
2022-08-30,27.2,29.6,25.3,8.2,97.0,87.0,12.3
2022-08-31,27.4,29.5,25.3,2.7,95.0,87.0,17.2
2022-09-01,27.4,29.2,26.1,6.4,91.0,84.0,26.5
2022-09-02,26.6,28.0,25.5,32.5,91.0,88.0,27.7
2022-09-03,26.6,28.0,25.8,20.1,94.0,89.0,31.9
2022-09-04,27.3,29.3,26.2,4.3,90.0,85.0,31.8
2022-09-05,27.3,29.9,25.5,9.4,95.0,86.0,24.6
2022-09-06,27.4,31.1,24.9,13.7,94.0,86.0,12.9
2022-09-07,28.5,32.3,25.6,0.3,96.0,83.0,7.6
2022-09-08,27.6,31.5,24.2,11.3,96.0,85.0,10.8
2022-09-09,26.9,30.6,24.5,16.9,96.0,86.0,10.9
2022-09-10,26.7,28.1,24.5,9.8,94.0,86.0,24.1
2022-09-11,27.3,29.1,25.6,7.3,91.0,83.0,20.8
2022-09-12,27.8,29.9,26.3,5.5,91.0,82.0,21.6
2022-09-13,27.9,30.1,25.9,1.6,90.0,81.0,20.3
2022-09-14,27.1,29.2,25.6,9.1,93.0,85.0,24.4
2022-09-15,27.4,29.5,25.5,2.1,91.0,84.0,22.1
2022-09-16,26.7,29.2,24.9,30.8,93.0,85.0,21.0
2022-09-17,26.9,29.0,25.1,14.5,94.0,85.0,15.5
2022-09-18,26.8,29.2,25.6,15.7,93.0,86.0,28.3
2022-09-19,26.1,28.3,25.2,29.1,93.0,88.0,24.0
2022-09-20,25.8,26.7,25.1,29.1,93.0,90.0,21.8
2022-09-21,25.8,28.6,24.0,19.1,96.0,89.0,21.7
2022-09-22,26.0,28.2,23.5,8.3,96.0,87.0,13.9
2022-09-23,25.9,29.0,23.9,18.2,99.0,88.0,14.8
2022-09-24,27.4,29.9,25.0,0.4,98.0,86.0,12.0
2022-09-25,26.4,28.0,25.3,78.4,93.0,88.0,41.8
2022-09-26,26.7,30.2,25.2,10.8,95.0,88.0,16.6
2022-09-27,26.6,30.2,24.4,12.4,97.0,88.0,14.5
2022-09-28,26.7,29.6,24.5,16.6,98.0,88.0,11.3
2022-09-29,27.0,30.5,25.0,3.2,97.0,86.0,10.2
2022-09-30,26.6,29.1,24.5,5.3,96.0,86.0,15.2
2022-10-01,27.3,31.6,24.4,0.8,97.0,84.0,17.7
2022-10-02,27.4,30.7,24.9,4.4,95.0,84.0,11.9
2022-10-03,26.7,30.4,24.0,6.1,96.0,88.0,13.2
2022-10-04,27.0,29.9,25.2,11.6,96.0,88.0,10.0
2022-10-05,27.2,30.1,25.4,8.4,94.0,86.0,13.2
2022-10-06,28.1,32.0,24.9,1.0,94.0,81.0,10.5
2022-10-07,27.0,30.4,24.8,5.2,99.0,87.0,11.3
2022-10-08,27.6,30.8,25.0,1.1,96.0,85.0,9.1
2022-10-09,27.1,30.2,24.6,2.9,96.0,85.0,10.1
2022-10-10,27.2,30.5,24.6,1.0,94.0,81.0,18.5
2022-10-11,27.7,30.8,25.0,5.8,93.0,80.0,19.9
2022-10-12,27.8,29.6,25.7,3.5,94.0,82.0,16.4
2022-10-13,27.1,30.9,24.3,23.1,98.0,86.0,11.6
2022-10-14,27.2,30.0,24.8,23.0,95.0,85.0,15.0
2022-10-15,28.2,30.2,26.4,1.7,88.0,79.0,23.8
2022-10-16,27.1,30.0,25.5,4.4,92.0,84.0,27.0
2022-10-17,27.0,28.9,25.1,4.4,94.0,86.0,22.0
2022-10-18,27.0,30.2,24.5,5.4,95.0,86.0,12.3
2022-10-19,26.4,29.8,24.1,29.6,97.0,89.0,10.7
2022-10-20,25.9,28.9,24.3,17.2,96.0,90.0,10.1
2022-10-21,27.4,30.5,25.0,1.6,97.0,87.0,8.7
2022-10-22,27.5,31.1,25.1,7.4,97.0,86.0,13.8
2022-10-23,27.1,29.9,24.8,4.8,98.0,89.0,7.5
2022-10-24,27.4,29.8,25.1,4.4,96.0,86.0,11.8
2022-10-25,26.1,28.7,25.0,38.4,93.0,88.0,12.8
2022-10-26,27.0,30.6,24.0,2.1,98.0,82.0,18.0
2022-10-27,28.0,32.0,25.5,0.0,91.0,75.0,12.5
2022-10-28,26.6,28.5,24.9,31.7,92.0,84.0,29.3
2022-10-29,25.6,26.8,25.0,130.3,95.0,91.0,44.2
2022-10-30,27.1,28.5,25.5,18.3,94.0,87.0,30.8
2022-10-31,27.4,29.9,25.8,3.1,93.0,84.0,23.1
2022-11-01,26.5,28.5,24.1,18.5,99.0,88.0,19.6
2022-11-02,26.9,29.8,24.3,0.5,96.0,86.0,14.1
2022-11-03,26.2,29.8,23.7,11.4,98.0,89.0,11.6
2022-11-04,26.2,29.0,23.6,9.7,100.0,90.0,7.2
2022-11-05,26.6,29.6,24.1,5.4,97.0,88.0,7.6
2022-11-06,27.1,29.6,24.6,0.5,96.0,85.0,12.2
2022-11-07,27.1,29.5,25.0,1.3,97.0,87.0,10.8
2022-11-08,26.1,27.5,24.5,6.4,97.0,91.0,6.9
2022-11-09,27.4,30.6,24.7,1.1,100.0,87.0,8.1
2022-11-10,27.4,30.6,24.7,0.5,98.0,83.0,15.8
2022-11-11,27.6,31.0,24.8,0.1,97.0,83.0,13.1
2022-11-12,27.0,30.5,24.1,6.1,99.0,88.0,7.6
2022-11-13,27.6,31.1,24.7,0.5,97.0,86.0,7.2
2022-11-14,27.8,31.5,25.0,1.0,97.0,84.0,16.5
2022-11-15,27.6,31.0,25.1,0.9,96.0,84.0,11.4
2022-11-16,27.7,31.5,24.8,0.8,93.0,80.0,15.5
2022-11-17,27.3,31.0,24.6,3.8,96.0,82.0,12.9
2022-11-18,26.8,29.9,24.5,2.1,97.0,85.0,13.0
2022-11-19,26.1,29.6,24.5,26.7,95.0,88.0,12.6
2022-11-20,26.8,29.6,24.5,1.1,98.0,86.0,17.3
2022-11-21,26.5,29.3,25.0,10.0,93.0,86.0,18.5
2022-11-22,27.3,30.2,24.9,0.2,94.0,83.0,17.4
2022-11-23,27.4,30.1,24.5,0.7,97.0,82.0,15.0
2022-11-24,27.8,31.9,24.6,0.1,97.0,81.0,15.2
2022-11-25,26.9,30.5,24.1,1.3,96.0,84.0,13.2
2022-11-26,26.8,30.8,22.8,0.7,100.0,85.0,10.1
2022-11-27,27.1,30.8,23.6,0.0,97.0,78.0,16.6
2022-11-28,27.2,29.9,24.5,2.5,97.0,84.0,11.2
2022-11-29,27.8,32.2,24.6,0.2,100.0,83.0,7.8
2022-11-30,27.5,31.7,24.5,22.7,97.0,84.0,14.5
2022-12-01,27.2,30.5,24.6,0.8,95.0,82.0,16.5
2022-12-02,27.3,31.4,24.1,0.7,98.0,82.0,20.0
2022-12-03,27.8,31.8,24.8,0.3,96.0,80.0,15.1
2022-12-04,27.3,31.0,24.5,0.3,99.0,84.0,10.5
2022-12-05,27.0,30.1,24.1,0.3,98.0,84.0,11.5
2022-12-06,27.4,31.0,24.0,0.7,92.0,79.0,15.0
2022-12-07,27.1,30.6,24.0,1.4,99.0,82.0,11.0
2022-12-08,26.9,29.2,24.5,3.7,95.0,84.0,13.5
2022-12-09,25.9,28.7,24.5,8.6,96.0,90.0,9.0
2022-12-10,25.7,28.6,23.8,11.9,96.0,88.0,12.0
2022-12-11,26.7,29.0,24.4,1.2,94.0,82.0,10.0
2022-12-12,26.9,29.2,24.6,0.6,94.0,82.0,8.3
2022-12-13,27.0,29.8,25.0,2.0,94.0,84.0,10.0
2022-12-14,26.6,30.1,24.5,2.5,97.0,87.0,11.5
2022-12-15,27.2,31.1,25.0,0.7,96.0,84.0,15.1
2022-12-16,27.6,32.1,24.8,0.1,95.0,79.0,15.2
2022-12-17,27.2,30.5,24.9,1.3,93.0,80.0,14.4
2022-12-18,26.4,29.2,24.2,0.3,79.0,73.0,24.3
2022-12-19,25.4,27.4,23.6,2.2,89.0,79.0,24.1
2022-12-20,24.8,27.5,23.1,17.0,97.0,90.0,15.5
2022-12-21,25.7,29.1,23.0,3.1,96.0,87.0,18.1
2022-12-22,25.8,27.9,24.1,0.7,88.0,78.0,14.4
2022-12-23,25.5,28.6,23.5,0.5,83.0,71.0,13.4
2022-12-24,24.7,27.7,22.9,0.0,80.0,68.0,13.5
2022-12-25,24.1,27.0,21.8,0.0,88.0,72.0,14.3
2022-12-26,24.6,27.7,22.0,0.0,92.0,71.0,15.5
2022-12-27,24.5,27.1,22.3,0.0,92.0,77.0,13.0
2022-12-28,25.3,29.2,22.5,11.6,94.0,77.0,18.7
2022-12-29,25.0,27.7,23.1,3.6,95.0,85.0,20.5
2022-12-30,26.4,30.8,23.1,0.3,91.0,80.0,11.2
2022-12-31,25.7,29.0,23.2,11.2,97.0,84.0,8.1
2023-01-01,26.2,28.8,23.5,1.4,98.0,86.0,7.3
2023-01-02,26.8,31.1,23.9,5.3,94.0,80.0,14.4
2023-01-03,26.0,28.8,24.6,2.8,90.0,82.0,14.0
2023-01-04,25.6,28.5,23.6,7.6,98.0,84.0,14.3
2023-01-05,24.9,27.0,23.6,4.3,98.0,92.0,8.0
2023-01-06,24.9,28.0,23.2,17.6,99.0,91.0,13.2
2023-01-07,25.1,29.4,21.8,0.2,97.0,80.0,21.6
2023-01-08,24.6,28.5,21.6,1.0,95.0,79.0,17.0
2023-01-09,25.3,29.5,22.2,0.0,94.0,78.0,10.8
2023-01-10,25.1,28.6,22.5,0.1,96.0,81.0,11.2
2023-01-11,25.4,29.4,21.9,0.0,100.0,79.0,11.7
2023-01-12,25.7,30.3,22.6,0.0,98.0,78.0,16.5
2023-01-13,25.7,29.1,23.2,1.2,98.0,83.0,13.8
2023-01-14,25.1,27.8,23.1,10.6,98.0,89.0,9.8
2023-01-15,24.6,27.5,23.1,16.2,99.0,93.0,10.6
2023-01-16,25.4,28.5,23.0,2.0,97.0,85.0,8.3
2023-01-17,25.9,29.0,24.0,2.8,93.0,83.0,19.1
2023-01-18,25.5,29.0,23.7,4.7,90.0,84.0,12.4
2023-01-19,26.1,29.5,23.8,0.1,88.0,76.0,14.0
2023-01-20,25.9,29.1,23.8,0.8,91.0,80.0,15.9
2023-01-21,25.5,28.4,23.1,4.6,98.0,84.0,11.1
2023-01-22,25.6,29.0,22.5,0.4,98.0,83.0,12.6
2023-01-23,26.4,31.0,23.4,0.3,94.0,77.0,11.2
2023-01-24,26.4,30.6,23.6,0.5,86.0,71.0,16.2
2023-01-25,24.9,29.0,22.1,0.0,84.0,72.0,17.7
2023-01-26,25.9,29.5,23.6,0.0,84.0,72.0,18.0
2023-01-27,24.9,27.5,23.0,8.4,91.0,82.0,16.8
2023-01-28,24.7,27.6,22.3,0.0,87.0,74.0,16.3
2023-01-29,24.6,27.8,22.4,0.1,89.0,76.0,18.6
2023-01-30,25.6,29.0,23.1,0.0,93.0,77.0,13.0
2023-01-31,25.3,28.6,22.9,0.0,94.0,77.0,18.8
2023-02-01,26.6,31.0,23.8,0.0,97.0,78.0,21.1
2023-02-02,26.3,31.1,22.8,0.6,100.0,82.0,15.9
2023-02-03,26.6,31.7,23.1,0.8,96.0,76.0,16.2
2023-02-04,26.2,30.8,22.5,0.0,93.0,70.0,18.4
2023-02-05,26.4,30.6,23.7,2.1,92.0,74.0,15.2
2023-02-06,26.5,29.5,24.4,0.6,95.0,81.0,10.7
2023-02-07,26.8,31.0,23.4,0.5,97.0,79.0,15.0
2023-02-08,26.4,30.5,22.6,3.9,96.0,78.0,13.9
2023-02-09,26.2,31.1,22.1,0.1,96.0,72.0,19.5
2023-02-10,26.5,31.9,22.2,0.0,99.0,73.0,16.6
2023-02-11,27.2,32.1,23.6,0.0,94.0,72.0,22.9
2023-02-12,26.9,32.1,22.6,0.2,95.0,74.0,20.9
2023-02-13,26.5,29.8,22.4,0.3,99.0,75.0,19.1
2023-02-14,26.0,29.8,21.6,1.2,96.0,73.0,11.9
2023-02-15,26.6,31.3,23.6,0.0,86.0,65.0,20.8
2023-02-16,25.6,29.8,21.7,2.6,85.0,67.0,19.3
2023-02-17,26.0,30.7,22.9,0.0,92.0,67.0,18.9
2023-02-18,26.7,31.0,23.6,3.3,91.0,70.0,18.0
2023-02-19,24.2,24.9,23.4,19.3,96.0,91.0,14.7
2023-02-20,25.8,29.3,23.5,6.4,95.0,86.0,11.9
2023-02-21,25.6,28.4,22.2,1.3,90.0,80.0,12.2
2023-02-22,25.9,28.8,23.0,0.0,92.0,77.0,14.0
2023-02-23,26.2,29.9,23.4,0.0,96.0,82.0,10.7
2023-02-24,27.1,30.2,23.8,0.1,96.0,77.0,8.2
2023-02-25,27.6,31.4,25.0,2.0,88.0,74.0,13.9
2023-02-26,26.7,30.0,24.1,0.1,82.0,73.0,22.9
2023-02-27,25.8,29.2,23.0,0.0,88.0,73.0,18.4
2023-02-28,25.9,29.8,22.9,0.0,89.0,71.0,17.5
2023-03-01,26.5,30.0,23.9,0.7,96.0,78.0,11.0
2023-03-02,25.5,29.8,22.0,1.0,84.0,69.0,17.3
2023-03-03,25.2,29.6,21.4,0.0,93.0,70.0,18.4
2023-03-04,25.6,30.0,22.6,0.2,88.0,72.0,14.9
2023-03-05,25.2,29.8,20.8,0.0,86.0,67.0,16.3
2023-03-06,25.1,30.0,20.8,0.0,91.0,67.0,18.5
2023-03-07,25.5,29.9,22.2,0.0,87.0,70.0,19.4
2023-03-08,25.8,29.5,21.9,1.0,92.0,73.0,12.3
2023-03-09,25.9,29.5,22.2,0.4,93.0,72.0,12.6
2023-03-10,25.3,29.1,21.0,4.0,98.0,74.0,14.0
2023-03-11,25.6,29.8,21.6,0.1,93.0,71.0,15.8
2023-03-12,26.4,31.1,23.0,0.4,90.0,69.0,13.1
2023-03-13,24.8,27.5,22.2,4.7,93.0,80.0,13.0
2023-03-14,25.8,30.6,21.7,0.0,95.0,73.0,19.6
2023-03-15,26.7,30.8,23.0,0.7,95.0,74.0,13.3
2023-03-16,27.6,32.5,23.5,0.0,89.0,68.0,16.3
2023-03-17,27.3,31.9,22.8,0.9,88.0,69.0,15.8
2023-03-18,27.4,32.2,24.0,0.0,87.0,70.0,21.3
2023-03-19,27.3,32.3,23.0,0.0,90.0,68.0,20.9
2023-03-20,26.9,31.9,22.6,0.0,93.0,70.0,22.0
2023-03-21,27.3,32.0,22.6,0.0,87.0,69.0,24.7
2023-03-22,28.7,34.0,25.0,0.0,90.0,67.0,19.7
2023-03-23,28.9,34.2,23.8,0.0,92.0,65.0,19.9
2023-03-24,29.3,34.2,25.9,1.3,86.0,69.0,20.9
2023-03-25,29.4,34.7,25.4,0.0,85.0,67.0,21.5
2023-03-26,28.9,33.6,24.1,0.0,88.0,68.0,22.2
2023-03-27,28.8,34.4,24.4,0.2,88.0,65.0,21.7
2023-03-28,28.8,33.5,25.0,1.4,85.0,65.0,17.6
2023-03-29,28.5,33.2,24.9,0.8,81.0,64.0,19.2
2023-03-30,28.9,33.2,25.4,0.6,87.0,68.0,20.0
2023-03-31,29.1,33.3,25.6,0.9,89.0,70.0,16.5
2023-04-01,29.3,34.2,25.0,0.2,94.0,69.0,15.3
2023-04-02,28.4,33.7,24.9,3.7,89.0,71.0,18.8
2023-04-03,27.9,32.8,23.5,22.3,96.0,74.0,16.0
2023-04-04,27.9,32.2,25.1,1.2,83.0,67.0,20.1
2023-04-05,28.4,33.0,24.4,0.0,85.0,62.0,20.8
2023-04-06,28.6,32.9,25.5,1.2,78.0,63.0,17.6
2023-04-07,28.8,32.7,25.0,0.0,86.0,66.0,13.7
2023-04-08,29.0,34.2,25.5,0.5,86.0,64.0,18.6
2023-04-09,28.4,33.3,24.9,0.8,84.0,67.0,21.3
2023-04-10,28.3,31.6,24.6,1.1,87.0,67.0,14.2
2023-04-11,28.5,32.2,25.4,0.0,86.0,68.0,22.4
2023-04-12,26.1,29.2,25.0,22.2,96.0,87.0,12.2
2023-04-13,25.4,27.5,24.4,38.1,95.0,91.0,28.5
2023-04-14,26.6,29.2,24.7,8.6,95.0,87.0,13.8
2023-04-15,27.9,30.8,25.5,1.4,97.0,81.0,14.5
2023-04-16,27.8,30.9,25.4,2.1,95.0,83.0,13.4
2023-04-17,28.1,31.4,25.0,0.8,96.0,82.0,13.2
2023-04-18,28.6,32.2,25.4,0.5,90.0,76.0,16.6
2023-04-19,29.0,32.7,26.2,0.2,93.0,77.0,14.0
2023-04-20,29.1,33.6,25.0,0.1,94.0,77.0,15.0
2023-04-21,28.0,32.8,24.8,1.5,91.0,79.0,15.3
2023-04-22,29.1,32.7,25.5,0.4,100.0,77.0,16.4
2023-04-23,28.9,33.0,25.1,2.5,92.0,76.0,16.4
2023-04-24,28.6,32.2,26.1,1.9,84.0,73.0,11.9
2023-04-25,29.0,32.8,26.1,0.6,82.0,69.0,14.2
2023-04-26,29.2,32.9,26.0,0.6,87.0,69.0,10.7
2023-04-27,29.4,34.3,24.9,0.4,91.0,66.0,19.3
2023-04-28,29.6,34.7,25.0,0.0,93.0,66.0,14.5
2023-04-29,29.1,34.2,25.4,2.0,94.0,73.0,16.9
2023-04-30,28.6,34.2,25.4,2.4,95.0,77.0,11.6
2023-05-01,30.3,34.5,26.7,0.4,87.0,68.0,17.5
2023-05-02,30.5,35.3,26.8,0.2,81.0,63.0,21.0
2023-05-03,30.2,35.6,26.5,0.9,85.0,65.0,22.1
2023-05-04,29.3,34.0,26.3,0.9,83.0,70.0,23.2
2023-05-05,30.3,35.0,26.7,0.3,82.0,65.0,21.4
2023-05-06,30.5,35.0,27.0,2.4,83.0,66.0,23.8
2023-05-07,30.3,35.5,26.1,0.8,93.0,70.0,22.2
2023-05-08,29.2,35.5,25.9,4.1,92.0,74.0,21.1
2023-05-09,29.1,33.7,25.5,14.1,93.0,76.0,17.0
2023-05-10,28.0,32.1,26.1,6.6,90.0,81.0,9.8
2023-05-11,28.7,31.0,26.5,0.3,89.0,77.0,18.0
2023-05-12,28.3,32.8,25.3,4.3,97.0,79.0,15.2
2023-05-13,29.6,33.5,26.2,1.2,94.0,72.0,15.7
2023-05-14,29.2,33.2,26.0,9.2,93.0,77.0,18.3
2023-05-15,29.5,32.7,27.2,0.6,90.0,77.0,21.9
2023-05-16,28.4,31.5,26.2,11.0,95.0,84.0,20.8
2023-05-17,29.3,32.2,25.9,7.5,93.0,79.0,18.1
2023-05-18,29.0,32.4,26.4,4.3,98.0,81.0,17.6
2023-05-19,28.8,31.5,25.6,3.5,94.0,81.0,11.3
2023-05-20,28.2,30.5,26.4,4.4,92.0,82.0,10.8
2023-05-21,28.3,30.9,26.9,3.9,90.0,82.0,12.5
2023-05-22,28.7,31.9,26.2,5.3,98.0,83.0,16.6
2023-05-23,28.4,31.9,26.4,9.4,91.0,81.0,14.6
2023-05-24,28.5,33.3,25.5,12.3,94.0,81.0,16.9
2023-05-25,27.6,32.5,24.5,9.0,98.0,83.0,12.4
2023-05-26,28.3,31.8,25.8,11.0,96.0,81.0,13.4
2023-05-27,27.9,32.5,24.9,6.5,94.0,80.0,9.8
2023-05-28,29.8,31.8,27.7,0.3,83.0,71.0,22.9
2023-05-29,30.4,33.4,27.9,2.1,83.0,72.0,29.3
2023-05-30,28.9,33.1,26.6,2.6,87.0,77.0,35.0
2023-05-31,29.0,31.0,27.6,2.9,83.0,76.0,36.0
2023-06-01,28.2,31.0,26.5,4.9,88.0,82.0,33.5
2023-06-02,27.6,30.1,25.5,19.5,93.0,85.0,27.6
2023-06-03,28.0,30.1,25.9,8.3,97.0,84.0,18.8
2023-06-04,28.2,32.4,25.7,7.2,92.0,81.0,12.2
2023-06-05,27.7,32.3,25.2,18.2,94.0,83.0,12.8
2023-06-06,27.7,31.6,24.9,7.3,96.0,84.0,8.7
2023-06-07,27.7,32.3,24.0,21.2,98.0,83.0,16.6
2023-06-08,27.6,31.2,24.4,15.6,95.0,84.0,22.7
2023-06-09,27.6,30.5,25.5,17.7,92.0,85.0,26.6
2023-06-10,27.4,29.4,26.5,10.0,89.0,84.0,25.7
2023-06-11,26.7,28.0,25.5,21.3,94.0,88.0,27.7
2023-06-12,27.5,29.4,26.6,7.4,91.0,86.0,24.3
2023-06-13,29.0,31.0,27.7,3.4,86.0,78.0,28.2
2023-06-14,28.9,31.0,26.6,0.8,94.0,81.0,23.3
2023-06-15,27.3,31.0,25.0,17.8,95.0,87.0,16.3
2023-06-16,28.1,30.8,25.3,14.6,95.0,83.0,18.5
2023-06-17,28.9,32.4,25.3,0.3,91.0,74.0,18.0
2023-06-18,28.7,32.6,25.6,1.1,96.0,78.0,12.1
2023-06-19,28.3,32.0,25.2,5.3,94.0,80.0,10.8
2023-06-20,28.4,31.8,25.8,7.9,95.0,81.0,16.9
2023-06-21,28.2,32.2,24.8,11.6,99.0,82.0,20.2
2023-06-22,27.8,33.4,24.5,5.4,98.0,82.0,18.1
2023-06-23,28.5,31.8,25.1,4.9,94.0,80.0,10.9
2023-06-24,28.1,32.0,25.5,4.0,95.0,80.0,17.6
2023-06-25,27.6,30.1,25.9,15.2,90.0,83.0,11.4
2023-06-26,27.4,29.5,25.6,4.6,93.0,86.0,13.7
2023-06-27,27.8,30.7,25.4,9.0,94.0,84.0,11.0
2023-06-28,27.7,32.2,25.4,21.0,95.0,84.0,18.6
2023-06-29,28.1,31.1,26.2,11.2,90.0,82.0,16.3
2023-06-30,28.1,30.1,26.1,0.6,95.0,84.0,15.2
2023-07-01,28.5,33.9,26.0,9.7,95.0,82.0,14.4
2023-07-02,28.1,31.9,25.0,0.4,95.0,82.0,10.2
2023-07-03,29.5,33.9,25.9,0.1,92.0,73.0,20.4
2023-07-04,29.9,33.7,26.4,0.0,87.0,70.0,11.0
2023-07-05,30.1,34.0,27.0,0.4,85.0,70.0,21.9
2023-07-06,29.3,33.6,24.8,10.9,93.0,75.0,11.5
2023-07-07,28.8,33.5,25.6,5.2,88.0,75.0,20.3
2023-07-08,29.6,33.6,26.0,1.4,90.0,70.0,16.3
2023-07-09,29.9,34.0,26.3,0.5,88.0,68.0,9.6
2023-07-10,29.6,33.1,26.8,2.6,89.0,71.0,12.1
2023-07-11,28.9,33.8,26.2,6.6,94.0,76.0,11.5
2023-07-12,28.3,31.9,26.1,5.3,90.0,80.0,12.2
2023-07-13,26.1,26.8,25.2,73.3,93.0,91.0,23.7
2023-07-14,26.0,26.6,25.5,44.0,93.0,91.0,29.3
2023-07-15,26.5,28.6,25.0,21.2,94.0,87.0,30.9
2023-07-16,26.6,28.9,25.0,20.9,94.0,87.0,23.4
2023-07-17,28.0,29.5,26.3,5.6,91.0,82.0,22.2
2023-07-18,28.6,31.7,25.8,14.6,93.0,79.0,13.6
2023-07-19,27.1,30.8,24.5,21.0,97.0,86.0,11.7
2023-07-20,27.4,31.1,25.0,12.8,96.0,86.0,11.7
2023-07-21,27.3,31.2,25.0,7.7,96.0,87.0,10.7
2023-07-22,27.2,30.7,24.6,7.0,94.0,85.0,19.0
2023-07-23,26.5,29.9,24.6,17.5,94.0,87.0,16.7
2023-07-24,27.4,29.6,26.0,11.5,95.0,86.0,22.3
2023-07-25,28.0,30.5,26.4,5.7,87.0,82.0,35.1
2023-07-26,26.8,28.2,25.0,11.0,93.0,86.0,41.3
2023-07-27,26.8,28.4,25.5,20.6,91.0,86.0,35.9
2023-07-28,26.8,28.6,25.0,27.8,93.0,86.0,32.2
2023-07-29,26.7,29.0,25.4,22.7,92.0,86.0,27.0
2023-07-30,26.9,28.8,25.7,6.4,91.0,85.0,26.2
2023-07-31,27.4,29.5,26.1,7.5,90.0,83.0,27.7
2023-08-01,27.3,29.0,26.0,6.5,90.0,85.0,28.7
2023-08-02,26.8,28.6,25.6,11.7,92.0,87.0,31.7
2023-08-03,27.5,29.5,26.2,5.7,91.0,85.0,33.4
2023-08-04,28.3,30.0,26.5,2.4,90.0,81.0,29.6
2023-08-05,28.5,30.5,27.1,2.6,83.0,78.0,29.8
2023-08-06,28.4,30.1,26.2,1.6,89.0,78.0,32.7
2023-08-07,28.3,30.1,26.4,3.5,90.0,80.0,30.9
2023-08-08,28.5,30.6,26.4,2.4,91.0,81.0,26.4
2023-08-09,28.3,31.0,26.4,2.2,92.0,83.0,28.2
2023-08-10,28.2,30.9,26.4,3.3,93.0,84.0,17.6
2023-08-11,27.7,30.3,25.6,0.6,96.0,85.0,23.9
2023-08-12,28.4,30.1,26.1,1.3,91.0,82.0,21.4
2023-08-13,28.7,30.8,26.9,1.1,88.0,81.0,21.4
2023-08-14,28.5,31.0,26.4,2.9,91.0,81.0,15.9
2023-08-15,28.3,31.5,25.2,3.9,97.0,84.0,16.0
2023-08-16,28.0,31.1,25.6,2.1,95.0,83.0,22.4
2023-08-17,27.9,30.4,26.2,4.5,91.0,82.0,26.1
2023-08-18,28.0,30.1,26.2,3.3,90.0,82.0,23.5
2023-08-19,28.4,30.8,26.6,4.0,90.0,81.0,17.3
2023-08-20,28.4,31.1,25.2,2.1,96.0,79.0,21.3
2023-08-21,27.9,31.1,25.5,0.7,92.0,82.0,16.1
2023-08-22,27.1,30.5,25.4,19.4,94.0,86.0,16.8
2023-08-23,27.3,30.3,25.0,7.9,96.0,85.0,23.4
2023-08-24,27.1,30.0,25.0,7.4,96.0,85.0,25.4
2023-08-25,28.2,30.5,26.6,3.2,89.0,80.0,21.0
2023-08-26,27.5,29.5,26.5,8.5,87.0,82.0,25.9
2023-08-27,27.2,28.8,26.2,8.1,90.0,84.0,26.5
2023-08-28,27.9,30.1,26.0,2.5,89.0,82.0,27.1
2023-08-29,27.1,29.2,25.6,7.1,93.0,84.0,36.4
2023-08-30,26.6,28.5,24.9,19.9,93.0,87.0,34.9
2023-08-31,26.8,28.4,25.5,18.6,94.0,88.0,34.0
2023-09-01,26.8,28.1,25.8,32.2,91.0,87.0,34.7
2023-09-02,27.0,28.9,25.5,24.7,92.0,87.0,35.1
2023-09-03,27.0,28.5,26.0,18.1,91.0,86.0,32.3
2023-09-04,26.8,27.5,26.2,16.0,90.0,88.0,24.3
2023-09-05,26.9,29.4,25.0,22.9,96.0,90.0,23.1
2023-09-06,27.5,31.0,24.6,7.0,97.0,87.0,14.5
2023-09-07,27.6,32.2,24.8,8.5,96.0,86.0,12.9
2023-09-08,27.9,31.6,24.6,5.5,96.0,84.0,13.9
2023-09-09,27.8,31.0,25.1,0.4,95.0,84.0,10.2
2023-09-10,27.8,31.0,25.0,4.8,95.0,84.0,16.6
2023-09-11,27.7,30.1,25.0,2.6,96.0,84.0,17.6
2023-09-12,27.0,30.1,25.2,8.4,95.0,87.0,9.7
2023-09-13,26.9,28.5,25.0,7.7,91.0,84.0,17.0
2023-09-14,27.0,30.5,25.1,12.2,95.0,86.0,18.9
2023-09-15,27.1,30.4,24.9,11.7,96.0,87.0,13.4
2023-09-16,27.4,31.2,24.9,6.6,98.0,85.0,12.9
2023-09-17,26.8,31.1,24.5,24.4,97.0,87.0,13.7
2023-09-18,27.7,31.0,24.4,4.0,96.0,85.0,12.8
2023-09-19,27.3,31.6,24.9,12.8,97.0,87.0,9.0
2023-09-20,28.4,31.8,25.4,0.7,91.0,80.0,10.5
2023-09-21,27.6,32.1,24.8,6.1,98.0,85.0,11.0
2023-09-22,26.4,28.5,24.8,27.3,97.0,91.0,9.4
2023-09-23,26.3,28.1,24.7,22.8,97.0,90.0,12.5
2023-09-24,27.6,30.4,25.5,7.3,95.0,85.0,7.6
2023-09-25,26.8,29.6,24.6,15.1,96.0,89.0,9.7
2023-09-26,27.1,30.0,24.8,9.5,94.0,86.0,15.8
2023-09-27,26.9,30.0,25.1,2.3,97.0,88.0,15.6
2023-09-28,26.8,31.1,24.2,11.5,96.0,88.0,11.3
2023-09-29,27.6,31.4,25.3,6.5,98.0,88.0,7.3
2023-09-30,27.9,30.5,26.0,2.8,95.0,86.0,18.4
2023-10-01,27.6,30.8,25.5,11.3,95.0,87.0,20.4
2023-10-02,27.4,29.9,26.0,10.3,92.0,86.0,26.3
2023-10-03,27.3,29.5,26.2,2.9,89.0,85.0,28.2
2023-10-04,27.1,29.1,25.5,18.9,91.0,86.0,25.6
2023-10-05,26.6,28.5,25.4,9.0,93.0,88.0,23.5
2023-10-06,27.0,29.1,24.9,2.0,95.0,85.0,20.8
2023-10-07,27.6,30.2,25.3,1.2,95.0,84.0,15.4
2023-10-08,27.4,30.9,24.8,7.0,96.0,85.0,15.6
2023-10-09,27.8,31.1,25.3,1.3,95.0,85.0,12.6
2023-10-10,27.7,30.1,25.2,3.8,94.0,85.0,8.2
2023-10-11,26.6,28.6,24.4,4.4,96.0,88.0,13.1
2023-10-12,27.4,29.7,25.1,2.1,94.0,85.0,9.5
2023-10-13,28.0,30.9,25.6,0.8,93.0,85.0,7.1
2023-10-14,27.8,30.7,24.9,2.3,95.0,82.0,14.4
2023-10-15,27.4,30.9,23.9,12.4,97.0,84.0,13.9
2023-10-16,27.1,29.8,24.9,2.3,95.0,85.0,12.2
2023-10-17,27.3,30.5,24.8,6.6,95.0,85.0,10.2
2023-10-18,28.0,31.0,25.4,2.2,97.0,83.0,9.3
2023-10-19,26.8,29.4,25.4,12.1,94.0,88.0,8.4
2023-10-20,26.6,29.5,24.3,14.7,96.0,88.0,12.2
2023-10-21,26.0,28.2,24.6,5.3,96.0,90.0,6.9
2023-10-22,26.1,28.1,24.6,7.5,96.0,91.0,10.5
2023-10-23,25.7,28.0,23.9,5.6,98.0,92.0,6.3
2023-10-24,26.5,30.5,24.5,5.0,98.0,89.0,9.9
2023-10-25,27.9,31.0,25.4,0.7,95.0,83.0,8.4
2023-10-26,27.5,30.5,24.6,5.8,95.0,86.0,11.8
2023-10-27,26.6,30.8,24.1,3.4,98.0,88.0,12.6
2023-10-28,27.6,30.4,24.9,0.8,96.0,85.0,9.7
2023-10-29,27.8,31.5,24.6,1.1,91.0,79.0,9.9
2023-10-30,28.2,32.7,25.0,0.2,89.0,75.0,14.0
2023-10-31,27.6,31.6,24.4,16.7,93.0,77.0,15.2
2023-11-01,26.1,28.6,24.2,11.2,97.0,90.0,11.9
2023-11-02,26.2,28.4,24.1,6.9,97.0,92.0,6.8
2023-11-03,27.1,31.1,24.5,2.9,97.0,87.0,11.8
2023-11-04,27.7,30.9,24.8,3.3,97.0,86.0,8.6
2023-11-05,27.5,30.9,24.6,2.4,97.0,88.0,6.1
2023-11-06,27.9,31.3,25.0,1.5,94.0,82.0,10.2
2023-11-07,28.0,31.5,25.5,0.9,94.0,81.0,12.6
2023-11-08,27.4,30.6,25.2,1.2,93.0,84.0,12.0
2023-11-09,28.0,32.1,24.6,1.5,92.0,80.0,8.9
2023-11-10,27.8,32.1,24.7,0.9,93.0,81.0,11.2
2023-11-11,28.0,31.4,25.1,0.9,96.0,81.0,15.9
2023-11-12,27.9,31.4,25.4,1.3,92.0,80.0,10.9
2023-11-13,27.7,30.9,25.4,0.6,94.0,80.0,13.4
2023-11-14,27.7,30.8,25.7,1.6,86.0,78.0,19.6
2023-11-15,27.7,31.0,25.4,1.6,87.0,77.0,15.4
2023-11-16,27.9,32.0,25.3,0.1,87.0,73.0,14.3
2023-11-17,27.8,32.5,24.8,0.0,84.0,69.0,19.1
2023-11-18,27.5,31.5,24.8,0.9,82.0,70.0,17.1
2023-11-19,27.0,30.9,24.5,0.0,83.0,70.0,13.9
2023-11-20,27.4,31.6,24.5,0.4,93.0,73.0,11.2
2023-11-21,27.3,31.5,23.9,0.8,87.0,72.0,10.3
2023-11-22,27.2,30.9,24.1,2.1,91.0,74.0,9.0
2023-11-23,26.5,30.0,24.5,4.7,98.0,86.0,10.8
2023-11-24,27.9,31.5,25.9,1.4,88.0,78.0,14.5
2023-11-25,26.4,28.5,24.5,2.8,89.0,80.0,12.6
2023-11-26,27.3,30.9,24.4,1.3,95.0,80.0,17.8
2023-11-27,28.0,32.6,24.8,1.0,96.0,77.0,16.5
2023-11-28,28.1,32.4,25.2,0.6,90.0,76.0,18.4
2023-11-29,28.3,32.0,26.0,0.2,86.0,76.0,15.8
2023-11-30,28.4,32.0,25.6,0.1,90.0,74.0,18.4
2023-12-01,28.1,31.8,25.6,1.0,89.0,75.0,23.0
2023-12-02,28.1,32.4,25.0,0.0,87.0,73.0,19.7
2023-12-03,27.6,31.6,24.7,1.0,93.0,77.0,18.8
2023-12-04,28.6,33.2,25.4,0.4,91.0,71.0,12.8
2023-12-05,27.8,31.0,25.0,3.0,99.0,83.0,5.1
2023-12-06,26.6,31.2,24.0,6.3,98.0,86.0,10.4
2023-12-07,27.5,30.6,25.8,1.4,90.0,80.0,16.9
2023-12-08,27.5,31.8,23.7,0.0,92.0,76.0,10.0
2023-12-09,27.5,31.4,23.9,0.5,94.0,77.0,13.0
2023-12-10,27.7,32.5,24.2,0.2,96.0,75.0,9.4
2023-12-11,27.1,30.6,24.5,1.2,91.0,80.0,9.7
2023-12-12,28.5,33.3,25.6,0.0,91.0,73.0,15.5
2023-12-13,28.3,32.9,25.4,1.8,86.0,72.0,17.9
2023-12-14,27.8,31.0,25.0,0.8,84.0,71.0,20.5
2023-12-15,26.8,31.1,23.6,19.6,98.0,80.0,14.7
2023-12-16,26.6,29.1,25.3,2.3,90.0,82.0,14.2
2023-12-17,27.0,30.8,24.5,2.3,87.0,69.0,22.2
2023-12-18,26.8,30.7,24.5,1.1,93.0,80.0,19.2
2023-12-19,27.8,32.0,25.0,2.0,93.0,76.0,16.3
2023-12-20,27.9,31.6,25.2,1.6,93.0,77.0,9.8
2023-12-21,27.1,30.5,23.9,9.2,91.0,79.0,12.5
2023-12-22,25.4,28.3,22.9,2.1,91.0,76.0,18.6
2023-12-23,25.6,28.0,24.1,0.0,85.0,78.0,18.3
2023-12-24,26.7,30.2,24.6,1.6,91.0,77.0,17.3
2023-12-25,26.6,30.0,24.5,2.2,90.0,77.0,22.5
2023-12-26,26.6,30.0,24.1,1.2,94.0,82.0,19.4
2023-12-27,26.8,31.0,24.0,2.1,97.0,82.0,13.6
2023-12-28,27.1,31.5,23.8,1.4,95.0,78.0,10.9
2023-12-29,27.2,31.5,24.4,1.4,95.0,79.0,17.0
2023-12-30,27.5,31.8,24.1,2.2,95.0,78.0,14.1
2023-12-31,26.6,30.2,23.9,2.0,97.0,86.0,10.4
2024-01-01,26.7,30.2,24.4,2.3,98.0,87.0,7.4
2024-01-02,26.6,30.1,24.2,1.5,96.0,85.0,7.6
2024-01-03,27.3,30.6,25.1,0.3,91.0,80.0,9.5
2024-01-04,27.5,31.6,24.7,0.0,86.0,73.0,11.0
2024-01-05,27.2,31.2,23.8,0.7,89.0,74.0,10.4
2024-01-06,27.4,31.6,24.6,0.0,83.0,69.0,10.3
2024-01-07,27.0,31.0,24.7,0.0,83.0,68.0,15.5
2024-01-08,27.0,31.4,23.5,6.2,96.0,77.0,19.7
2024-01-09,27.1,31.1,24.5,0.8,94.0,80.0,10.4
2024-01-10,27.0,30.9,24.2,1.7,96.0,80.0,11.5
2024-01-11,26.6,30.8,23.8,0.1,85.0,72.0,13.0
2024-01-12,26.4,30.2,23.9,0.0,88.0,69.0,14.3
2024-01-13,26.7,30.4,24.0,0.0,75.0,63.0,19.1
2024-01-14,26.7,31.0,23.6,0.2,82.0,67.0,13.4
2024-01-15,26.5,30.9,23.0,1.0,88.0,66.0,12.9
2024-01-16,26.1,30.6,23.0,0.0,80.0,64.0,20.9
2024-01-17,25.6,30.9,21.8,0.1,84.0,65.0,19.1
2024-01-18,26.5,31.4,23.2,1.0,88.0,70.0,12.4
2024-01-19,26.8,31.9,23.0,0.8,87.0,71.0,14.9
2024-01-20,26.7,29.8,24.0,2.5,90.0,73.0,12.6
2024-01-21,27.3,31.1,24.1,1.0,92.0,73.0,11.5
2024-01-22,26.8,31.0,24.0,2.5,94.0,76.0,15.0
2024-01-23,26.3,29.2,24.2,2.5,90.0,77.0,17.3
2024-01-24,26.2,30.0,23.5,0.0,78.0,66.0,20.1
2024-01-25,25.7,30.0,22.5,0.0,81.0,65.0,13.7
2024-01-26,24.7,28.9,21.1,0.2,88.0,66.0,13.4
2024-01-27,24.7,29.1,21.2,0.0,86.0,67.0,21.3
2024-01-28,25.2,29.6,22.6,0.0,80.0,66.0,24.3
2024-01-29,25.3,30.2,20.8,0.2,90.0,64.0,24.2
2024-01-30,26.2,31.4,22.4,0.0,86.0,65.0,19.5
2024-01-31,26.3,30.9,23.0,0.2,91.0,71.0,17.7
2024-02-01,27.4,32.8,23.8,0.1,92.0,69.0,19.1
2024-02-02,27.4,32.6,23.3,0.0,91.0,67.0,17.7
2024-02-03,27.8,33.6,24.1,0.0,85.0,68.0,21.5
2024-02-04,28.2,34.2,23.9,0.0,87.0,65.0,22.4
2024-02-05,27.8,33.3,23.5,0.2,90.0,69.0,19.4
2024-02-06,27.5,32.8,23.0,0.0,89.0,66.0,15.5
2024-02-07,27.3,32.7,22.6,0.0,88.0,65.0,23.2
2024-02-08,27.7,31.8,23.9,0.0,87.0,67.0,17.5
2024-02-09,27.4,31.4,24.2,2.7,86.0,69.0,14.7
2024-02-10,27.4,32.0,23.9,1.4,78.0,63.0,17.4
2024-02-11,27.1,32.2,23.5,0.0,83.0,60.0,17.7
2024-02-12,26.4,31.3,23.8,0.0,70.0,58.0,20.7
2024-02-13,27.3,32.0,24.1,0.0,84.0,65.0,22.4
2024-02-14,27.9,33.8,23.6,0.0,87.0,66.0,22.1
2024-02-15,28.0,32.8,23.8,0.2,86.0,65.0,16.0
2024-02-16,27.0,30.5,23.7,1.0,82.0,67.0,16.6
2024-02-17,27.8,33.5,23.9,0.0,82.0,63.0,21.7
2024-02-18,28.3,34.0,25.0,0.0,80.0,61.0,19.4
2024-02-19,28.1,33.5,24.2,0.0,86.0,62.0,23.3
2024-02-20,28.3,33.9,24.8,0.0,75.0,57.0,22.2
2024-02-21,28.1,33.2,23.0,0.0,91.0,62.0,24.4
2024-02-22,28.5,34.3,23.5,0.0,88.0,65.0,17.7
2024-02-23,28.2,34.2,24.2,0.0,81.0,64.0,21.6
2024-02-24,29.3,35.0,26.1,0.1,79.0,60.0,21.0
2024-02-25,27.9,32.8,24.8,1.4,75.0,66.0,19.1
2024-02-26,27.4,32.5,22.9,0.0,86.0,61.0,20.8
2024-02-27,27.1,32.8,22.0,0.0,87.0,60.0,22.5
2024-02-28,27.3,32.7,23.4,0.0,80.0,59.0,23.4
2024-02-29,27.9,34.3,23.2,0.1,86.0,63.0,21.8
2024-03-01,27.7,32.4,23.5,0.0,84.0,62.0,17.3
2024-03-02,27.5,32.0,23.2,0.0,80.0,60.0,17.0
2024-03-03,27.7,33.3,23.9,0.0,79.0,58.0,21.3
2024-03-04,28.2,32.7,25.2,3.6,80.0,67.0,18.1
2024-03-05,28.2,33.8,23.1,0.0,82.0,58.0,21.5
2024-03-06,28.6,34.0,24.0,0.0,90.0,64.0,14.1
2024-03-07,28.0,33.0,24.6,0.2,85.0,67.0,19.3
2024-03-08,28.0,32.2,25.0,0.8,84.0,64.0,18.6
2024-03-09,27.5,32.3,24.4,3.5,87.0,68.0,20.6
2024-03-10,27.9,33.0,24.7,1.2,74.0,61.0,16.4
2024-03-11,27.9,32.3,24.5,0.4,92.0,68.0,17.9
2024-03-12,27.4,31.8,24.3,12.0,96.0,78.0,13.4
2024-03-13,27.4,31.8,24.2,0.4,84.0,70.0,19.8
2024-03-14,27.5,31.9,24.4,5.9,89.0,69.0,13.9
2024-03-15,27.4,31.1,24.4,4.0,95.0,74.0,15.9
2024-03-16,27.8,32.8,24.3,0.7,85.0,69.0,19.0
2024-03-17,27.5,31.5,23.8,0.8,85.0,69.0,9.2
2024-03-18,27.5,32.6,23.6,0.5,88.0,65.0,17.6
2024-03-19,27.9,32.0,24.2,3.1,94.0,68.0,10.3
2024-03-20,27.3,32.2,24.0,0.0,87.0,68.0,20.0
2024-03-21,26.4,30.7,23.8,0.5,80.0,70.0,19.8
2024-03-22,27.0,31.0,24.6,1.1,83.0,70.0,22.4
2024-03-23,27.8,31.9,24.9,0.8,79.0,69.0,25.0
2024-03-24,28.7,34.2,24.8,0.0,85.0,65.0,22.4
2024-03-25,28.9,34.7,24.9,0.0,83.0,62.0,22.2
2024-03-26,29.4,34.2,25.9,2.7,87.0,69.0,10.7
2024-03-27,28.4,33.6,25.0,8.0,95.0,77.0,15.1
2024-03-28,29.7,35.5,25.5,5.0,96.0,73.0,20.9
2024-03-29,29.0,33.8,25.5,2.0,83.0,69.0,22.2
2024-03-30,28.8,35.1,23.6,0.0,82.0,64.0,27.2
2024-03-31,29.5,35.3,25.5,0.0,81.0,61.0,18.1
2024-04-01,30.1,35.5,25.7,0.0,79.0,59.0,23.6
2024-04-02,29.9,35.8,25.5,0.0,78.0,56.0,19.2
2024-04-03,29.6,35.8,24.7,0.0,81.0,60.0,22.5
2024-04-04,29.8,34.9,25.4,1.9,83.0,64.0,20.4
2024-04-05,30.2,36.0,26.0,0.0,81.0,61.0,24.4
2024-04-06,29.6,35.0,25.4,1.5,83.0,64.0,23.1
2024-04-07,29.7,34.5,25.1,2.1,83.0,64.0,23.5
2024-04-08,29.0,35.0,23.2,0.0,84.0,62.0,24.6
2024-04-09,29.6,35.2,25.6,0.0,86.0,66.0,22.0
2024-04-10,30.0,35.2,26.1,0.5,79.0,60.0,16.5
2024-04-11,30.1,36.2,25.6,0.1,82.0,61.0,19.8
2024-04-12,29.9,35.8,24.6,0.0,84.0,59.0,21.3
2024-04-13,30.0,35.8,25.1,0.0,83.0,61.0,25.2
2024-04-14,30.4,35.2,26.5,1.7,81.0,62.0,20.2
2024-04-15,29.9,34.7,25.2,0.1,79.0,63.0,23.8
2024-04-16,30.0,35.7,24.4,0.0,83.0,60.0,24.7
2024-04-17,30.2,35.5,25.8,0.0,80.0,60.0,24.0
2024-04-18,30.7,36.2,26.4,0.0,77.0,59.0,20.2
2024-04-19,30.7,36.1,25.7,0.0,77.0,56.0,27.0
2024-04-20,31.2,37.0,27.0,0.0,77.0,55.0,20.5
2024-04-21,30.8,36.3,26.1,0.0,78.0,55.0,24.3
2024-04-22,31.4,36.5,27.2,0.3,78.0,59.0,22.6
2024-04-23,31.5,36.4,27.5,1.1,86.0,64.0,21.5
2024-04-24,31.1,36.8,27.6,1.3,81.0,65.0,13.5
2024-04-25,31.4,36.7,27.8,1.1,79.0,62.0,16.3
2024-04-26,31.7,37.3,27.0,0.2,76.0,56.0,24.6
2024-04-27,32.3,37.4,28.8,0.1,75.0,59.0,20.6
2024-04-28,32.6,37.2,29.0,0.6,73.0,59.0,21.7
2024-04-29,32.1,37.6,27.2,0.0,77.0,56.0,18.2
2024-04-30,32.1,38.2,27.3,0.0,78.0,57.0,20.4
2024-05-01,31.5,36.7,27.5,2.1,81.0,61.0,12.3
2024-05-02,31.4,37.3,26.6,0.0,76.0,57.0,22.9
2024-05-03,31.3,37.1,27.2,0.4,77.0,58.0,21.3
2024-05-04,31.4,37.2,27.0,0.2,82.0,59.0,21.4
2024-05-05,31.9,36.5,28.4,0.2,74.0,58.0,16.2
2024-05-06,31.6,36.4,27.6,0.3,77.0,60.0,20.9
2024-05-07,31.9,37.5,27.8,0.0,78.0,55.0,20.1
2024-05-08,31.5,35.8,27.8,1.1,74.0,60.0,19.7
2024-05-09,31.6,36.8,27.6,1.1,74.0,60.0,20.9
2024-05-10,30.9,35.8,27.8,3.4,75.0,63.0,13.8
2024-05-11,30.6,35.0,27.9,1.2,83.0,68.0,18.3
2024-05-12,32.0,35.6,28.9,0.1,79.0,62.0,21.1
2024-05-13,29.7,35.3,25.5,15.2,95.0,75.0,17.5
2024-05-14,30.4,,27.3,1.4,90.0,73.0,12.1
2024-05-15,29.6,34.7,25.9,1.7,94.0,75.0,14.3
2024-05-16,29.5,35.1,26.8,4.8,91.0,74.0,16.8
2024-05-17,29.3,34.8,25.9,12.3,93.0,76.0,15.2
2024-05-18,30.3,34.5,27.2,1.1,85.0,70.0,10.5
2024-05-19,29.1,33.4,26.8,10.6,95.0,78.0,14.8
2024-05-20,29.9,34.3,27.0,2.9,88.0,71.0,18.4
2024-05-21,30.7,35.7,27.4,1.4,89.0,70.0,14.6
2024-05-22,30.9,34.8,27.8,1.4,79.0,65.0,12.9
2024-05-23,31.5,35.7,28.0,0.4,82.0,63.0,17.7
2024-05-24,30.8,35.5,28.0,1.7,88.0,70.0,14.8
2024-05-25,28.4,33.5,25.5,54.2,94.0,81.0,27.7
2024-05-26,26.6,27.8,25.7,62.6,95.0,92.0,29.8
2024-05-27,28.3,29.5,27.5,8.9,89.0,84.0,26.4
2024-05-28,28.3,30.3,27.0,6.0,89.0,84.0,28.6
2024-05-29,28.0,31.2,26.0,11.1,95.0,86.0,20.6
2024-05-30,30.0,33.2,27.5,0.2,90.0,76.0,11.4
2024-05-31,30.4,34.1,27.2,0.2,94.0,76.0,15.5
2024-06-01,30.3,34.3,26.9,0.9,94.0,76.0,14.6
2024-06-02,29.3,33.9,27.0,3.4,91.0,79.0,14.9
2024-06-03,,32.2,27.2,6.2,87.0,81.0,16.6
2024-06-04,29.3,32.7,26.9,0.9,92.0,79.0,13.8
2024-06-05,27.7,31.5,25.5,10.9,95.0,86.0,10.8
2024-06-06,27.5,31.5,25.0,3.6,97.0,85.0,11.8
2024-06-07,27.4,30.8,25.1,21.6,96.0,86.0,11.0
2024-06-08,28.2,30.5,26.8,10.2,90.0,84.0,12.2
2024-06-09,28.2,32.3,,5.5,92.0,82.0,14.0
2024-06-10,28.5,32.7,25.6,0.6,96.0,82.0,13.3
2024-06-11,29.5,32.2,27.3,0.2,92.0,80.0,9.4
2024-06-12,29.1,32.2,26.5,1.8,93.0,82.0,11.1
2024-06-13,29.4,32.4,27.6,2.9,92.0,81.0,12.2
2024-06-14,28.3,32.8,24.9,19.4,94.0,82.0,11.4
2024-06-15,28.1,32.0,25.3,10.1,94.0,83.0,11.4
2024-06-16,27.9,32.0,25.1,14.9,96.0,83.0,12.1
2024-06-17,27.7,30.9,25.5,5.7,93.0,86.0,11.3
2024-06-18,27.9,31.0,26.2,9.2,94.0,86.0,11.0
2024-06-19,27.7,32.0,24.6,17.4,96.0,84.0,11.1
2024-06-20,28.0,31.3,25.2,15.6,95.0,84.0,16.3
2024-06-21,27.5,31.5,25.3,9.0,96.0,86.0,18.1
2024-06-22,28.0,32.2,25.6,4.2,96.0,84.0,13.5
2024-06-23,26.9,30.4,24.8,17.4,95.0,86.0,13.9
2024-06-24,27.8,31.2,25.1,10.5,98.0,85.0,14.0
2024-06-25,28.5,31.5,26.0,0.4,91.0,79.0,22.6
2024-06-26,28.3,31.8,26.0,4.8,95.0,82.0,15.9
2024-06-27,28.2,31.0,26.5,1.6,89.0,81.0,23.5
2024-06-28,28.8,31.8,25.9,0.7,95.0,81.0,14.3
2024-06-29,28.7,32.8,25.6,14.3,93.0,79.0,11.7
2024-06-30,27.6,31.9,25.3,12.6,96.0,86.0,13.7
2024-07-01,27.9,30.9,25.6,5.6,95.0,86.0,11.6
2024-07-02,27.7,31.3,25.8,10.0,95.0,85.0,17.5
2024-07-03,28.7,33.1,25.9,3.5,95.0,80.0,18.7
2024-07-04,27.4,30.8,24.4,16.8,95.0,85.0,11.2
2024-07-05,26.8,29.1,24.5,14.6,96.0,88.0,8.2
2024-07-06,28.1,32.2,25.8,9.4,93.0,80.0,18.2
2024-07-07,27.7,32.1,25.2,11.0,95.0,83.0,15.9
2024-07-08,27.2,30.7,25.0,11.9,96.0,86.0,8.4
2024-07-09,27.3,31.2,25.0,16.2,96.0,86.0,12.5
2024-07-10,27.7,30.4,24.9,4.6,94.0,83.0,8.2
2024-07-11,26.8,31.2,24.5,35.0,94.0,86.0,10.8
2024-07-12,27.4,31.8,24.7,10.9,97.0,85.0,13.0
2024-07-13,27.8,30.6,24.9,8.2,94.0,82.0,18.7
2024-07-14,27.8,31.2,25.0,6.3,95.0,82.0,19.3
2024-07-15,27.0,30.5,25.1,8.0,96.0,86.0,15.5
2024-07-16,28.2,31.4,25.7,0.3,88.0,79.0,22.4
2024-07-17,27.2,30.5,25.8,12.2,97.0,88.0,7.7
2024-07-18,27.0,30.9,25.0,9.8,96.0,88.0,12.6
2024-07-19,27.2,30.6,25.2,17.1,97.0,86.0,19.7
2024-07-20,28.6,30.5,26.5,0.9,90.0,80.0,16.4
2024-07-21,27.3,29.8,26.0,30.8,92.0,86.0,25.1
2024-07-22,26.6,27.5,26.1,73.7,92.0,90.0,34.3
2024-07-23,26.1,26.5,25.4,69.5,93.0,90.0,36.3
2024-07-24,26.3,27.5,25.2,53.5,92.0,89.0,36.8
2024-07-25,27.1,28.2,25.9,8.8,90.0,85.0,35.9
2024-07-26,28.1,30.9,25.5,5.0,94.0,81.0,24.6
2024-07-27,28.0,31.1,25.1,1.2,97.0,82.0,13.7
2024-07-28,26.3,28.2,24.6,10.7,96.0,89.0,15.3
2024-07-29,27.3,29.1,25.3,1.6,93.0,84.0,16.1
2024-07-30,27.7,30.6,25.1,0.9,95.0,84.0,14.2
2024-07-31,27.8,30.6,25.1,4.7,95.0,85.0,11.6
2024-08-01,26.6,30.1,24.1,9.0,98.0,88.0,9.0
2024-08-02,26.6,30.2,24.0,13.1,95.0,86.0,10.5
2024-08-03,26.9,30.2,24.6,2.9,94.0,85.0,10.1
2024-08-04,27.4,30.0,25.8,8.6,94.0,85.0,15.1
2024-08-05,26.8,29.1,25.4,21.7,95.0,87.0,15.8
2024-08-06,27.5,29.2,26.5,5.6,90.0,83.0,20.4
2024-08-07,28.3,30.3,26.7,3.3,89.0,82.0,23.2
2024-08-08,27.7,29.9,26.2,14.2,91.0,84.0,23.2
2024-08-09,28.3,30.5,26.1,3.4,91.0,81.0,25.1
2024-08-10,26.8,28.6,25.0,6.6,96.0,88.0,20.6
2024-08-11,28.0,30.2,25.4,0.7,95.0,84.0,22.7
2024-08-12,28.6,31.0,26.0,0.9,91.0,79.0,19.3
2024-08-13,29.1,31.4,26.6,1.1,91.0,79.0,14.6
2024-08-14,28.3,31.4,26.1,5.0,97.0,86.0,18.0
2024-08-15,28.3,31.2,25.9,3.2,96.0,85.0,16.6
2024-08-16,28.2,31.4,25.5,0.0,94.0,84.0,13.8
2024-08-17,28.7,32.7,25.7,0.1,95.0,79.0,12.6
2024-08-18,29.0,32.2,26.0,0.1,90.0,78.0,11.0
2024-08-19,28.5,32.7,26.4,0.7,93.0,81.0,10.1
2024-08-20,28.4,32.4,25.8,2.7,97.0,83.0,8.1
2024-08-21,27.7,32.3,24.6,8.1,96.0,86.0,8.6
2024-08-22,28.8,31.8,26.0,0.6,96.0,82.0,8.9
2024-08-23,27.1,31.1,24.7,18.3,97.0,88.0,5.7
2024-08-24,26.7,28.8,25.0,17.6,97.0,90.0,11.6
2024-08-25,27.4,30.5,25.5,12.1,95.0,86.0,11.3
2024-08-26,27.2,30.1,25.0,14.2,95.0,86.0,16.4
2024-08-27,27.0,29.7,25.1,40.2,95.0,86.0,21.1
2024-08-28,26.5,27.9,25.8,12.6,95.0,90.0,20.4
2024-08-29,27.5,30.0,26.4,16.6,95.0,87.0,15.4
2024-08-30,27.4,31.0,25.4,12.3,94.0,86.0,12.6
2024-08-31,28.3,31.5,25.6,2.6,95.0,84.0,8.6
2024-09-01,26.5,30.5,24.1,72.2,96.0,88.0,13.2
2024-09-02,26.0,26.5,25.4,72.6,93.0,90.0,29.5
2024-09-03,26.8,28.8,25.7,23.9,92.0,87.0,31.7
2024-09-04,26.3,27.0,25.8,30.9,91.0,89.0,32.3
2024-09-05,26.8,28.0,25.4,17.5,96.0,89.0,25.2
2024-09-06,27.4,29.5,24.9,3.6,93.0,85.0,12.7
2024-09-07,28.6,31.8,25.4,0.0,95.0,79.0,10.0
2024-09-08,28.5,31.5,25.9,0.1,91.0,78.0,13.4
2024-09-09,27.3,29.2,25.5,2.2,95.0,87.0,12.2
2024-09-10,27.6,30.0,25.0,15.1,96.0,84.0,22.3
2024-09-11,27.1,30.1,25.2,22.2,95.0,87.0,12.6
2024-09-12,27.0,30.0,24.9,19.4,97.0,88.0,22.1
2024-09-13,26.6,28.9,25.3,15.9,96.0,90.0,20.1
2024-09-14,26.9,29.6,25.0,21.6,97.0,89.0,14.8
2024-09-15,26.8,29.1,24.5,13.8,96.0,88.0,22.1
2024-09-16,27.5,29.5,25.8,10.3,93.0,85.0,19.4
2024-09-17,26.8,29.0,25.0,9.2,96.0,87.0,21.5
2024-09-18,26.7,29.2,25.0,20.7,96.0,89.0,23.7
2024-09-19,27.5,30.5,25.8,8.6,92.0,84.0,22.2
2024-09-20,27.1,29.4,24.8,6.1,95.0,84.0,20.0
2024-09-21,26.3,29.2,25.3,10.3,97.0,89.0,11.1
2024-09-22,26.8,30.2,24.6,6.2,97.0,87.0,11.0
2024-09-23,28.1,32.5,24.5,2.3,98.0,84.0,17.8
2024-09-24,27.2,31.0,24.6,9.7,97.0,88.0,15.7
2024-09-25,28.5,31.5,25.9,1.4,93.0,84.0,16.6
2024-09-26,28.4,31.5,26.1,3.7,93.0,82.0,15.8
2024-09-27,28.1,30.5,25.2,0.2,96.0,85.0,12.0
2024-09-28,29.2,31.5,27.5,0.3,85.0,76.0,22.1
2024-09-29,27.6,29.2,26.5,8.7,86.0,83.0,26.0
2024-09-30,27.3,29.1,26.2,6.4,91.0,84.0,30.4
2024-10-01,27.8,30.1,25.1,0.3,94.0,83.0,23.1
2024-10-02,28.3,30.6,25.5,0.1,94.0,80.0,15.4
2024-10-03,28.4,31.5,25.8,2.2,93.0,81.0,8.6
2024-10-04,27.2,30.5,24.5,2.6,97.0,87.0,11.7
2024-10-05,26.7,29.8,24.4,7.5,98.0,89.0,10.1
2024-10-06,26.0,28.5,24.4,16.9,96.0,90.0,6.8
2024-10-07,26.5,28.2,25.1,7.0,93.0,89.0,5.3
2024-10-08,27.2,30.0,24.6,1.6,95.0,86.0,6.8
2024-10-09,27.1,30.6,24.9,4.8,97.0,88.0,11.9
2024-10-10,26.5,30.6,24.2,18.4,97.0,89.0,12.0
2024-10-11,26.9,30.9,24.4,3.5,97.0,88.0,8.8
2024-10-12,27.0,30.4,25.1,6.4,97.0,88.0,12.8
2024-10-13,27.5,29.7,25.1,5.7,95.0,86.0,11.6
2024-10-14,27.6,30.0,25.4,2.8,95.0,86.0,8.0
2024-10-15,26.7,29.9,24.0,3.0,98.0,89.0,8.6
2024-10-16,27.7,30.7,24.7,1.2,95.0,83.0,9.9
2024-10-17,27.9,30.6,24.9,1.3,94.0,81.0,7.7
2024-10-18,27.5,30.4,25.4,2.6,98.0,86.0,7.3
2024-10-19,28.0,30.0,25.0,1.7,94.0,84.0,7.8
2024-10-20,27.4,32.2,24.7,17.7,96.0,83.0,14.7
2024-10-21,28.1,31.6,26.2,1.2,91.0,82.0,9.8
2024-10-22,27.4,29.6,24.4,59.5,95.0,83.0,23.7
2024-10-23,26.7,27.9,24.6,30.4,95.0,90.0,29.7
2024-10-24,27.1,28.8,25.5,62.8,91.0,86.0,45.1
2024-10-25,27.3,30.5,24.5,5.7,92.0,79.0,31.1
2024-10-26,27.2,29.8,25.3,4.4,94.0,84.0,15.5
2024-10-27,26.4,29.0,24.5,1.4,95.0,87.0,20.6
2024-10-28,27.8,29.7,25.8,0.0,88.0,80.0,20.0
2024-10-29,28.2,30.0,26.8,0.0,84.0,78.0,23.9
2024-10-30,27.1,29.0,26.0,3.5,89.0,83.0,28.3
2024-10-31,26.6,28.3,25.0,22.4,94.0,88.0,28.4
2024-11-01,26.8,30.9,23.5,4.1,98.0,87.0,11.1
2024-11-02,27.4,30.6,24.1,1.7,97.0,87.0,6.4
2024-11-03,27.4,31.6,24.1,2.2,94.0,81.0,11.4
2024-11-04,27.5,31.9,24.6,1.6,93.0,80.0,11.0
2024-11-05,26.8,31.5,24.0,10.8,96.0,83.0,11.5
2024-11-06,27.0,29.6,24.8,1.0,94.0,85.0,9.4
2024-11-07,26.8,29.9,23.8,2.0,94.0,87.0,15.3
2024-11-08,26.8,30.1,23.8,8.9,98.0,88.0,11.9
2024-11-09,26.9,30.0,24.6,1.7,99.0,88.0,7.1
2024-11-10,27.7,30.4,25.5,1.2,94.0,84.0,11.6
2024-11-11,27.5,29.4,25.4,0.6,96.0,84.0,30.6
2024-11-12,28.3,31.0,25.9,1.1,90.0,79.0,13.7
2024-11-13,28.3,31.0,26.2,0.7,88.0,78.0,10.4
2024-11-14,28.8,31.2,26.0,1.4,90.0,76.0,16.8
2024-11-15,29.7,33.2,26.0,0.0,85.0,67.0,9.4
2024-11-16,29.7,33.3,25.9,3.3,89.0,66.0,12.2
2024-11-17,27.6,29.7,25.8,7.9,91.0,84.0,31.6
2024-11-18,27.9,31.7,24.8,0.0,94.0,80.0,14.6
2024-11-19,28.0,32.3,24.5,0.2,96.0,77.0,11.3
2024-11-20,28.8,33.2,25.5,0.0,86.0,69.0,10.6
2024-11-21,28.9,33.5,25.5,0.0,85.0,65.0,12.6
2024-11-22,29.6,34.2,25.5,0.0,82.0,61.0,12.5
2024-11-23,29.3,33.7,26.0,0.0,80.0,64.0,13.9
2024-11-24,29.3,33.5,26.5,0.2,76.0,64.0,17.4
2024-11-25,29.2,32.7,26.5,0.4,78.0,65.0,13.7
2024-11-26,29.7,34.2,26.0,0.0,79.0,61.0,11.5
2024-11-27,29.7,34.5,26.5,0.0,78.0,59.0,12.7
2024-11-28,29.6,33.5,26.9,1.2,73.0,62.0,14.5
2024-11-29,28.1,30.9,25.0,7.0,87.0,68.0,17.6
2024-11-30,27.3,30.9,23.8,27.7,92.0,73.0,17.2
2024-12-01,24.7,25.5,24.1,36.9,95.0,93.0,12.9
2024-12-02,25.8,26.9,24.0,19.9,96.0,90.0,15.6
2024-12-03,26.7,29.0,25.7,19.1,93.0,89.0,6.3
2024-12-04,26.7,29.8,25.0,6.1,92.0,88.0,9.4
2024-12-05,27.4,29.8,25.2,0.1,94.0,85.0,5.6
2024-12-06,28.0,31.5,25.9,0.5,91.0,78.0,8.3
2024-12-07,28.1,31.0,26.2,2.3,87.0,80.0,8.6
2024-12-08,28.6,31.9,26.1,0.3,79.0,70.0,12.4
2024-12-09,27.5,30.5,25.3,1.8,86.0,76.0,14.2
2024-12-10,26.5,29.1,23.6,19.1,96.0,81.0,10.1
2024-12-11,27.1,30.2,25.0,1.6,95.0,82.0,10.4
2024-12-12,27.6,30.7,25.1,0.3,90.0,76.0,13.5
2024-12-13,28.2,32.1,25.0,1.4,89.0,72.0,10.8
2024-12-14,28.8,33.0,25.9,0.0,82.0,65.0,11.0
2024-12-15,28.1,31.1,25.5,0.1,76.0,66.0,18.3
2024-12-16,27.4,30.0,25.4,0.0,81.0,69.0,15.9
2024-12-17,26.5,29.5,24.4,3.6,92.0,77.0,18.4
2024-12-18,27.5,30.3,25.6,0.1,79.0,65.0,20.0
2024-12-19,27.9,31.2,25.2,0.0,73.0,61.0,17.8
2024-12-20,28.3,31.9,25.9,0.7,78.0,65.0,16.4
2024-12-21,26.4,28.8,24.6,16.6,93.0,80.0,10.9
2024-12-22,26.9,29.5,25.0,0.0,84.0,72.0,14.4
2024-12-23,26.9,29.5,24.9,0.5,88.0,76.0,15.0
2024-12-24,25.6,29.9,23.8,37.4,97.0,88.0,8.8
2024-12-25,24.6,25.5,23.9,17.2,97.0,93.0,8.0
2024-12-26,26.9,30.0,24.6,1.7,96.0,85.0,5.3
2024-12-27,27.0,30.6,25.1,1.9,92.0,81.0,10.2
2024-12-28,25.7,28.9,24.1,9.0,94.0,83.0,10.6
2024-12-29,25.5,27.5,23.9,6.5,98.0,85.0,15.0
2024-12-30,26.1,29.1,24.5,4.6,97.0,89.0,8.5
2024-12-31,27.2,30.1,24.9,0.7,94.0,82.0,10.2
2025-01-01,26.7,29.1,25.0,3.6,92.0,85.0,6.9
2025-01-02,26.8,30.0,24.9,1.5,94.0,84.0,14.9
2025-01-03,25.8,29.0,23.6,6.8,98.0,88.0,9.9
2025-01-04,26.6,29.9,24.0,0.3,91.0,77.0,9.8
2025-01-05,25.7,28.9,23.5,0.0,90.0,78.0,12.3
2025-01-06,26.0,29.6,24.1,2.5,92.0,82.0,7.8
2025-01-07,26.4,29.6,24.0,1.1,88.0,77.0,10.3
2025-01-08,26.4,29.4,24.3,0.0,87.0,75.0,11.1
2025-01-09,26.9,30.4,24.4,0.0,80.0,67.0,13.7
2025-01-10,27.0,30.5,24.6,0.5,77.0,66.0,9.4
2025-01-11,26.3,29.5,23.6,1.2,80.0,69.0,14.4
2025-01-12,24.8,,22.9,4.2,94.0,80.0,16.0
2025-01-13,25.1,27.4,23.4,0.2,90.0,82.0,11.1
2025-01-14,25.9,28.3,23.8,0.1,99.0,86.0,9.6
2025-01-15,26.8,30.5,24.2,1.1,91.0,80.0,9.1
2025-01-16,26.6,30.0,24.1,0.0,81.0,72.0,11.9
2025-01-17,27.0,30.3,24.5,0.3,82.0,69.0,14.9
2025-01-18,27.1,30.7,25.0,2.5,83.0,72.0,12.9
2025-01-19,27.5,30.8,24.2,2.0,90.0,74.0,8.7
2025-01-20,27.2,30.4,24.5,2.0,89.0,77.0,8.7
2025-01-21,27.5,31.1,24.7,1.7,87.0,70.0,9.9
2025-01-22,28.0,32.2,25.0,0.0,77.0,63.0,13.7
2025-01-23,28.0,31.4,25.2,3.7,81.0,67.0,9.6
2025-01-24,28.0,31.4,24.2,1.1,89.0,71.0,10.8
2025-01-25,28.1,32.0,25.1,0.0,85.0,70.0,11.4
2025-01-26,27.4,31.2,24.0,0.0,79.0,65.0,9.1
2025-01-27,26.5,30.2,23.2,0.1,79.0,62.0,11.0
2025-01-28,26.5,30.7,24.2,0.0,76.0,64.0,11.6
2025-01-29,26.3,29.4,23.9,0.2,73.0,63.0,18.5
2025-01-30,24.5,27.7,23.0,12.7,92.0,81.0,20.1
2025-01-31,26.2,28.9,24.1,1.1,92.0,82.0,13.7
2025-02-01,27.5,32.1,23.1,0.0,90.0,72.0,14.6
2025-02-02,28.2,32.5,24.7,0.0,84.0,68.0,12.1
2025-02-03,27.9,31.1,25.4,0.0,79.0,67.0,14.3
2025-02-04,26.9,30.7,24.5,0.9,76.0,66.0,13.2
2025-02-05,27.0,30.5,24.5,0.0,75.0,64.0,17.1
2025-02-06,27.0,30.5,24.4,7.7,92.0,74.0,14.5
2025-02-07,26.6,29.0,24.5,4.4,89.0,79.0,9.4
2025-02-08,25.4,28.8,22.9,10.8,93.0,77.0,15.4
2025-02-09,25.1,27.5,23.1,0.5,84.0,76.0,16.1
2025-02-10,24.5,26.8,22.9,24.5,97.0,88.0,9.6
2025-02-11,25.4,27.4,23.5,6.5,96.0,87.0,12.3
2025-02-12,26.8,30.9,23.6,0.0,94.0,79.0,14.3
2025-02-13,26.4,29.6,24.8,3.1,93.0,85.0,8.5
2025-02-14,25.9,27.0,24.5,10.4,93.0,88.0,7.7
2025-02-15,26.3,29.8,24.9,11.1,94.0,86.0,10.9
2025-02-16,27.1,29.8,24.4,4.3,96.0,85.0,6.7
2025-02-17,27.0,30.5,24.4,1.0,94.0,82.0,8.1
2025-02-18,26.4,29.9,24.0,4.2,94.0,83.0,9.5
2025-02-19,26.6,30.0,23.9,0.0,90.0,73.0,11.6
2025-02-20,26.2,30.0,23.9,6.7,93.0,78.0,14.9
2025-02-21,26.1,29.1,23.9,0.3,91.0,76.0,11.8
2025-02-22,26.6,30.2,23.4,0.0,90.0,72.0,16.6
2025-02-23,27.5,32.0,24.0,0.0,83.0,63.0,14.5
2025-02-24,27.4,31.5,24.6,0.3,77.0,63.0,16.9
2025-02-25,27.0,30.9,24.1,0.6,79.0,65.0,20.2
2025-02-26,27.1,31.6,23.8,0.0,77.0,62.0,15.3
2025-02-27,27.1,32.3,23.5,0.0,79.0,59.0,14.2
2025-02-28,27.7,32.7,24.3,0.0,78.0,60.0,20.3
2025-03-01,28.9,33.9,25.4,0.8,81.0,63.0,16.2
2025-03-02,29.5,34.2,25.7,0.0,78.0,62.0,14.0
2025-03-03,29.2,33.8,26.3,0.3,74.0,62.0,16.9
2025-03-04,28.9,33.2,25.9,0.7,80.0,66.0,17.4
2025-03-05,28.9,33.0,25.6,0.1,85.0,68.0,9.5
2025-03-06,29.6,33.2,26.2,0.4,76.0,62.0,11.3
2025-03-07,28.7,32.7,24.5,5.2,92.0,67.0,15.5
2025-03-08,27.2,29.4,25.3,4.0,85.0,75.0,7.3
2025-03-09,28.2,31.0,26.1,0.5,77.0,69.0,16.0
2025-03-10,28.7,32.1,26.0,0.0,77.0,64.0,17.9
2025-03-11,29.5,33.8,26.5,0.5,77.0,64.0,15.3
2025-03-12,29.4,34.8,26.1,0.8,76.0,61.0,16.3
2025-03-13,29.8,35.0,26.0,0.0,74.0,56.0,15.6
2025-03-14,29.3,34.5,25.4,0.0,74.0,55.0,15.2
2025-03-15,29.3,32.8,26.1,0.0,73.0,59.0,17.5
2025-03-16,29.1,32.3,26.1,0.0,76.0,60.0,16.9
2025-03-17,29.0,33.1,26.1,0.7,72.0,61.0,17.3
2025-03-18,29.0,33.0,26.0,0.6,72.0,61.0,9.2
2025-03-19,28.9,33.1,25.8,0.1,73.0,61.0,14.8
2025-03-20,27.9,31.9,25.3,0.3,70.0,61.0,20.1
2025-03-21,27.2,31.5,24.6,0.0,68.0,59.0,15.2
2025-03-22,27.5,31.5,24.3,0.0,73.0,58.0,11.6
2025-03-23,27.7,31.5,25.0,0.0,73.0,60.0,10.0
2025-03-24,28.9,32.2,26.5,0.5,74.0,62.0,10.0
2025-03-25,29.9,34.0,26.2,0.0,76.0,60.0,17.5
2025-03-26,29.9,34.0,27.1,0.7,73.0,61.0,19.4
2025-03-27,30.3,33.8,27.9,0.2,71.0,62.0,15.3
2025-03-28,29.0,34.8,25.9,6.9,87.0,71.0,11.8
2025-03-29,27.6,31.0,25.5,1.0,91.0,78.0,14.9
2025-03-30,28.6,32.9,25.7,1.5,83.0,69.0,12.4
2025-03-31,28.8,32.2,25.9,1.8,83.0,68.0,14.4
2025-04-01,29.4,32.8,26.5,2.4,78.0,64.0,8.2
2025-04-02,29.8,33.7,26.5,0.1,80.0,64.0,10.1
2025-04-03,29.7,33.8,26.7,1.7,75.0,63.0,8.0
2025-04-04,29.7,33.7,26.5,1.6,77.0,63.0,14.5
2025-04-05,29.1,33.3,25.9,1.6,84.0,68.0,11.5
2025-04-06,29.6,33.9,25.6,0.3,86.0,65.0,13.0
2025-04-07,30.6,35.2,27.4,0.0,72.0,59.0,19.5
2025-04-08,30.2,34.3,27.1,0.8,73.0,62.0,11.6
2025-04-09,30.7,34.7,26.7,0.0,75.0,57.0,20.2
2025-04-10,31.1,36.9,28.5,0.2,70.0,58.0,18.7
2025-04-11,31.0,35.9,27.8,0.0,74.0,60.0,18.3
2025-04-12,31.4,36.2,28.4,0.3,74.0,60.0,17.2
2025-04-13,30.4,33.8,27.2,0.6,81.0,67.0,9.7
2025-04-14,31.0,34.5,27.9,0.9,76.0,61.0,14.1
2025-04-15,30.4,34.2,27.0,1.8,84.0,64.0,12.9
2025-04-16,31.1,35.9,26.8,0.0,77.0,54.0,11.4
2025-04-17,31.1,35.8,26.8,0.0,75.0,55.0,10.3
2025-04-18,31.2,35.2,28.1,0.8,76.0,60.0,16.0
2025-04-19,31.3,36.5,26.7,0.0,70.0,51.0,18.0
2025-04-20,31.4,35.7,28.3,1.1,74.0,59.0,16.5
2025-04-21,31.3,36.3,27.0,1.2,77.0,59.0,14.5
2025-04-22,31.7,35.7,28.5,0.0,76.0,57.0,16.2
2025-04-23,31.2,35.6,27.4,0.9,83.0,64.0,14.2
2025-04-24,31.4,36.0,27.6,0.0,66.0,53.0,17.5
2025-04-25,31.1,34.8,27.0,0.2,76.0,56.0,18.5
2025-04-26,31.3,36.5,27.1,0.0,71.0,51.0,16.2
2025-04-27,31.1,35.8,27.4,0.5,66.0,52.0,14.3
2025-04-28,30.2,33.6,27.4,1.9,82.0,66.0,9.8
2025-04-29,30.5,34.5,27.5,1.1,77.0,63.0,11.3
2025-04-30,31.2,35.0,28.0,1.6,72.0,58.0,13.3
2025-05-01,31.2,35.5,27.6,1.1,78.0,60.0,9.9
2025-05-02,31.5,35.6,28.1,0.4,72.0,58.0,15.6
2025-05-03,31.3,35.0,27.9,0.0,72.0,59.0,10.4
2025-05-04,28.7,34.5,25.5,15.5,91.0,76.0,15.8
2025-05-05,28.3,32.5,26.2,5.9,90.0,80.0,15.4
2025-05-06,27.9,31.6,25.5,13.4,90.0,81.0,9.6
2025-05-07,27.7,31.8,25.5,5.0,94.0,84.0,9.0
2025-05-08,28.1,30.4,26.5,6.3,91.0,82.0,11.5
2025-05-09,28.9,31.5,27.0,0.7,88.0,79.0,8.3
2025-05-10,30.6,34.5,27.5,1.2,79.0,64.0,13.4
2025-05-11,30.2,34.1,26.9,1.8,77.0,65.0,13.4
2025-05-12,28.4,34.8,24.5,32.5,94.0,76.0,14.3
2025-05-13,28.0,32.8,25.2,3.5,94.0,80.0,10.3
2025-05-14,29.0,32.7,26.1,5.0,91.0,76.0,10.4
2025-05-15,29.0,32.3,26.9,7.8,86.0,76.0,9.6
2025-05-16,30.9,35.0,27.1,0.1,85.0,63.0,16.2
2025-05-17,31.5,35.6,27.8,0.7,74.0,57.0,10.7
2025-05-18,31.8,36.2,27.8,0.5,73.0,55.0,16.6
2025-05-19,32.0,36.5,28.4,0.0,71.0,57.0,18.9
2025-05-20,31.7,36.2,27.9,0.3,72.0,57.0,17.2
2025-05-21,31.7,35.3,28.4,0.1,72.0,55.0,19.0
2025-05-22,31.8,36.0,28.5,1.0,72.0,57.0,14.5
2025-05-23,32.1,36.2,28.6,0.4,72.0,53.0,12.1
2025-05-24,32.0,36.1,28.2,0.2,70.0,54.0,15.4
2025-05-25,31.4,35.0,28.3,1.1,74.0,59.0,15.5
2025-05-26,31.6,35.5,28.2,1.8,71.0,57.0,11.5
2025-05-27,31.7,36.5,28.0,0.6,76.0,58.0,14.4
2025-05-28,30.4,33.2,28.1,0.8,76.0,63.0,16.4
2025-05-29,29.9,31.3,29.0,0.1,74.0,68.0,16.1
2025-05-30,28.8,31.8,26.6,4.9,88.0,75.0,17.3
2025-05-31,27.5,30.4,26.0,9.6,96.0,86.0,18.8
2025-06-01,28.6,30.4,27.1,2.3,87.0,81.0,20.3
2025-06-02,28.2,31.1,26.5,6.7,91.0,82.0,25.4
2025-06-03,28.1,30.8,25.8,11.5,94.0,84.0,23.9
2025-06-04,28.0,30.8,26.2,11.6,92.0,84.0,21.0
2025-06-05,27.7,31.2,25.5,11.7,94.0,83.0,11.3
2025-06-06,27.7,31.4,25.2,16.1,95.0,85.0,9.0
2025-06-07,26.9,29.8,24.6,15.2,96.0,86.0,8.4
2025-06-08,27.0,28.7,25.2,7.6,93.0,86.0,11.8
2025-06-09,27.8,30.2,26.4,10.1,91.0,83.0,18.2
2025-06-10,26.9,30.0,25.8,19.6,95.0,88.0,17.4
2025-06-11,26.7,27.7,26.0,30.9,95.0,89.0,16.0
2025-06-12,27.4,28.4,26.8,7.2,90.0,86.0,11.0
2025-06-13,29.0,31.4,26.8,0.8,90.0,77.0,11.4
2025-06-14,29.7,33.0,26.5,0.6,91.0,76.0,15.2
2025-06-15,28.9,33.5,25.8,1.0,88.0,74.0,15.7
2025-06-16,29.2,32.6,26.1,2.7,91.0,74.0,10.3
2025-06-17,26.5,29.9,24.2,33.0,97.0,86.0,7.9
2025-06-18,26.6,28.5,25.0,5.0,94.0,87.0,11.0
2025-06-19,28.7,31.8,25.6,0.6,96.0,79.0,14.2
2025-06-20,27.8,31.5,24.9,5.6,94.0,80.0,9.8
2025-06-21,27.2,31.6,24.6,3.7,92.0,82.0,12.5
2025-06-22,27.2,30.7,25.5,20.1,96.0,85.0,7.7
2025-06-23,26.5,28.3,25.4,7.4,94.0,88.0,6.3
2025-06-24,27.1,31.0,25.0,21.8,92.0,84.0,14.5
2025-06-25,28.2,30.7,25.5,6.5,93.0,79.0,9.1
2025-06-26,27.1,30.3,25.4,19.7,94.0,84.0,12.4
2025-06-27,26.6,29.0,24.5,14.9,93.0,86.0,16.6
2025-06-28,27.5,29.8,25.5,10.4,91.0,82.0,12.4
2025-06-29,26.6,28.3,25.1,14.0,94.0,86.0,14.7
2025-06-30,26.5,28.8,25.0,14.5,94.0,87.0,15.4
2025-07-01,27.3,29.0,26.1,5.4,92.0,85.0,10.4
2025-07-02,27.1,29.3,24.9,23.0,91.0,85.0,20.1
2025-07-03,26.2,26.7,25.7,17.3,92.0,88.0,22.0
2025-07-04,27.5,30.0,26.1,14.0,91.0,84.0,19.2
2025-07-05,27.2,29.1,26.4,15.1,88.0,84.0,18.5
2025-07-06,27.6,29.0,26.6,8.5,89.0,82.0,22.2
2025-07-07,28.4,30.3,26.9,2.3,84.0,78.0,20.9
2025-07-08,27.2,29.1,25.9,12.2,90.0,84.0,19.3
2025-07-09,27.6,29.5,26.2,7.3,88.0,81.0,22.9
2025-07-10,27.5,30.0,25.7,6.6,90.0,82.0,27.3
2025-07-11,27.6,29.5,26.0,5.2,92.0,83.0,20.8
2025-07-12,27.6,29.8,25.8,4.2,93.0,83.0,12.1
2025-07-13,28.8,30.4,27.1,1.9,86.0,77.0,16.1
2025-07-14,28.5,31.2,26.9,4.3,88.0,78.0,19.8
2025-07-15,27.6,30.1,26.4,19.0,91.0,83.0,20.4
2025-07-16,27.3,30.3,25.6,6.1,91.0,85.0,18.1
2025-07-17,26.7,28.1,26.0,13.2,94.0,88.0,14.3
2025-07-18,26.2,27.0,25.5,36.0,95.0,90.0,27.5
2025-07-19,26.2,27.2,25.1,39.2,91.0,88.0,32.3
2025-07-20,26.9,28.8,25.4,30.2,91.0,84.0,28.4
2025-07-21,26.1,27.0,24.9,58.6,96.0,89.0,23.7
2025-07-22,26.3,27.6,25.1,29.9,92.0,87.0,26.4
2025-07-23,25.8,27.1,24.8,70.7,95.0,91.0,26.7
2025-07-24,26.1,27.4,25.3,41.6,93.0,89.0,34.1
2025-07-25,27.1,28.3,26.0,16.6,91.0,85.0,30.2
2025-07-26,27.5,28.9,26.7,7.3,87.0,83.0,27.4
2025-07-27,27.2,29.1,26.2,12.1,89.0,84.0,31.1
2025-07-28,28.0,29.2,26.8,7.2,82.0,77.0,34.8
2025-07-29,28.5,29.8,27.5,5.6,79.0,75.0,33.8
2025-07-30,28.7,29.9,27.4,2.6,81.0,73.0,29.4
2025-07-31,29.1,30.8,28.0,0.8,79.0,73.0,25.7
2025-08-01,29.5,31.2,28.2,0.0,78.0,71.0,22.2
2025-08-02,29.5,31.9,26.6,0.0,87.0,69.0,16.5
2025-08-03,29.8,32.6,26.8,0.0,86.0,68.0,11.5
2025-08-04,30.1,33.2,27.5,0.0,81.0,66.0,13.3
2025-08-05,28.7,33.2,26.0,8.1,85.0,73.0,15.3
2025-08-06,26.9,32.2,24.1,13.4,92.0,80.0,11.2
2025-08-07,27.5,30.2,25.0,1.8,87.0,77.0,12.1
2025-08-08,28.8,30.8,26.9,1.2,80.0,70.0,15.0
2025-08-09,29.3,31.5,27.2,0.2,83.0,67.0,14.7
2025-08-10,29.7,32.8,27.2,2.4,81.0,66.0,15.3
2025-08-11,28.9,32.6,26.1,8.0,84.0,71.0,13.8
2025-08-12,27.7,31.5,25.3,6.2,88.0,77.0,11.0
2025-08-13,28.1,31.6,26.0,2.3,88.0,76.0,14.7
2025-08-14,26.7,30.8,24.9,9.5,93.0,83.0,11.2
2025-08-15,26.2,29.7,24.5,18.5,95.0,85.0,11.7
2025-08-16,26.9,28.5,26.0,14.9,93.0,87.0,11.8
2025-08-17,27.4,30.5,25.8,7.1,92.0,84.0,14.9
2025-08-18,27.8,31.8,24.4,3.4,95.0,82.0,13.4
2025-08-19,28.7,32.5,26.3,0.8,91.0,79.0,10.1
2025-08-20,28.6,32.3,24.8,17.7,95.0,76.0,15.1
2025-08-21,26.5,29.4,24.2,21.3,96.0,84.0,8.6
2025-08-22,25.3,27.0,24.2,34.9,94.0,89.0,18.3
2025-08-23,26.5,27.6,25.2,4.2,91.0,85.0,12.9
2025-08-24,27.1,30.2,24.9,3.6,90.0,82.0,8.6
2025-08-25,25.9,29.3,23.9,30.9,94.0,86.0,13.0
2025-08-26,25.5,27.1,24.2,22.5,96.0,90.0,13.7
2025-08-27,26.9,29.7,25.4,6.8,92.0,85.0,13.5
2025-08-28,26.6,30.9,24.4,9.4,95.0,86.0,10.2
2025-08-29,26.6,29.3,24.6,15.3,95.0,87.0,9.8
2025-08-30,27.1,30.0,25.4,19.3,96.0,86.0,14.1
2025-08-31,26.1,28.0,24.0,16.8,96.0,90.0,8.4
2025-09-01,25.8,27.5,25.0,19.5,96.0,90.0,10.8
2025-09-02,26.9,28.4,26.0,5.3,89.0,84.0,17.4
2025-09-03,27.2,28.6,25.6,9.1,92.0,83.0,17.1
2025-09-04,27.3,28.9,25.8,5.0,90.0,83.0,20.0
2025-09-05,26.1,27.5,25.0,14.0,95.0,88.0,18.7
2025-09-06,26.0,28.4,24.5,17.7,93.0,86.0,12.8
2025-09-07,27.4,31.2,25.1,3.6,96.0,84.0,10.5
2025-09-08,26.8,29.7,23.9,5.1,95.0,86.0,7.8
2025-09-09,26.7,29.1,25.1,7.7,94.0,85.0,8.5
2025-09-10,25.8,26.5,24.9,11.7,92.0,89.0,7.9
2025-09-11,26.9,30.0,25.0,7.2,93.0,84.0,10.1
2025-09-12,27.0,29.9,25.0,9.6,92.0,85.0,6.2
2025-09-13,26.8,29.5,24.8,15.1,95.0,87.0,10.3
2025-09-14,25.9,27.0,25.2,9.6,95.0,90.0,12.2
2025-09-15,26.8,29.3,25.6,6.6,93.0,87.0,7.2
2025-09-16,25.8,28.2,24.9,28.1,96.0,91.0,9.2
2025-09-17,26.2,28.2,24.8,7.6,96.0,89.0,11.0
2025-09-18,26.9,30.0,25.4,8.7,96.0,88.0,12.2
2025-09-19,26.9,28.8,25.0,10.5,95.0,87.0,11.9
2025-09-20,26.6,29.3,24.2,6.4,96.0,87.0,12.7
2025-09-21,26.9,29.2,25.5,9.6,90.0,84.0,23.8
2025-09-22,25.9,27.2,25.0,29.1,91.0,88.0,34.7
2025-09-23,25.8,28.1,24.9,21.9,95.0,89.0,27.1
2025-09-24,26.0,28.5,24.1,7.7,94.0,89.0,7.3
2025-09-25,26.6,30.3,24.5,14.4,96.0,86.0,14.4
2025-09-26,26.8,28.6,25.6,21.1,93.0,82.0,32.1
2025-09-27,27.8,30.2,25.0,0.2,93.0,82.0,14.1
2025-09-28,27.1,30.2,25.1,2.6,94.0,86.0,9.9
2025-09-29,26.5,28.9,24.6,3.1,96.0,88.0,9.4
2025-09-30,25.9,29.0,24.3,18.6,98.0,91.0,6.9
2025-10-01,27.4,31.0,25.0,4.2,94.0,85.0,7.2
2025-10-02,27.3,30.0,25.8,4.9,92.0,84.0,14.3
2025-10-03,25.2,26.4,24.3,32.9,96.0,91.0,28.4
2025-10-04,26.6,30.3,24.2,1.5,94.0,86.0,11.2
2025-10-05,27.1,30.0,25.3,0.4,91.0,83.0,11.5
2025-10-06,27.3,29.9,25.5,6.1,87.0,81.0,10.1
2025-10-07,27.6,30.7,25.2,5.3,92.0,79.0,12.6
2025-10-08,26.7,29.4,24.0,17.4,96.0,84.0,8.5
2025-10-09,26.1,28.3,25.0,8.1,96.0,89.0,9.4
2025-10-10,25.7,28.0,24.5,11.2,97.0,91.0,6.7
2025-10-11,27.1,29.0,25.5,2.7,91.0,85.0,10.6
2025-10-12,27.5,30.2,25.4,6.1,96.0,85.0,6.5
2025-10-13,26.4,29.2,25.1,8.0,94.0,88.0,9.6
2025-10-14,27.0,28.4,25.9,2.3,91.0,86.0,6.4
2025-10-15,26.5,28.4,25.1,11.2,95.0,87.0,7.6
2025-10-16,28.7,32.5,25.9,0.8,90.0,74.0,12.5
2025-10-17,29.8,33.4,27.7,1.3,78.0,66.0,10.1
2025-10-18,28.4,31.6,25.2,14.3,93.0,73.0,16.7
2025-10-19,26.1,26.9,24.8,18.9,93.0,89.0,16.9
2025-10-20,28.6,32.3,26.0,0.1,93.0,79.0,14.0
2025-10-21,28.3,30.5,26.2,1.2,92.0,84.0,7.1
2025-10-22,28.3,31.1,26.4,1.1,92.0,82.0,7.4
2025-10-23,28.5,31.9,25.6,1.2,90.0,78.0,10.9
2025-10-24,27.7,31.1,25.5,5.2,92.0,80.0,8.1
2025-10-25,28.1,30.6,26.1,5.6,93.0,82.0,7.8
2025-10-26,27.4,30.0,25.6,4.3,96.0,86.0,6.8
2025-10-27,27.4,30.5,26.0,3.5,92.0,85.0,12.1
2025-10-28,27.7,31.5,25.2,11.5,96.0,83.0,12.4
2025-10-29,27.2,29.9,24.2,14.3,97.0,86.0,8.1
2025-10-30,26.2,28.0,24.8,16.7,94.0,90.0,8.4
2025-10-31,28.5,31.2,26.1,0.9,91.0,82.0,12.3
2025-11-01,28.5,32.2,26.0,2.6,93.0,80.0,11.1
2025-11-02,27.7,31.5,24.2,23.3,93.0,80.0,13.0
2025-11-03,26.4,29.5,25.4,3.3,91.0,84.0,13.2
2025-11-04,26.6,27.7,25.8,5.5,94.0,86.0,14.4
2025-11-05,28.1,30.5,26.2,0.2,83.0,76.0,20.4
2025-11-06,28.3,31.2,25.7,1.8,93.0,80.0,14.6
2025-11-07,27.4,30.9,24.5,3.1,97.0,85.0,8.9
2025-11-08,28.1,31.0,25.4,2.8,89.0,75.0,19.4
2025-11-09,26.1,27.0,24.2,80.7,94.0,88.0,40.7
2025-11-10,27.2,29.1,25.5,16.7,88.0,82.0,36.6
2025-11-11,27.6,29.8,25.0,2.5,95.0,81.0,21.6
2025-11-12,27.7,29.7,25.2,0.3,90.0,82.0,8.3
2025-11-13,27.3,30.4,24.5,0.0,90.0,80.0,11.9
2025-11-14,27.3,29.9,25.4,0.4,94.0,83.0,8.6
2025-11-15,27.7,31.2,25.2,0.2,93.0,80.0,12.8
2025-11-16,28.3,31.6,25.8,1.3,86.0,73.0,13.8
2025-11-17,28.5,32.6,26.1,1.6,84.0,72.0,9.1
2025-11-18,28.6,32.2,25.0,2.0,88.0,71.0,14.8
2025-11-19,28.4,32.2,26.3,4.3,81.0,71.0,11.7
2025-11-20,28.6,31.9,26.7,1.2,80.0,70.0,12.1
2025-11-21,28.7,32.2,24.6,2.4,89.0,69.0,9.0
2025-11-22,28.7,31.8,26.4,1.0,76.0,66.0,14.6
2025-11-23,28.8,31.9,27.0,2.9,76.0,67.0,14.8
2025-11-24,28.2,32.0,24.5,14.8,94.0,72.0,18.3
2025-11-25,25.8,27.0,24.8,18.0,96.0,89.0,14.4
2025-11-26,27.5,30.7,24.8,3.3,94.0,82.0,18.2
2025-11-27,26.7,30.4,25.2,17.5,95.0,88.0,6.0
2025-11-28,26.9,29.0,25.0,1.9,92.0,87.0,7.9
2025-11-29,26.1,29.9,24.5,4.4,95.0,88.0,6.8
2025-11-30,26.8,30.1,24.7,0.7,95.0,86.0,8.6
2025-12-01,26.5,29.6,24.5,3.9,96.0,86.0,10.8
2025-12-02,26.9,29.6,25.2,7.1,93.0,86.0,6.0
2025-12-03,27.3,30.0,25.0,5.1,93.0,82.0,11.2
2025-12-04,27.1,30.5,24.1,0.1,81.0,67.0,15.3
2025-12-05,26.6,30.4,23.3,0.0,77.0,63.0,15.7
2025-12-06,27.1,30.6,23.9,0.0,77.0,63.0,13.4
2025-12-07,26.3,28.6,24.0,7.9,93.0,74.0,16.5
2025-12-08,27.3,30.1,24.8,2.7,91.0,80.0,9.0
2025-12-09,25.3,28.5,23.2,19.9,98.0,89.0,13.2
2025-12-10,27.4,30.0,25.5,1.5,92.0,81.0,9.7
2025-12-11,27.0,30.2,25.4,1.5,90.0,82.0,7.5
2025-12-12,27.9,30.6,25.6,0.9,79.0,70.0,8.7
2025-12-13,28.1,32.0,25.2,0.7,83.0,69.0,12.3
2025-12-14,27.7,31.2,24.8,1.1,78.0,64.0,10.9
2025-12-15,26.3,30.1,24.9,9.3,95.0,82.0,17.9
2025-12-16,26.7,30.8,24.0,10.4,97.0,79.0,13.9
2025-12-17,26.0,28.7,24.5,1.4,94.0,84.0,12.0
2025-12-18,26.7,29.9,24.5,0.5,91.0,79.0,10.0
2025-12-19,26.9,30.9,24.5,2.6,87.0,77.0,9.3
2025-12-20,26.3,30.5,24.5,9.3,87.0,79.0,10.8
2025-12-21,26.3,29.6,24.5,1.1,91.0,83.0,9.6
2025-12-22,25.7,27.6,24.2,15.0,93.0,86.0,8.9
2025-12-23,26.1,29.9,24.2,10.0,94.0,84.0,12.3
2025-12-24,26.6,29.5,24.9,3.6,93.0,84.0,7.6
2025-12-25,26.0,29.2,23.9,6.4,95.0,85.0,6.2
2025-12-26,26.5,29.9,24.0,0.7,92.0,82.0,7.4
2025-12-27,26.7,29.9,24.1,0.3,92.0,81.0,6.9
2025-12-28,27.1,29.8,23.7,0.1,87.0,75.0,9.7
2025-12-29,27.8,30.8,24.5,0.3,87.0,70.0,10.4
2025-12-30,27.9,31.4,25.1,0.6,82.0,69.0,12.3
2025-12-31,27.6,30.0,25.6,1.1,81.0,70.0,9.4
2026-01-01,26.4,30.5,23.9,17.1,95.0,80.0,6.9
2026-01-02,24.7,27.6,23.4,13.8,94.0,85.0,9.6
2026-01-03,24.7,27.4,22.5,0.0,89.0,76.0,17.3
2026-01-04,25.3,28.6,22.9,0.0,87.0,75.0,12.4
2026-01-05,25.7,28.9,24.0,2.0,92.0,80.0,10.0
2026-01-06,25.5,27.4,23.9,1.7,92.0,84.0,12.6
2026-01-07,26.2,29.8,23.5,0.3,88.0,73.0,10.8
2026-01-08,26.3,28.4,24.7,1.9,83.0,74.0,15.5
2026-01-09,26.0,29.1,23.6,2.1,83.0,72.0,19.6
2026-01-10,26.5,30.3,24.0,1.3,86.0,75.0,9.1
2026-01-11,26.5,30.5,24.0,9.3,93.0,72.0,12.2
2026-01-12,26.5,30.5,23.9,0.0,86.0,70.0,18.6
2026-01-13,26.2,28.8,24.2,0.8,94.0,81.0,7.2
2026-01-14,25.9,29.8,23.6,1.8,90.0,80.0,15.3
2026-01-15,25.9,28.4,23.7,1.4,91.0,79.0,9.5
2026-01-16,27.1,31.1,23.8,0.0,84.0,66.0,8.7
2026-01-17,26.1,28.6,23.9,0.0,86.0,74.0,9.0
2026-01-18,27.1,29.8,25.0,0.2,83.0,71.0,13.9
2026-01-19,27.0,29.8,24.0,1.2,83.0,70.0,11.2
2026-01-20,26.7,30.2,24.0,1.6,82.0,68.0,10.5
2026-01-21,26.1,30.5,22.8,0.9,75.0,61.0,13.6
2026-01-22,25.6,30.2,22.6,0.2,72.0,57.0,11.4
2026-01-23,25.6,30.0,22.4,0.0,74.0,56.0,13.6
2026-01-24,25.5,29.2,22.4,0.1,77.0,60.0,11.8
2026-01-25,26.1,30.1,23.0,0.0,79.0,62.0,12.3
2026-01-26,26.5,28.5,24.1,2.7,87.0,73.0,7.7
2026-01-27,26.0,29.1,23.5,3.5,87.0,76.0,7.4
2026-01-28,26.0,29.7,22.6,0.7,81.0,65.0,10.1
2026-01-29,26.0,30.4,22.6,0.2,80.0,62.0,15.9
2026-01-30,25.7,29.6,22.8,6.7,83.0,68.0,13.2
2026-01-31,26.0,30.1,23.5,0.4,75.0,62.0,6.7
2026-02-01,26.7,30.8,23.9,0.0,70.0,58.0,10.4
2026-02-02,27.2,30.8,23.9,0.0,75.0,58.0,9.9
2026-02-03,27.0,31.3,23.4,0.0,75.0,57.0,14.2
2026-02-04,26.9,31.3,22.6,0.0,80.0,60.0,15.4
2026-02-05,27.1,31.9,23.1,0.0,75.0,55.0,14.9
2026-02-06,27.1,31.1,24.5,1.4,80.0,63.0,12.7
2026-02-07,26.4,28.9,25.2,5.2,89.0,78.0,13.2
2026-02-08,25.0,27.2,23.0,3.6,84.0,77.0,13.2
2026-02-09,24.5,27.2,22.4,0.0,89.0,74.0,11.5
2026-02-10,25.9,30.2,23.2,0.0,87.0,70.0,14.3
2026-02-11,26.9,30.0,25.0,0.3,79.0,70.0,7.1
2026-02-12,27.0,30.9,24.5,1.3,80.0,66.0,13.0
2026-02-13,27.9,32.2,25.0,0.7,83.0,65.0,15.0
2026-02-14,25.2,28.9,23.7,28.5,96.0,90.0,9.4
2026-02-15,26.6,30.1,24.5,0.3,96.0,85.0,5.4
2026-02-16,27.1,30.9,24.6,0.7,91.0,81.0,9.3
2026-02-17,27.1,30.9,24.2,1.2,88.0,75.0,13.2
2026-02-18,27.1,32.1,24.0,0.0,76.0,62.0,17.5
2026-02-19,27.5,32.8,24.5,0.0,73.0,59.0,20.7
2026-02-20,27.2,30.5,24.4,0.8,76.0,63.0,10.7
2026-02-21,27.2,31.0,24.1,0.0,77.0,62.0,16.8
2026-02-22,27.5,31.5,24.6,0.0,75.0,62.0,11.4
2026-02-23,28.6,33.5,25.6,0.0,77.0,57.0,11.9
2026-02-24,28.3,32.0,25.8,2.2,76.0,66.0,10.1
2026-02-25,28.3,32.9,25.2,0.0,74.0,62.0,11.7
2026-02-26,27.5,32.2,24.0,0.0,81.0,66.0,20.5
2026-02-27,27.8,32.9,24.5,0.0,81.0,66.0,13.1
2026-02-28,28.1,33.0,24.7,0.0,74.0,60.0,14.4
2026-03-01,28.7,32.1,26.0,0.9,78.0,64.0,12.7
2026-03-02,28.2,31.6,25.1,1.0,83.0,71.0,13.6
2026-03-03,28.3,33.4,23.6,0.0,81.0,63.0,19.0
2026-03-04,28.4,33.1,25.2,0.0,72.0,61.0,16.3
2026-03-05,28.5,32.0,25.5,0.5,79.0,63.0,13.9
2026-03-06,28.5,31.5,25.8,0.7,77.0,63.0,12.4
2026-03-07,28.5,32.5,25.6,0.4,74.0,60.0,12.5
2026-03-08,27.7,31.9,24.8,3.0,75.0,64.0,17.7
2026-03-09,27.9,32.2,25.1,0.0,63.0,55.0,16.3
2026-03-10,27.1,32.0,23.8,0.0,70.0,55.0,13.3
2026-03-11,26.8,30.9,23.8,1.0,70.0,58.0,15.1
2026-03-12,26.9,30.6,23.7,1.8,78.0,61.0,12.4
2026-03-13,25.4,29.9,22.1,0.6,63.0,55.0,17.5
2026-03-14,25.0,29.1,21.4,0.0,68.0,50.0,20.3
2026-03-15,25.2,29.6,22.2,0.0,67.0,53.0,16.3
2026-03-16,26.1,30.4,23.1,0.0,74.0,57.0,16.4
2026-03-17,26.6,29.9,23.9,2.2,81.0,66.0,13.0
2026-03-18,27.2,30.5,24.5,3.6,78.0,64.0,10.5
2026-03-19,27.4,31.9,23.7,1.4,79.0,60.0,13.1
2026-03-20,27.3,31.5,24.3,0.0,72.0,58.0,12.1
2026-03-21,27.5,32.2,23.9,0.1,77.0,58.0,13.3
2026-03-22,27.4,32.0,24.0,0.9,72.0,58.0,16.4
2026-03-23,27.3,32.7,23.1,0.0,71.0,57.0,14.0
2026-03-24,27.9,32.3,25.0,0.0,72.0,56.0,19.9
2026-03-25,28.5,31.3,26.2,0.6,75.0,63.0,14.5
2026-03-26,28.1,32.3,24.8,1.4,81.0,68.0,20.0
2026-03-27,28.0,32.2,24.8,0.0,81.0,67.0,18.3
2026-03-28,28.7,32.5,25.0,0.3,81.0,64.0,10.4
2026-03-29,28.6,32.5,25.3,1.1,75.0,63.0,14.0
2026-03-30,29.0,33.4,25.6,0.0,77.0,61.0,15.9
2026-03-31,28.9,33.4,24.9,0.4,76.0,58.0,19.4
2026-04-01,28.6,32.7,24.2,0.0,82.0,60.0,18.2
2026-04-02,28.8,34.3,24.4,0.0,73.0,53.0,16.5
2026-04-03,28.9,33.5,24.9,0.0,74.0,53.0,18.2
2026-04-04,29.4,33.2,26.5,0.0,74.0,56.0,14.7
2026-04-05,30.0,35.0,25.8,0.0,74.0,54.0,13.4
2026-04-06,30.2,35.4,25.9,0.0,79.0,56.0,15.2
2026-04-07,30.2,34.6,27.0,0.1,75.0,58.0,14.7
2026-04-08,29.7,34.7,24.5,0.0,71.0,54.0,12.3
2026-04-09,29.6,33.4,26.8,0.6,76.0,61.0,17.4
2026-04-10,30.0,33.5,27.0,0.1,78.0,62.0,15.5
2026-04-11,29.7,33.8,26.1,0.1,78.0,63.0,15.8
2026-04-12,29.5,33.9,26.0,0.0,73.0,57.0,14.1
2026-04-13,30.1,34.2,26.9,0.0,71.0,55.0,13.9
2026-04-14,29.3,33.5,25.4,0.0,75.0,59.0,18.6
2026-04-15,29.6,33.8,25.2,0.0,72.0,53.0,13.9
2026-04-16,30.0,34.3,27.2,0.2,69.0,56.0,16.1
2026-04-17,30.0,,26.6,0.3,73.0,58.0,12.4
2026-04-18,30.2,34.2,26.8,0.3,73.0,58.0,14.5
2026-04-19,29.6,33.3,26.6,2.5,72.0,58.0,12.0
2026-04-20,30.0,34.0,26.2,0.3,73.0,56.0,17.5
2026-04-21,30.1,34.8,26.1,0.0,71.0,55.0,18.7
2026-04-22,30.2,34.7,26.0,0.0,77.0,54.0,18.6
2026-04-23,30.4,34.2,26.9,0.0,74.0,56.0,18.7
2026-04-24,30.6,34.8,27.0,0.0,75.0,56.0,17.7
2026-04-25,30.9,35.4,27.5,0.7,73.0,56.0,18.4
2026-04-26,31.0,35.4,27.9,0.3,69.0,57.0,14.0
2026-04-27,30.9,35.5,27.8,0.5,71.0,57.0,16.7
2026-04-28,30.6,34.6,26.3,1.9,82.0,59.0,17.2
2026-04-29,31.0,34.9,26.8,0.3,66.0,52.0,11.8
2026-04-30,30.8,34.5,27.3,0.0,76.0,56.0,14.3
2026-05-01,31.3,35.9,28.0,0.0,65.0,54.0,14.7
2026-05-02,31.0,35.6,27.5,0.4,69.0,55.0,18.8
2026-05-03,30.9,35.0,27.0,0.0,70.0,57.0,15.9
2026-05-04,31.3,36.1,27.4,0.0,69.0,51.0,12.8
2026-05-05,31.1,35.0,28.0,1.0,72.0,56.0,12.7
2026-05-06,31.1,35.3,26.6,0.0,72.0,55.0,18.2
2026-05-07,31.7,36.5,28.5,0.1,72.0,56.0,16.9
2026-05-08,31.8,36.2,28.3,0.1,71.0,55.0,15.2
2026-05-09,31.6,36.2,28.0,0.9,72.0,55.0,13.8
2026-05-10,31.4,36.1,28.3,0.0,74.0,57.0,16.4
2026-05-11,31.4,35.7,28.5,0.1,74.0,61.0,16.3
2026-05-12,31.3,35.5,28.5,0.4,80.0,63.0,18.5
2026-05-13,31.5,34.2,29.5,0.1,72.0,62.0,15.0
2026-05-14,31.9,34.4,29.1,3.2,71.0,59.0,18.8
2026-05-15,30.3,35.8,24.8,12.8,91.0,68.0,14.5
2026-05-16,28.5,32.7,25.5,8.8,94.0,77.0,10.8
2026-05-17,30.6,35.7,27.6,4.0,78.0,64.0,11.1
2026-05-18,29.7,34.2,26.4,7.5,87.0,70.0,11.6
2026-05-19,29.5,31.5,27.6,5.5,85.0,73.0,9.0
2026-05-20,31.4,34.9,28.9,1.4,70.0,60.0,12.8
2026-05-21,32.3,35.6,29.2,1.2,72.0,58.0,13.0
2026-05-22,32.7,36.5,29.0,0.9,70.0,56.0,8.8
2026-05-23,32.2,36.5,28.0,2.1,76.0,57.0,7.4
2026-05-24,32.2,36.3,28.2,4.8,77.0,58.0,11.4
2026-05-25,31.3,36.0,27.0,3.0,84.0,64.0,14.5
2026-05-26,31.5,34.3,28.9,1.5,80.0,64.0,15.3
2026-05-27,31.9,34.7,28.7,0.8,77.0,61.0,13.8
2026-05-28,31.1,35.2,27.8,3.0,85.0,68.0,14.5
2026-05-29,30.5,33.7,27.6,3.6,83.0,71.0,18.0
2026-05-30,29.1,33.2,24.4,4.1,99.0,77.0,20.4
2026-05-31,29.2,31.9,26.5,6.2,88.0,76.0,22.2
