latitude,longitude,elevation,utc_offset_seconds,timezone,timezone_abbreviation
14.586995,121.002785,9.0,0,GMT,GMT

time,temperature_2m_mean (°C),temperature_2m_max (°C),temperature_2m_min (°C),precipitation_sum (mm),relative_humidity_2m_max (%),relative_humidity_2m_mean (%),wind_speed_10m_max (km/h)
2015-01-01,22.1,23.7,21.4,16.90,85,81,25.0
2015-01-02,23.4,25.6,22.2,0.00,82,74,33.4
2015-01-03,23.8,26.5,22.0,0.00,89,78,26.8
2015-01-04,24.1,27.8,21.2,0.00,95,81,18.1
2015-01-05,24.6,28.2,21.6,0.10,96,83,15.3
2015-01-06,24.8,27.9,21.9,0.00,95,82,11.1
2015-01-07,24.6,27.7,22.6,0.10,85,75,16.5
2015-01-08,24.1,26.7,22.5,0.30,84,75,28.8
2015-01-09,23.2,25.8,21.3,0.20,80,74,30.6
2015-01-10,23.1,25.5,21.3,0.00,85,73,27.8
2015-01-11,23.5,25.7,22.0,0.00,84,75,26.7
2015-01-12,23.6,26.2,22.0,0.00,87,76,26.2
2015-01-13,24.1,27.2,21.8,0.00,94,79,18.8
2015-01-14,24.2,27.5,21.3,0.20,96,82,10.7
2015-01-15,24.5,27.7,22.0,0.10,89,78,16.1
2015-01-16,24.2,27.6,21.7,0.00,82,75,21.3
2015-01-17,23.4,26.0,21.3,1.80,79,70,21.5
2015-01-18,21.7,23.1,21.0,42.00,92,86,18.1
2015-01-19,24.7,27.7,22.3,0.00,94,84,8.2
2015-01-20,24.9,28.2,21.9,0.00,97,83,7.0
2015-01-21,25.0,27.9,22.6,0.00,96,85,11.2
2015-01-22,24.5,27.2,22.7,0.00,88,80,12.3
2015-01-23,23.2,25.5,21.8,0.00,79,73,27.2
2015-01-24,23.4,25.2,22.4,0.00,77,70,27.0
2015-01-25,23.8,27.4,20.9,0.00,91,75,21.3
2015-01-26,23.5,27.8,19.8,0.00,95,79,18.4
2015-01-27,24.3,28.2,21.0,0.00,93,77,12.5
2015-01-28,24.7,28.5,21.5,0.00,95,80,13.4
2015-01-29,24.7,28.1,21.7,0.00,93,80,17.0
2015-01-30,24.6,27.7,22.7,0.00,84,75,16.7
2015-01-31,24.3,27.1,22.3,0.00,77,67,28.4
2015-02-01,23.7,26.3,21.8,0.00,77,72,30.6
2015-02-02,23.5,26.3,21.5,0.00,79,68,32.7
2015-02-03,22.8,26.2,19.7,0.00,90,71,25.6
2015-02-04,23.2,26.7,20.3,0.00,93,76,18.2
2015-02-05,23.8,27.7,20.3,0.00,93,74,14.2
2015-02-06,23.6,27.2,20.3,0.00,94,76,15.3
2015-02-07,24.3,28.0,20.8,0.20,96,78,10.4
2015-02-08,24.7,28.9,21.3,0.00,92,76,9.4
2015-02-09,24.7,28.5,22.2,0.00,81,69,16.8
2015-02-10,23.9,27.5,20.8,0.00,91,74,22.4
2015-02-11,24.2,27.5,21.3,0.50,94,78,15.4
2015-02-12,25.4,28.6,23.2,0.10,86,75,9.4
2015-02-13,25.2,27.7,23.5,0.60,84,74,18.6
2015-02-14,24.5,26.6,23.4,6.00,90,84,21.8
2015-02-15,25.1,27.6,23.1,1.60,92,81,15.0
2015-02-16,25.2,28.8,22.1,0.00,93,79,14.8
2015-02-17,25.5,29.2,23.2,0.00,87,73,15.7
2015-02-18,25.2,28.4,22.4,0.00,88,72,20.5
2015-02-19,24.8,27.4,23.1,0.00,82,74,21.7
2015-02-20,24.3,27.2,22.5,0.00,81,71,29.4
2015-02-21,24.5,27.6,21.9,0.00,85,71,22.4
2015-02-22,24.2,28.4,20.0,0.00,92,71,20.2
2015-02-23,24.6,29.0,20.6,0.00,94,71,21.3
2015-02-24,25.3,29.0,21.9,0.00,95,75,16.0
2015-02-25,26.1,30.5,22.7,0.00,93,74,18.7
2015-02-26,26.4,30.2,23.3,0.00,92,73,19.2
2015-02-27,26.2,30.4,22.7,0.00,90,71,23.1
2015-02-28,25.9,30.4,22.0,0.00,94,73,25.1
2015-03-01,25.8,30.2,21.6,0.00,90,69,16.2
2015-03-02,25.5,29.5,22.1,0.00,88,67,23.4
2015-03-03,25.6,30.2,21.6,0.00,91,67,16.5
2015-03-04,26.6,31.5,22.6,0.00,93,70,13.8
2015-03-05,26.0,29.8,22.6,0.00,92,73,20.0
2015-03-06,26.6,31.2,23.6,0.00,85,68,16.8
2015-03-07,26.4,30.9,22.7,0.00,90,72,21.2
2015-03-08,25.2,30.0,20.6,0.00,91,67,23.1
2015-03-09,25.5,30.7,21.2,0.00,89,66,14.6
2015-03-10,25.7,29.2,23.2,0.00,83,64,25.3
2015-03-11,25.3,28.2,23.5,0.00,86,73,23.2
2015-03-12,25.7,29.0,23.4,0.00,86,73,16.6
2015-03-13,26.0,29.5,23.1,0.00,86,71,20.0
2015-03-14,26.3,30.4,23.6,0.00,85,71,21.6
2015-03-15,26.2,30.5,22.5,0.00,91,71,20.2
2015-03-16,25.5,29.7,21.3,0.00,89,70,18.1
2015-03-17,25.2,30.0,20.4,0.00,91,65,16.9
2015-03-18,26.1,30.5,21.4,0.00,89,64,10.2
2015-03-19,26.8,31.7,22.2,0.00,89,62,13.0
2015-03-20,27.1,30.4,24.8,0.00,84,67,9.7
2015-03-21,27.2,30.2,25.3,4.20,92,78,9.9
2015-03-22,27.1,30.0,25.0,0.20,86,75,16.6
2015-03-23,26.4,29.1,24.1,0.00,88,76,19.4
2015-03-24,26.7,29.6,24.4,0.00,82,70,20.5
2015-03-25,26.6,29.7,24.4,0.00,82,71,26.4
2015-03-26,26.7,29.8,24.5,0.20,83,72,26.1
2015-03-27,26.9,30.5,24.1,0.00,85,70,26.4
2015-03-28,26.9,30.9,23.7,0.00,89,70,19.9
2015-03-29,27.3,31.9,23.6,0.00,89,69,21.7
2015-03-30,27.4,31.7,24.2,0.00,86,68,24.8
2015-03-31,28.2,32.7,25.0,0.00,89,70,20.9
2015-04-01,28.0,32.5,24.8,0.00,88,73,21.7
2015-04-02,27.7,33.1,22.9,0.00,93,68,17.0
2015-04-03,27.8,32.9,23.3,0.00,87,64,16.7
2015-04-04,29.1,33.6,26.4,0.00,85,66,18.7
2015-04-05,27.6,30.2,25.3,3.30,90,76,15.1
2015-04-06,28.5,32.7,25.2,0.00,87,69,15.5
2015-04-07,27.2,31.5,23.5,0.00,87,67,22.7
2015-04-08,27.5,31.8,24.5,0.00,83,66,19.9
2015-04-09,27.0,31.2,23.1,0.00,88,67,21.1
2015-04-10,27.3,31.2,23.8,0.00,87,68,18.6
2015-04-11,27.3,31.7,23.1,0.00,90,68,18.7
2015-04-12,28.0,31.9,23.9,0.00,92,68,14.7
2015-04-13,28.5,32.3,25.1,0.00,84,65,8.5
2015-04-14,27.7,31.4,25.0,0.00,76,66,19.8
2015-04-15,27.7,30.9,25.5,0.00,83,69,23.6
2015-04-16,28.6,33.0,25.4,0.10,87,71,13.8
2015-04-17,28.6,32.9,25.8,0.10,85,69,17.7
2015-04-18,28.8,33.3,25.4,0.30,92,71,23.6
2015-04-19,29.4,33.8,26.1,1.40,91,72,11.4
2015-04-20,29.6,33.1,26.5,0.70,86,70,10.4
2015-04-21,28.7,32.6,26.0,1.90,88,75,14.8
2015-04-22,28.6,32.5,25.9,0.10,82,68,21.2
2015-04-23,28.1,32.0,25.2,0.00,85,68,23.0
2015-04-24,28.4,32.5,25.4,0.10,84,68,18.4
2015-04-25,28.6,33.1,25.5,0.00,83,66,20.0
2015-04-26,28.5,33.1,24.6,0.00,91,68,18.9
2015-04-27,28.9,33.0,25.6,0.00,86,68,17.3
2015-04-28,29.7,33.9,25.8,0.00,87,62,10.0
2015-04-29,29.7,34.0,25.4,0.00,89,65,9.4
2015-04-30,29.9,34.7,26.2,0.00,84,63,8.7
2015-05-01,30.1,34.7,26.0,0.00,83,60,14.0
2015-05-02,29.6,33.6,26.2,0.70,89,69,12.3
2015-05-03,28.6,31.4,26.1,2.90,90,75,9.5
2015-05-04,28.3,32.6,25.4,7.60,93,78,10.2
2015-05-05,29.1,32.7,26.2,0.60,90,72,6.8
2015-05-06,29.0,33.0,26.0,0.70,90,73,9.6
2015-05-07,28.6,32.2,25.8,4.30,91,76,7.3
2015-05-08,29.0,32.5,25.3,0.40,93,73,9.2
2015-05-09,28.9,32.5,26.6,1.20,85,74,16.9
2015-05-10,28.4,30.8,26.6,0.00,87,76,22.9
2015-05-11,29.0,31.9,26.1,0.60,90,75,13.7
2015-05-12,29.3,33.0,26.7,0.10,85,72,10.8
2015-05-13,29.2,33.3,26.2,0.00,85,68,19.5
2015-05-14,29.1,32.6,26.0,0.00,85,68,19.1
2015-05-15,29.0,32.6,25.8,0.00,88,70,16.7
2015-05-16,29.6,33.6,25.4,0.00,85,64,9.8
2015-05-17,29.2,33.4,25.2,0.00,88,64,12.6
2015-05-18,29.7,33.8,26.6,0.20,82,62,15.6
2015-05-19,29.3,33.1,25.7,0.00,90,68,17.4
2015-05-20,29.3,32.4,26.2,0.10,91,73,16.1
2015-05-21,28.9,33.0,25.9,1.60,89,74,11.6
2015-05-22,29.4,33.1,26.3,0.50,89,72,10.8
2015-05-23,28.8,32.4,26.3,1.40,90,76,12.3
2015-05-24,28.9,32.9,26.0,0.70,91,75,15.8
2015-05-25,29.0,33.1,26.1,2.50,91,75,15.7
2015-05-26,28.7,31.8,26.3,1.50,88,76,13.3
2015-05-27,28.8,32.3,26.2,1.30,90,75,13.6
2015-05-28,29.4,32.3,27.3,0.50,86,73,15.0
2015-05-29,29.4,32.8,27.5,2.60,84,73,13.0
2015-05-30,28.9,32.3,26.1,1.40,90,76,14.1
2015-05-31,29.4,32.9,26.7,0.00,87,73,9.0
2015-06-01,30.0,34.1,26.9,0.00,86,67,13.5
2015-06-02,29.8,33.4,26.5,0.00,88,69,16.9
2015-06-03,29.2,33.5,25.9,0.40,91,71,7.7
2015-06-04,29.4,33.2,26.0,0.30,89,71,9.8
2015-06-05,29.1,32.1,26.4,1.20,86,72,14.4
2015-06-06,29.4,33.1,26.3,1.00,90,71,13.1
2015-06-07,29.7,33.9,26.3,1.20,89,71,9.4
2015-06-08,29.2,33.4,26.5,1.70,91,75,8.2
2015-06-09,28.7,32.3,26.1,1.70,91,77,8.2
2015-06-10,29.2,32.6,26.1,4.90,88,73,8.7
2015-06-11,28.9,31.2,26.9,1.00,89,77,8.6
2015-06-12,29.6,33.2,26.9,0.40,85,72,13.7
2015-06-13,29.3,32.4,26.7,0.30,88,72,13.5
2015-06-14,29.6,32.9,26.9,0.00,85,69,14.8
2015-06-15,29.6,33.4,26.6,1.00,84,69,17.6
2015-06-16,28.8,32.6,26.1,2.00,88,74,15.5
2015-06-17,27.9,32.1,25.5,9.80,92,79,8.2
2015-06-18,27.8,31.1,25.8,6.50,92,81,10.9
2015-06-19,27.5,30.7,25.7,3.40,90,82,11.2
2015-06-20,26.9,29.3,25.4,12.50,93,86,13.4
2015-06-21,26.7,28.1,25.7,8.20,92,87,14.0
2015-06-22,27.6,30.4,25.8,1.50,91,82,17.4
2015-06-23,27.6,30.1,25.7,5.10,90,81,13.5
2015-06-24,27.7,31.2,25.2,8.80,92,82,13.0
2015-06-25,27.9,30.6,25.7,0.60,93,82,14.8
2015-06-26,27.6,30.4,24.8,2.00,94,82,13.7
2015-06-27,28.1,31.0,25.9,2.80,90,78,10.4
2015-06-28,28.2,30.9,25.5,1.90,94,80,14.4
2015-06-29,27.6,30.3,25.3,5.70,93,82,13.7
2015-06-30,27.7,30.8,25.2,2.60,94,81,14.1
2015-07-01,27.5,30.7,25.4,2.00,91,82,16.0
2015-07-02,27.3,29.9,25.4,2.30,91,82,19.8
2015-07-03,27.6,29.9,25.5,4.80,93,82,18.8
2015-07-04,26.8,29.1,25.6,10.40,93,88,24.4
2015-07-05,25.8,26.7,24.9,26.00,93,91,25.0
2015-07-06,26.2,27.1,25.5,9.90,93,88,30.3
2015-07-07,26.7,29.1,25.4,6.00,93,87,28.3
2015-07-08,26.4,28.8,25.3,11.80,94,88,28.5
2015-07-09,25.7,26.7,25.2,37.30,93,91,27.9
2015-07-10,25.5,26.6,24.7,24.70,92,90,35.9
2015-07-11,26.0,27.5,25.0,7.90,92,87,33.1
2015-07-12,26.6,28.5,25.2,5.70,93,87,25.8
2015-07-13,27.0,29.3,25.3,1.00,94,84,22.4
2015-07-14,27.4,29.3,26.4,1.50,89,84,24.2
2015-07-15,27.2,29.2,25.5,2.50,93,84,25.8
2015-07-16,26.4,28.0,25.4,6.40,93,88,23.3
2015-07-17,26.3,28.2,25.1,8.60,94,89,28.3
2015-07-18,27.1,29.0,25.1,1.50,93,79,20.6
2015-07-19,27.7,30.9,24.8,0.00,96,81,12.4
2015-07-20,28.2,31.1,24.5,0.00,95,80,8.4
2015-07-21,28.2,31.1,25.4,0.80,92,77,7.1
2015-07-22,26.9,29.1,25.2,3.60,93,85,15.1
2015-07-23,27.4,30.1,25.5,0.50,89,79,18.8
2015-07-24,26.7,29.5,25.0,4.30,94,85,17.3
2015-07-25,27.2,29.8,25.3,3.20,91,82,11.9
2015-07-26,26.7,29.9,24.3,6.10,94,84,10.1
2015-07-27,26.2,29.1,24.6,10.30,94,86,6.3
2015-07-28,26.8,29.0,24.7,1.40,92,83,7.2
2015-07-29,27.5,30.1,24.6,0.30,92,78,5.0
2015-07-30,27.5,30.9,25.2,2.90,92,80,7.9
2015-07-31,28.0,31.7,24.7,0.40,89,76,11.1
2015-08-01,27.4,30.2,24.8,10.10,93,81,9.4
2015-08-02,27.3,29.7,25.3,5.00,91,81,7.2
2015-08-03,27.4,30.0,25.3,1.80,91,81,5.0
2015-08-04,27.4,30.8,24.7,2.80,93,81,6.8
2015-08-05,27.0,30.1,24.8,3.40,96,85,15.3
2015-08-06,27.0,29.6,25.6,2.70,90,84,21.4
2015-08-07,27.2,29.2,25.3,4.00,91,84,25.4
2015-08-08,26.6,28.8,25.2,3.10,92,85,25.6
2015-08-09,26.6,29.0,25.0,4.70,93,87,18.0
2015-08-10,26.7,28.1,25.2,4.80,94,86,19.5
2015-08-11,27.3,30.2,25.3,7.70,96,86,12.6
2015-08-12,27.3,30.1,25.2,4.10,96,87,11.2
2015-08-13,27.1,30.8,24.7,16.80,94,84,6.2
2015-08-14,27.7,30.2,25.6,1.50,94,83,8.5
2015-08-15,27.8,31.3,25.1,2.40,94,81,9.4
2015-08-16,27.9,30.9,25.4,3.90,95,82,13.3
2015-08-17,28.3,30.9,25.9,0.70,91,81,10.8
2015-08-18,28.0,30.8,25.8,1.80,91,83,9.8
2015-08-19,28.0,30.9,25.8,5.00,90,80,23.1
2015-08-20,26.8,28.9,25.4,11.60,92,85,31.7
2015-08-21,26.0,27.7,25.2,13.80,92,88,36.3
2015-08-22,25.5,26.4,25.0,22.80,94,92,34.1
2015-08-23,26.0,27.5,25.1,9.60,93,88,34.9
2015-08-24,26.1,28.0,24.7,5.50,94,88,21.7
2015-08-25,26.9,28.9,25.8,2.60,92,85,19.2
2015-08-26,27.4,30.3,25.4,0.30,92,81,17.9
2015-08-27,27.6,30.7,25.1,0.70,94,82,11.2
2015-08-28,27.0,30.3,24.6,10.70,93,84,6.6
2015-08-29,26.9,29.8,25.2,21.10,93,84,7.9
2015-08-30,27.1,29.8,25.0,1.00,93,83,13.3
2015-08-31,26.8,28.8,25.3,1.50,93,84,9.1
2015-09-01,27.0,29.5,24.9,0.00,93,81,8.7
2015-09-02,27.4,30.2,25.3,4.30,93,83,5.3
2015-09-03,27.7,31.3,25.1,2.70,94,82,11.4
2015-09-04,27.2,30.7,24.6,8.70,94,83,6.0
2015-09-05,27.0,30.0,24.8,5.80,94,84,7.9
2015-09-06,27.0,30.3,25.1,3.80,94,85,14.0
2015-09-07,27.1,29.8,25.0,6.10,94,85,13.1
2015-09-08,27.1,30.2,25.2,3.50,94,83,13.3
2015-09-09,26.9,29.5,25.1,2.70,93,86,14.9
2015-09-10,26.4,28.8,24.6,6.70,94,87,16.3
2015-09-11,26.1,28.1,24.8,14.50,95,88,11.6
2015-09-12,26.5,29.2,25.0,23.80,93,86,10.2
2015-09-13,26.4,29.4,24.8,31.70,94,88,9.5
2015-09-14,26.4,29.1,24.2,7.50,93,85,9.1
2015-09-15,26.7,30.6,23.7,3.70,95,84,5.4
2015-09-16,27.0,30.4,24.8,1.80,93,84,5.8
2015-09-17,27.3,30.4,25.0,11.40,94,84,5.8
2015-09-18,27.8,30.5,25.2,1.10,93,81,6.6
2015-09-19,28.5,30.8,26.6,0.20,85,74,5.1
2015-09-20,27.4,30.6,25.1,7.60,93,82,6.1
2015-09-21,26.9,29.7,24.6,6.90,94,84,7.6
2015-09-22,26.8,29.5,24.7,8.10,93,84,11.3
2015-09-23,26.9,29.2,25.4,2.80,92,86,15.9
2015-09-24,27.3,29.9,25.4,1.50,91,83,16.2
2015-09-25,27.5,30.2,25.9,1.90,90,83,14.8
2015-09-26,27.1,29.3,25.5,4.40,89,84,20.0
2015-09-27,26.7,28.5,25.3,6.40,93,87,22.4
2015-09-28,26.1,28.4,25.1,8.50,94,89,23.4
2015-09-29,26.8,29.3,25.1,5.80,93,85,16.6
2015-09-30,27.3,30.3,24.8,2.50,94,84,7.6
2015-10-01,26.0,28.7,24.7,85.00,94,89,30.6
2015-10-02,25.3,25.7,25.0,16.00,93,91,20.3
2015-10-03,27.5,30.5,24.5,0.10,94,81,10.6
2015-10-04,26.5,29.3,24.4,3.00,96,86,11.9
2015-10-05,27.3,30.0,25.1,0.60,94,83,15.1
2015-10-06,27.8,31.3,25.1,0.30,93,80,15.0
2015-10-07,27.5,30.0,25.1,1.30,92,82,5.8
2015-10-08,27.3,30.1,25.3,1.30,92,83,11.2
2015-10-09,27.2,29.8,24.8,0.40,92,83,13.4
2015-10-10,27.5,30.2,24.8,0.10,92,80,11.6
2015-10-11,27.3,30.2,25.1,2.10,93,82,6.8
2015-10-12,27.3,31.0,24.9,5.70,92,82,9.5
2015-10-13,27.1,29.7,24.7,0.60,92,80,16.3
2015-10-14,26.1,29.0,24.3,4.10,95,86,11.0
2015-10-15,26.9,29.2,25.1,0.20,93,82,10.0
2015-10-16,26.7,28.3,25.5,4.50,94,86,9.4
2015-10-17,27.4,28.7,26.7,25.60,92,88,46.1
2015-10-18,26.4,27.2,25.5,51.60,93,89,46.3
2015-10-19,26.3,28.0,25.3,8.80,92,87,41.3
2015-10-20,26.8,28.5,25.1,0.00,89,79,28.9
2015-10-21,26.8,29.0,25.1,0.00,89,81,28.4
2015-10-22,26.6,28.9,24.8,0.70,91,83,21.3
2015-10-23,26.6,29.1,24.1,0.00,94,83,11.5
2015-10-24,26.9,29.8,24.5,0.00,96,83,8.5
2015-10-25,27.2,30.8,24.1,0.10,95,83,7.2
2015-10-26,27.4,30.5,24.5,0.00,94,80,9.7
2015-10-27,27.2,30.4,24.6,0.30,92,81,12.4
2015-10-28,26.9,29.6,25.0,0.00,86,74,18.3
2015-10-29,26.8,30.1,24.5,0.00,88,73,20.9
2015-10-30,26.9,29.9,25.1,0.00,89,78,18.8
2015-10-31,26.8,28.8,25.3,1.00,86,79,23.4
2015-11-01,26.9,29.3,25.2,0.00,88,79,18.3
2015-11-02,27.2,30.4,25.1,0.40,89,78,20.1
2015-11-03,27.3,29.8,25.4,0.00,89,78,23.5
2015-11-04,27.7,30.9,25.4,0.00,88,77,21.1
2015-11-05,27.4,30.5,25.3,0.20,90,78,21.5
2015-11-06,27.6,30.8,25.4,0.00,91,77,22.0
2015-11-07,27.3,30.9,24.4,0.00,92,77,18.1
2015-11-08,27.6,31.1,25.2,0.00,88,75,21.9
2015-11-09,27.1,30.1,24.8,0.10,89,76,17.7
2015-11-10,27.5,31.2,25.2,0.00,83,72,21.0
2015-11-11,27.5,31.2,25.2,0.00,85,73,23.4
2015-11-12,27.3,30.4,25.1,0.00,87,75,21.8
2015-11-13,27.4,31.5,24.0,0.00,94,76,15.9
2015-11-14,27.6,31.4,24.8,0.00,90,75,15.5
2015-11-15,27.5,30.4,25.4,0.00,86,75,17.7
2015-11-16,27.6,31.3,25.2,0.20,89,75,22.1
2015-11-17,28.0,31.7,25.6,0.00,85,73,20.2
2015-11-18,26.9,30.1,24.2,0.10,92,78,19.2
2015-11-19,27.7,31.6,24.7,0.00,85,68,24.6
2015-11-20,27.3,30.5,24.6,0.00,87,73,23.2
2015-11-21,27.4,30.1,25.4,0.00,86,73,25.5
2015-11-22,27.5,31.0,24.4,0.00,90,73,19.1
2015-11-23,27.7,31.3,23.8,0.00,92,72,17.1
2015-11-24,27.9,32.2,25.0,0.50,89,72,18.2
2015-11-25,27.3,30.9,24.2,0.20,92,74,13.0
2015-11-26,27.4,30.8,25.0,0.00,83,71,16.1
2015-11-27,26.9,29.8,25.2,0.00,83,72,24.2
2015-11-28,27.2,30.1,25.7,0.00,82,74,26.6
2015-11-29,27.5,30.8,24.9,0.00,89,74,24.7
2015-11-30,27.5,30.3,25.6,0.00,84,74,19.7
2015-12-01,26.7,30.6,22.9,0.00,95,78,20.8
2015-12-02,26.9,31.9,22.8,0.00,96,73,16.6
2015-12-03,27.2,31.1,24.8,0.00,86,72,18.4
2015-12-04,27.6,30.9,25.7,0.10,81,70,23.3
2015-12-05,27.1,29.8,24.7,1.80,92,78,28.8
2015-12-06,26.8,30.3,24.6,4.70,94,82,12.2
2015-12-07,27.6,30.4,25.5,0.00,86,77,19.0
2015-12-08,27.3,30.7,25.4,0.00,85,75,23.9
2015-12-09,27.5,31.1,25.1,0.00,92,75,27.8
2015-12-10,27.8,31.4,24.1,0.00,96,75,8.4
2015-12-11,27.4,31.1,24.3,0.10,92,77,6.6
2015-12-12,27.5,31.2,24.6,0.00,91,75,11.5
2015-12-13,27.5,31.5,24.9,0.00,89,75,16.8
2015-12-14,27.4,31.0,25.1,4.70,90,78,14.8
2015-12-15,25.6,25.7,25.3,73.10,91,89,31.6
2015-12-16,25.7,26.8,24.3,27.10,91,87,38.9
2015-12-17,24.0,24.3,23.1,47.40,86,82,26.1
2015-12-18,24.7,26.1,23.2,19.80,91,80,28.2
2015-12-19,24.6,26.2,24.0,31.70,91,88,18.5
2015-12-20,25.8,28.1,24.0,0.30,93,83,31.3
2015-12-21,26.3,29.7,24.7,16.70,91,83,20.3
2015-12-22,25.4,28.8,22.2,0.00,95,82,27.9
2015-12-23,25.5,29.3,22.6,0.00,95,81,14.9
2015-12-24,25.3,29.1,21.8,0.00,96,83,15.3
2015-12-25,25.0,28.9,21.5,0.00,93,80,13.7
2015-12-26,25.0,28.4,21.7,0.00,95,81,18.3
2015-12-27,24.8,28.8,21.2,0.30,95,82,11.3
2015-12-28,24.6,28.3,21.3,0.00,94,78,16.1
2015-12-29,24.6,27.6,21.7,0.50,93,81,14.8
2015-12-30,25.2,28.3,23.0,0.00,92,80,17.2
2015-12-31,25.0,27.7,23.9,38.70,90,83,18.8
2016-01-01,25.8,27.7,24.5,1.20,88,82,24.3
2016-01-02,25.7,28.0,23.9,0.00,93,83,23.2
2016-01-03,25.6,29.1,23.2,0.00,96,82,20.5
2016-01-04,25.6,29.3,22.7,0.00,95,83,15.9
2016-01-05,25.0,29.1,22.0,0.00,96,80,15.0
2016-01-06,25.5,28.3,23.3,0.20,94,84,9.0
2016-01-07,25.3,28.6,22.4,0.00,96,82,10.5
2016-01-08,25.5,28.4,22.9,0.00,95,83,6.4
2016-01-09,25.5,28.5,23.3,0.00,92,81,14.1
2016-01-10,25.5,29.0,22.6,0.00,94,79,16.7
2016-01-11,26.4,29.7,23.9,0.00,94,81,10.9
2016-01-12,26.1,29.3,23.4,0.00,94,83,10.9
2016-01-13,26.3,29.3,23.7,0.10,94,80,12.9
2016-01-14,26.1,29.1,23.9,0.00,90,78,17.8
2016-01-15,26.0,29.4,23.3,0.00,93,78,17.0
2016-01-16,26.3,29.5,23.6,0.00,93,79,11.8
2016-01-17,25.7,29.7,22.3,0.00,92,77,11.2
2016-01-18,26.0,28.9,23.5,0.00,92,79,9.4
2016-01-19,26.4,29.2,24.6,0.00,85,77,19.2
2016-01-20,26.0,28.3,24.4,0.00,80,73,28.0
2016-01-21,25.9,29.5,22.7,0.00,94,75,22.4
2016-01-22,26.1,30.0,22.3,0.00,96,79,10.7
2016-01-23,26.8,30.2,24.1,0.20,89,77,7.7
2016-01-24,24.7,27.3,22.2,2.30,86,73,23.6
2016-01-25,22.9,24.4,22.0,1.60,79,74,33.2
2016-01-26,23.7,25.8,22.8,0.00,80,73,36.7
2016-01-27,25.2,27.6,23.9,0.00,82,74,30.9
2016-01-28,25.9,28.3,24.3,0.00,86,75,29.7
2016-01-29,25.8,28.5,23.3,0.40,94,80,18.7
2016-01-30,26.1,29.2,24.3,0.00,88,80,14.5
2016-01-31,26.3,29.1,23.8,0.00,89,75,27.2
2016-02-01,25.8,30.1,22.2,0.00,92,75,20.9
2016-02-02,26.4,29.6,24.4,0.00,82,69,21.3
2016-02-03,25.9,28.3,23.9,3.10,95,78,19.7
2016-02-04,26.0,28.7,24.1,0.20,94,84,17.1
2016-02-05,26.6,29.5,24.3,4.50,94,82,7.9
2016-02-06,24.2,25.9,22.8,12.70,93,86,9.5
2016-02-07,23.2,25.0,22.0,1.70,87,75,26.6
2016-02-08,23.2,25.4,22.1,0.00,80,72,34.4
2016-02-09,24.2,26.2,23.0,0.00,84,76,30.3
2016-02-10,25.2,28.1,23.1,0.00,86,75,26.3
2016-02-11,25.4,29.1,22.8,0.00,92,77,23.1
2016-02-12,25.2,29.4,21.4,0.00,93,75,19.9
2016-02-13,25.8,30.1,22.5,0.00,94,74,12.3
2016-02-14,26.3,30.5,22.9,0.00,92,73,9.0
2016-02-15,25.8,28.6,24.1,0.50,85,74,17.1
2016-02-16,25.1,28.3,22.9,0.00,83,72,26.1
2016-02-17,24.9,28.3,21.9,0.00,91,74,21.0
2016-02-18,25.2,28.7,22.3,0.00,93,75,18.4
2016-02-19,25.3,29.5,21.9,0.00,96,77,18.0
2016-02-20,25.9,29.6,22.7,0.00,93,75,13.3
2016-02-21,25.9,29.2,23.6,0.00,89,74,23.1
2016-02-22,26.2,30.1,22.8,0.00,93,75,20.2
2016-02-23,26.3,30.7,22.9,0.00,89,71,14.8
2016-02-24,26.3,29.8,23.9,0.00,82,70,23.6
2016-02-25,25.6,28.0,24.0,0.60,81,73,27.9
2016-02-26,25.5,27.8,23.8,0.40,82,73,30.1
2016-02-27,25.8,29.3,23.7,3.30,86,72,28.0
2016-02-28,25.1,27.2,23.4,1.10,92,80,20.1
2016-02-29,26.1,30.0,24.0,0.20,81,73,19.8
2016-03-01,25.0,27.2,23.3,1.40,78,72,27.4
2016-03-02,24.1,25.8,23.0,2.50,90,77,24.5
2016-03-03,24.8,27.0,23.0,3.90,93,83,22.0
2016-03-04,24.9,26.8,23.3,0.60,96,86,11.6
2016-03-05,26.9,31.1,23.1,0.00,97,79,7.8
2016-03-06,27.4,30.8,24.3,0.00,94,78,8.6
2016-03-07,27.9,31.1,25.2,0.00,90,75,12.1
2016-03-08,27.4,32.1,23.7,0.00,92,72,19.2
2016-03-09,28.2,31.6,25.0,0.00,91,73,14.1
2016-03-10,27.9,31.2,24.8,0.40,88,73,9.7
2016-03-11,27.7,31.4,24.8,0.00,83,69,15.7
2016-03-12,27.4,31.5,24.6,0.00,87,69,20.2
2016-03-13,27.3,31.9,22.8,0.00,95,71,18.1
2016-03-14,28.0,32.3,24.4,0.00,88,68,8.6
2016-03-15,27.2,30.5,24.0,0.00,91,72,15.1
2016-03-16,27.9,31.1,24.5,0.00,90,71,12.2
2016-03-17,27.7,31.1,25.1,0.20,85,73,16.2
2016-03-18,27.7,31.7,24.0,0.00,93,72,16.2
2016-03-19,27.5,32.0,23.0,0.00,95,70,14.1
2016-03-20,27.6,32.8,22.9,0.00,93,69,16.4
2016-03-21,27.9,32.5,24.5,0.00,87,68,18.9
2016-03-22,27.8,31.8,24.3,0.00,91,71,17.7
2016-03-23,28.1,32.8,23.8,0.00,95,70,14.9
2016-03-24,28.9,33.3,25.2,0.00,87,67,7.2
2016-03-25,28.3,32.4,24.2,0.00,90,68,7.1
2016-03-26,27.8,32.6,24.6,0.40,83,66,13.1
2016-03-27,26.7,29.8,24.6,0.10,79,70,16.3
2016-03-28,26.0,29.3,24.2,0.00,78,68,27.5
2016-03-29,26.9,29.9,25.0,0.00,83,71,27.1
2016-03-30,27.7,30.9,25.0,0.10,86,72,21.2
2016-03-31,27.8,31.2,25.2,0.00,87,73,19.4
2016-04-01,28.4,32.2,25.5,0.00,83,70,16.1
2016-04-02,28.2,32.4,24.7,0.00,89,70,18.4
2016-04-03,28.0,32.8,24.0,0.00,92,68,19.9
2016-04-04,28.8,33.0,25.9,0.00,83,65,17.8
2016-04-05,28.7,32.6,26.0,0.00,82,68,16.1
2016-04-06,28.8,33.0,25.5,0.00,85,65,22.1
2016-04-07,28.9,32.8,26.0,0.00,85,67,19.1
2016-04-08,28.9,32.7,26.0,0.00,84,69,20.9
2016-04-09,28.6,33.6,24.1,0.00,92,67,20.0
2016-04-10,29.8,34.4,25.7,0.00,87,60,8.4
2016-04-11,30.1,34.7,25.7,0.00,86,60,7.9
2016-04-12,29.9,33.9,26.0,0.70,84,65,11.0
2016-04-13,29.7,33.4,26.7,0.00,90,71,11.2
2016-04-14,30.3,34.5,27.0,0.30,89,69,8.4
2016-04-15,30.4,34.3,27.7,0.00,82,68,14.3
2016-04-16,30.1,34.0,26.9,0.40,83,68,14.7
2016-04-17,29.9,34.5,26.3,0.00,83,64,20.2
2016-04-18,30.1,34.6,26.8,0.10,80,65,15.5
2016-04-19,29.4,33.5,26.3,0.00,80,66,23.4
2016-04-20,29.2,33.2,26.2,0.00,84,68,23.8
2016-04-21,29.4,33.6,26.1,0.00,86,66,19.5
2016-04-22,29.7,34.1,26.3,0.00,84,64,16.1
2016-04-23,29.9,34.0,26.1,0.00,88,63,15.1
2016-04-24,30.2,34.3,26.5,0.00,84,63,14.9
2016-04-25,30.0,34.5,26.8,0.00,81,64,18.0
2016-04-26,29.6,34.3,25.4,0.00,89,62,17.7
2016-04-27,29.9,33.3,26.7,0.10,83,65,9.2
2016-04-28,29.7,33.6,27.1,0.40,84,69,7.9
2016-04-29,29.2,34.0,26.5,3.20,89,74,10.5
2016-04-30,29.5,33.8,26.4,1.00,86,71,14.0
2016-05-01,30.2,33.8,27.4,0.70,85,69,13.5
2016-05-02,30.7,35.0,27.4,0.00,82,63,15.4
2016-05-03,30.6,34.9,26.7,0.00,86,64,13.9
2016-05-04,30.4,35.1,27.1,0.00,79,63,19.2
2016-05-05,30.0,33.4,27.4,0.00,81,68,21.6
2016-05-06,30.4,34.6,27.1,0.00,83,66,20.0
2016-05-07,30.2,34.7,27.1,0.00,82,65,20.6
2016-05-08,30.4,34.0,27.2,0.00,82,64,19.1
2016-05-09,30.3,34.5,27.1,0.00,82,65,17.9
2016-05-10,30.8,34.8,27.3,0.00,85,62,11.4
2016-05-11,30.7,34.1,27.8,0.00,82,64,6.4
2016-05-12,30.5,34.5,27.8,0.20,80,66,11.2
2016-05-13,30.8,35.6,27.2,0.00,80,62,16.7
2016-05-14,30.1,33.7,27.6,0.00,80,67,20.9
2016-05-15,30.2,34.1,27.2,0.30,83,66,15.5
2016-05-16,29.9,34.7,26.5,0.70,87,68,12.3
2016-05-17,29.2,33.3,26.5,2.50,90,73,8.3
2016-05-18,28.9,33.8,26.3,5.50,88,75,8.7
2016-05-19,28.4,32.0,25.6,12.80,92,79,8.5
2016-05-20,27.9,31.7,25.7,14.10,91,81,8.9
2016-05-21,28.5,32.3,26.2,4.50,92,80,11.0
2016-05-22,28.0,31.3,25.6,6.50,94,83,8.7
2016-05-23,27.6,30.3,25.6,5.40,95,86,11.8
2016-05-24,28.1,30.7,26.5,1.20,92,83,15.9
2016-05-25,27.2,29.7,25.8,17.50,95,87,17.1
2016-05-26,28.7,32.1,26.4,1.40,91,81,12.6
2016-05-27,29.1,31.4,26.7,0.40,91,78,11.0
2016-05-28,28.4,31.5,25.9,3.30,94,81,10.7
2016-05-29,28.4,31.9,25.7,5.90,93,81,6.6
2016-05-30,29.0,32.3,26.2,3.70,91,78,8.3
2016-05-31,28.2,31.1,26.2,5.30,93,81,7.8
2016-06-01,27.8,30.8,26.2,3.50,92,83,15.3
2016-06-02,28.0,31.4,26.1,6.80,92,82,15.5
2016-06-03,28.2,30.7,26.2,2.50,91,82,16.3
2016-06-04,28.5,30.9,26.0,2.90,94,81,14.6
2016-06-05,27.9,30.5,25.7,4.70,93,83,12.9
2016-06-06,27.7,31.1,25.4,11.90,94,84,15.1
2016-06-07,27.4,30.6,25.4,16.80,94,84,18.0
2016-06-08,27.6,30.3,25.6,5.40,93,84,18.0
2016-06-09,27.6,29.9,26.0,1.70,92,85,15.6
2016-06-10,27.9,30.7,26.0,5.10,94,84,13.2
2016-06-11,28.3,31.2,25.8,3.00,93,80,8.7
2016-06-12,27.2,29.1,25.5,12.40,94,86,20.6
2016-06-13,28.0,29.9,25.7,1.40,91,81,17.6
2016-06-14,27.9,30.4,26.1,1.50,92,83,18.3
2016-06-15,28.6,31.2,26.3,1.30,90,80,9.5
2016-06-16,28.7,31.6,26.4,0.50,92,79,6.5
2016-06-17,28.6,31.5,26.7,1.10,89,79,16.2
2016-06-18,29.1,32.4,27.0,0.10,85,75,22.7
2016-06-19,28.8,32.2,26.7,0.90,84,75,20.0
2016-06-20,28.0,31.5,25.7,13.10,94,81,14.8
2016-06-21,28.1,31.2,25.7,4.10,94,80,11.2
2016-06-22,27.5,30.5,25.6,7.70,92,82,9.3
2016-06-23,27.6,30.1,26.0,3.00,89,82,11.8
2016-06-24,27.7,30.5,25.3,4.70,92,82,11.1
2016-06-25,27.7,30.9,25.6,4.40,91,81,10.9
2016-06-26,27.0,29.7,25.4,9.20,93,86,11.3
2016-06-27,27.1,29.9,25.5,8.70,91,83,14.1
2016-06-28,27.4,31.0,25.4,10.20,94,84,16.4
2016-06-29,27.8,30.5,25.7,4.50,93,84,9.9
2016-06-30,27.4,30.2,25.3,4.60,93,85,7.8
2016-07-01,27.8,31.4,25.4,6.80,92,80,9.8
2016-07-02,27.1,30.7,24.9,7.10,95,84,7.3
2016-07-03,26.8,29.6,25.1,23.60,94,85,8.6
2016-07-04,27.1,29.7,25.3,9.20,93,84,9.2
2016-07-05,26.9,29.4,24.7,8.40,94,85,8.6
2016-07-06,26.6,28.8,25.2,15.10,93,87,16.6
2016-07-07,26.4,28.5,25.1,11.60,93,87,27.5
2016-07-08,25.5,26.4,24.8,45.30,94,92,27.4
2016-07-09,25.5,26.5,25.1,29.20,93,92,24.1
2016-07-10,26.2,27.8,25.1,10.40,94,89,18.9
2016-07-11,27.0,29.9,25.0,4.20,94,86,7.8
2016-07-12,27.9,30.1,25.2,2.50,94,84,11.6
2016-07-13,27.6,30.7,25.0,2.00,94,84,9.4
2016-07-14,27.5,30.1,25.3,4.90,95,84,5.2
2016-07-15,28.2,30.5,25.8,1.20,91,81,7.0
2016-07-16,28.1,30.9,25.8,1.00,91,81,7.9
2016-07-17,28.1,30.8,25.5,0.80,92,82,6.8
2016-07-18,28.5,31.4,25.9,0.50,89,75,8.8
2016-07-19,27.9,30.8,25.8,3.10,93,81,10.1
2016-07-20,28.0,30.9,26.0,1.70,91,81,19.1
2016-07-21,28.6,32.1,25.4,0.90,93,79,10.1
2016-07-22,27.7,30.8,25.8,8.10,93,83,7.3
2016-07-23,27.2,30.6,24.9,12.80,92,84,11.6
2016-07-24,27.2,30.0,25.2,10.00,94,84,10.8
2016-07-25,27.4,30.2,25.2,6.00,93,81,11.5
2016-07-26,28.2,31.2,25.3,3.60,92,81,8.9
2016-07-27,28.1,31.2,26.0,1.60,91,80,6.6
2016-07-28,28.2,30.9,25.3,1.50,92,80,5.7
2016-07-29,27.3,30.8,25.4,3.80,92,83,8.4
2016-07-30,27.2,28.8,25.8,3.00,91,84,17.7
2016-07-31,26.0,27.6,25.1,5.70,93,88,28.7
2016-08-01,26.4,28.4,25.3,14.00,94,88,16.0
2016-08-02,26.6,29.2,24.8,3.20,94,87,7.0
2016-08-03,27.8,30.2,25.3,2.30,94,82,10.2
2016-08-04,27.8,31.1,25.4,2.60,92,81,14.8
2016-08-05,27.3,30.3,25.3,6.50,94,84,13.0
2016-08-06,26.7,29.8,25.2,11.50,93,87,18.8
2016-08-07,25.5,27.1,24.9,26.50,93,91,23.7
2016-08-08,25.5,26.0,25.2,38.70,94,92,23.5
2016-08-09,25.8,27.1,25.0,39.50,93,90,23.6
2016-08-10,25.6,26.2,25.1,45.30,94,92,24.7
2016-08-11,26.0,27.4,25.3,23.20,93,90,25.5
2016-08-12,26.0,27.7,25.2,15.30,94,91,24.6
2016-08-13,25.9,27.0,25.3,20.70,94,91,24.5
2016-08-14,26.3,28.0,25.6,14.80,93,90,24.6
2016-08-15,26.5,28.1,25.6,11.30,93,89,27.1
2016-08-16,26.3,27.9,25.6,11.70,93,90,24.3
2016-08-17,26.7,28.9,25.7,10.60,93,89,26.1
2016-08-18,27.0,29.5,25.5,4.30,93,88,21.4
2016-08-19,27.0,29.0,25.8,8.40,93,88,21.1
2016-08-20,26.5,28.7,24.9,13.30,94,89,23.1
2016-08-21,26.5,28.9,25.0,13.00,96,88,10.5
2016-08-22,26.5,29.1,25.3,13.70,92,88,12.4
2016-08-23,26.8,28.9,25.5,3.30,93,87,21.0
2016-08-24,27.2,29.7,25.5,3.40,92,87,24.6
2016-08-25,26.9,28.7,25.7,5.20,93,88,22.7
2016-08-26,26.8,28.9,25.4,6.10,94,89,20.6
2016-08-27,26.7,28.3,25.5,4.70,93,88,26.9
2016-08-28,26.7,29.1,25.4,5.70,94,87,19.3
2016-08-29,26.9,28.6,25.6,3.30,92,87,23.8
2016-08-30,27.5,29.2,26.2,1.90,90,85,21.2
2016-08-31,27.5,29.3,26.1,1.30,91,83,26.0
2016-09-01,27.4,29.5,25.7,0.20,92,84,18.4
2016-09-02,27.8,29.8,26.4,0.00,90,81,21.0
2016-09-03,27.8,30.0,26.1,0.70,92,82,23.0
2016-09-04,26.8,28.9,25.1,8.10,93,88,18.8
2016-09-05,26.9,29.9,25.0,3.60,94,86,18.2
2016-09-06,27.6,30.6,25.2,0.50,93,83,13.8
2016-09-07,27.3,29.7,24.8,2.80,94,85,16.0
2016-09-08,27.0,30.2,24.9,7.00,93,85,9.5
2016-09-09,27.2,29.9,25.2,7.00,93,83,8.1
2016-09-10,27.4,30.5,24.8,6.60,92,83,11.2
2016-09-11,27.6,30.4,25.0,2.60,92,82,13.8
2016-09-12,27.1,30.4,25.4,4.60,93,85,13.0
2016-09-13,26.9,28.8,25.7,2.20,91,86,22.7
2016-09-14,26.5,28.9,25.0,5.80,93,87,25.1
2016-09-15,26.5,29.2,25.0,6.30,93,87,20.0
2016-09-16,26.6,28.4,24.9,1.50,94,86,19.4
2016-09-17,26.5,28.9,25.0,11.00,94,88,16.3
2016-09-18,26.5,28.1,25.1,7.70,94,88,17.3
2016-09-19,26.7,29.3,24.9,10.90,94,87,12.4
2016-09-20,26.8,29.5,25.2,6.30,94,86,8.7
2016-09-21,27.0,29.5,25.2,5.70,94,85,17.8
2016-09-22,26.6,29.5,24.8,17.40,96,87,11.5
2016-09-23,26.7,29.2,25.0,9.60,93,85,4.4
2016-09-24,27.0,29.6,24.7,5.10,94,85,8.6
2016-09-25,27.0,30.2,25.1,12.90,94,86,10.7
2016-09-26,26.8,29.6,25.4,7.30,92,87,21.6
2016-09-27,26.1,27.6,25.1,11.60,93,89,29.5
2016-09-28,25.4,26.4,24.7,16.30,94,92,19.9
2016-09-29,25.6,27.3,23.9,6.30,94,90,13.9
2016-09-30,25.8,27.7,24.1,6.10,95,89,16.8
2016-10-01,26.8,29.1,24.6,0.80,94,86,14.6
2016-10-02,26.8,29.1,24.8,2.70,93,87,13.8
2016-10-03,26.3,28.5,24.6,9.30,95,89,15.0
2016-10-04,25.9,28.0,24.8,25.50,94,89,12.0
2016-10-05,26.7,29.1,24.9,1.60,93,85,7.7
2016-10-06,26.0,28.1,25.1,16.90,93,89,11.1
2016-10-07,26.1,28.4,24.8,11.90,94,89,12.2
2016-10-08,26.5,29.0,25.1,13.10,94,88,11.0
2016-10-09,26.4,28.6,24.7,9.90,94,88,9.9
2016-10-10,26.3,28.5,25.2,8.40,94,89,8.2
2016-10-11,26.6,29.9,24.7,13.20,94,86,7.7
2016-10-12,26.2,27.6,24.6,5.00,94,88,8.0
2016-10-13,26.4,28.8,24.6,9.50,95,86,7.4
2016-10-14,27.1,29.6,25.1,6.40,93,83,12.5
2016-10-15,25.9,26.3,25.2,74.40,93,90,37.2
2016-10-16,25.7,26.7,25.2,17.50,94,91,28.1
2016-10-17,26.6,29.2,24.8,2.00,97,89,9.2
2016-10-18,27.3,29.8,25.2,1.70,92,85,12.3
2016-10-19,27.0,28.8,25.3,5.00,92,85,33.2
2016-10-20,26.4,27.9,25.3,3.50,94,88,30.0
2016-10-21,26.8,29.5,25.1,5.80,97,89,9.2
2016-10-22,27.2,30.0,24.8,1.30,95,86,13.7
2016-10-23,27.8,30.7,24.7,0.60,94,83,9.8
2016-10-24,27.1,30.5,23.5,0.00,94,82,12.2
2016-10-25,27.8,30.7,25.7,0.00,90,76,14.8
2016-10-26,27.4,29.6,25.8,0.30,90,81,15.5
2016-10-27,27.4,30.2,25.1,0.20,93,81,18.8
2016-10-28,27.6,29.9,25.8,0.30,86,80,21.3
2016-10-29,27.5,30.3,25.4,0.00,90,78,20.4
2016-10-30,27.0,29.8,25.2,0.00,89,79,19.4
2016-10-31,27.3,30.1,25.4,0.00,88,78,21.1
2016-11-01,26.9,29.0,25.4,0.00,87,79,21.6
2016-11-02,26.8,29.0,25.5,2.90,84,79,21.3
2016-11-03,26.7,29.1,24.7,0.60,92,81,18.8
2016-11-04,26.0,28.7,24.5,3.20,94,86,5.8
2016-11-05,26.7,29.7,24.4,0.50,95,86,6.3
2016-11-06,26.9,30.0,24.3,0.50,92,81,12.3
2016-11-07,26.4,29.3,23.6,0.00,91,77,16.5
2016-11-08,25.9,29.5,23.0,0.00,86,73,18.0
2016-11-09,25.6,28.6,22.7,0.00,91,73,20.2
2016-11-10,26.4,29.5,24.4,0.30,89,77,10.2
2016-11-11,26.5,29.0,24.7,0.20,87,78,18.9
2016-11-12,26.9,29.8,24.5,0.00,90,77,19.6
2016-11-13,26.6,30.1,24.0,0.00,89,73,18.0
2016-11-14,27.3,30.0,24.9,0.10,93,78,19.3
2016-11-15,26.9,29.4,25.4,0.10,90,82,13.3
2016-11-16,27.2,29.9,25.2,0.80,91,81,19.1
2016-11-17,27.3,29.7,25.6,0.20,88,79,20.4
2016-11-18,27.3,29.8,25.8,0.30,88,80,22.8
2016-11-19,26.8,28.7,25.5,1.10,88,82,22.3
2016-11-20,27.3,30.3,25.3,0.00,91,79,22.3
2016-11-21,26.9,31.2,23.5,0.00,93,77,18.8
2016-11-22,27.3,30.9,24.5,0.40,94,76,19.7
2016-11-23,27.0,30.8,24.0,0.00,92,75,17.5
2016-11-24,27.2,30.5,25.0,4.80,89,74,20.6
2016-11-25,25.2,25.8,24.3,36.10,90,87,25.4
2016-11-26,26.2,27.5,25.4,2.20,91,86,19.0
2016-11-27,27.1,29.7,25.0,0.40,96,86,17.1
2016-11-28,27.3,30.2,25.3,0.00,88,81,17.0
2016-11-29,26.7,29.4,24.9,0.00,91,81,18.5
2016-11-30,26.8,29.1,25.3,0.40,89,80,21.8
2016-12-01,27.1,30.1,24.9,0.00,88,77,20.6
2016-12-02,26.6,29.0,24.8,0.00,86,79,21.7
2016-12-03,26.7,29.1,24.8,0.00,90,80,21.7
2016-12-04,26.8,29.8,24.9,1.00,91,78,19.2
2016-12-05,26.9,29.7,24.9,0.00,89,80,20.8
2016-12-06,27.3,30.2,25.4,0.00,82,73,19.3
2016-12-07,26.0,28.5,24.3,27.00,95,86,21.0
2016-12-08,26.4,28.8,24.8,1.40,92,84,15.9
2016-12-09,26.4,28.7,24.6,0.40,94,85,13.7
2016-12-10,26.4,29.1,25.0,4.90,93,85,8.0
2016-12-11,26.2,28.4,24.2,0.40,92,82,14.5
2016-12-12,26.5,28.8,24.9,33.10,93,83,13.0
2016-12-13,25.1,26.2,24.6,95.60,95,93,9.8
2016-12-14,25.4,27.1,24.2,30.70,96,89,8.4
2016-12-15,25.8,27.5,24.5,0.40,89,83,21.3
2016-12-16,24.4,26.0,23.1,33.20,87,85,21.7
2016-12-17,25.0,25.7,24.2,3.20,82,80,31.3
2016-12-18,25.5,27.0,24.6,3.00,84,81,21.6
2016-12-19,26.1,28.7,24.6,0.00,90,81,17.4
2016-12-20,26.4,29.6,24.6,0.00,89,80,19.8
2016-12-21,25.5,28.3,22.4,0.50,96,85,19.0
2016-12-22,26.0,29.7,23.4,0.00,94,80,14.1
2016-12-23,26.2,29.0,24.2,0.00,86,76,23.8
2016-12-24,25.9,28.3,24.5,0.00,83,78,27.7
2016-12-25,26.3,29.0,24.0,5.50,87,76,25.5
2016-12-26,25.9,27.6,24.5,11.70,94,88,34.0
2016-12-27,26.7,29.7,24.5,0.60,96,87,11.5
2016-12-28,26.8,29.4,24.7,0.40,94,83,15.3
2016-12-29,26.7,29.9,25.1,0.80,90,79,18.5
2016-12-30,26.3,29.0,24.7,0.20,83,78,20.0
2016-12-31,25.9,27.9,24.5,3.90,87,80,24.1
2017-01-01,26.2,29.8,23.4,0.20,93,74,21.7
2017-01-02,26.3,30.1,23.9,0.00,92,76,17.3
2017-01-03,26.3,30.1,23.7,0.20,90,77,17.7
2017-01-04,26.2,28.4,24.3,2.20,96,85,9.4
2017-01-05,24.8,27.4,22.0,4.90,99,88,12.8
2017-01-06,25.3,29.4,22.0,0.10,98,79,15.5
2017-01-07,24.9,29.3,20.8,0.00,96,77,15.8
2017-01-08,24.5,27.1,22.0,0.00,97,85,10.9
2017-01-09,25.7,29.4,23.8,1.00,93,81,12.8
2017-01-10,24.3,24.9,23.2,52.80,97,92,12.1
2017-01-11,24.8,27.7,22.5,12.00,97,89,8.4
2017-01-12,25.6,29.0,23.1,2.80,96,85,16.8
2017-01-13,25.9,29.1,23.5,0.20,100,87,14.1
2017-01-14,26.0,28.4,23.5,0.90,98,83,8.0
2017-01-15,25.9,29.8,23.8,2.70,89,81,13.7
2017-01-16,24.9,28.2,22.0,0.00,93,77,13.7
2017-01-17,24.7,28.1,22.0,0.00,94,76,25.9
2017-01-18,25.0,28.8,21.6,0.00,90,72,20.2
2017-01-19,25.2,28.1,22.3,2.90,96,81,14.0
2017-01-20,25.2,28.8,22.0,0.90,95,78,10.5
2017-01-21,25.2,29.1,22.4,0.00,91,77,13.5
2017-01-22,25.3,28.4,23.3,7.30,98,87,11.9
2017-01-23,25.7,27.8,23.8,1.30,90,81,14.7
2017-01-24,25.3,27.5,23.5,1.10,84,78,18.7
2017-01-25,24.9,27.3,22.5,0.30,93,77,21.7
2017-01-26,24.4,27.7,22.0,1.50,89,80,10.5
2017-01-27,24.5,27.8,22.1,0.50,94,80,15.2
2017-01-28,24.8,27.9,22.1,0.70,94,79,19.1
2017-01-29,25.5,29.0,23.9,0.30,86,79,14.2
2017-01-30,26.0,29.7,23.9,0.30,98,85,11.5
2017-01-31,26.3,29.1,23.9,0.50,99,83,13.2
2017-02-01,25.9,28.6,24.4,6.50,96,88,11.4
2017-02-02,24.9,28.3,22.8,9.50,97,87,11.5
2017-02-03,24.9,28.3,21.8,1.70,95,82,15.7
2017-02-04,25.0,28.5,21.9,0.00,95,77,14.6
2017-02-05,25.2,28.6,22.5,0.00,94,80,9.9
2017-02-06,24.9,27.6,21.8,1.10,95,81,7.6
2017-02-07,25.1,28.9,21.5,0.20,96,77,13.5
2017-02-08,25.0,28.0,22.2,0.80,98,82,13.1
2017-02-09,24.8,27.7,22.2,0.60,93,83,7.3
2017-02-10,24.0,27.0,21.0,0.00,95,80,8.9
2017-02-11,23.4,26.5,20.0,0.10,97,76,18.1
2017-02-12,23.5,27.0,20.6,0.00,91,74,14.3
2017-02-13,23.1,26.9,20.5,1.00,90,73,20.9
2017-02-14,22.9,26.6,19.9,0.00,81,67,23.4
2017-02-15,23.1,27.5,19.8,0.00,94,73,22.7
2017-02-16,24.1,28.5,21.5,0.00,94,73,19.8
2017-02-17,25.3,29.0,23.0,0.20,98,82,12.2
2017-02-18,25.5,28.0,23.3,4.30,97,87,10.1
2017-02-19,24.1,26.5,21.6,2.70,98,83,12.2
2017-02-20,26.2,30.3,23.0,0.00,98,80,19.3
2017-02-21,26.2,30.4,22.2,0.50,98,77,20.0
2017-02-22,25.9,30.5,22.2,0.00,95,77,14.5
2017-02-23,26.7,30.8,23.5,0.00,98,78,18.0
2017-02-24,26.1,29.1,23.8,8.00,96,82,13.0
2017-02-25,26.9,30.6,23.8,0.00,96,75,14.4
2017-02-26,26.3,29.1,23.6,0.70,95,81,11.8
2017-02-27,26.8,31.5,24.0,0.00,94,75,16.6
2017-02-28,26.2,30.5,22.9,0.60,96,77,19.9
2017-03-01,26.7,29.9,24.2,1.20,96,76,11.5
2017-03-02,25.6,28.1,23.0,1.90,94,84,9.0
2017-03-03,26.2,29.5,23.8,0.70,91,77,16.6
2017-03-04,25.5,28.0,22.7,0.50,94,78,18.4
2017-03-05,26.1,31.0,21.8,0.00,91,72,19.2
2017-03-06,26.0,30.5,21.5,0.00,92,73,18.6
2017-03-07,26.2,30.5,22.1,0.00,97,74,16.7
2017-03-08,26.2,30.5,22.6,0.00,94,72,14.6
2017-03-09,26.0,30.5,22.2,0.00,86,68,25.7
2017-03-10,26.2,30.8,22.2,0.00,97,73,21.2
2017-03-11,26.4,31.6,21.6,0.00,92,70,12.6
2017-03-12,27.4,31.6,24.4,0.10,85,67,15.9
2017-03-13,27.2,29.8,25.5,0.30,85,74,19.8
2017-03-14,27.9,31.3,24.3,0.00,95,75,13.9
2017-03-15,27.6,31.5,24.6,0.00,80,68,15.4
2017-03-16,26.9,30.9,23.2,0.00,86,66,16.5
2017-03-17,27.0,31.2,24.0,0.00,78,65,21.7
2017-03-18,26.6,31.0,22.2,0.00,95,65,24.9
2017-03-19,26.4,31.8,22.4,0.00,96,70,25.2
2017-03-20,26.8,31.8,23.3,0.00,87,65,21.0
2017-03-21,25.4,27.1,24.0,3.20,94,85,15.4
2017-03-22,27.8,32.0,24.3,0.20,96,77,13.9
2017-03-23,28.7,32.3,25.2,0.40,92,74,10.7
2017-03-24,28.2,33.4,23.6,0.10,95,73,25.1
2017-03-25,28.3,32.7,24.4,0.10,90,71,23.1
2017-03-26,28.4,33.5,25.2,0.00,90,71,21.4
2017-03-27,28.2,32.2,24.9,1.20,86,67,21.6
2017-03-28,27.7,31.5,24.4,0.40,88,66,25.6
2017-03-29,28.0,33.0,24.0,0.00,90,66,20.2
2017-03-30,27.8,33.3,23.1,0.00,88,65,20.0
2017-03-31,28.4,32.5,24.5,0.00,88,65,15.5
2017-04-01,28.1,32.3,25.3,0.30,86,71,10.2
2017-04-02,26.8,30.9,23.9,0.20,79,65,22.6
2017-04-03,26.0,30.5,22.6,0.00,81,62,20.7
2017-04-04,26.8,31.7,23.5,0.00,79,63,23.1
2017-04-05,27.0,30.8,23.2,0.20,91,65,16.1
2017-04-06,27.7,31.9,24.5,0.00,84,68,17.6
2017-04-07,29.0,33.3,26.2,0.00,82,66,25.3
2017-04-08,29.0,33.2,26.2,0.60,84,72,19.1
2017-04-09,29.4,33.6,25.8,0.10,87,70,19.2
2017-04-10,29.2,33.2,26.5,0.00,86,70,17.4
2017-04-11,29.1,32.3,26.0,0.20,85,72,13.9
2017-04-12,28.7,33.9,24.3,0.00,83,64,23.7
2017-04-13,28.6,33.5,24.0,0.00,89,67,22.1
2017-04-14,28.9,34.2,24.8,0.00,92,66,22.8
2017-04-15,29.3,33.6,26.3,0.20,82,66,15.6
2017-04-16,28.5,31.7,25.9,6.10,91,73,17.6
2017-04-17,28.3,32.2,25.9,2.90,95,80,19.4
2017-04-18,28.8,32.1,26.4,0.20,92,79,16.3
2017-04-19,28.8,31.8,26.6,2.20,88,78,20.3
2017-04-20,29.3,33.0,26.9,3.20,84,74,14.4
2017-04-21,29.3,33.0,26.7,0.90,87,74,13.5
2017-04-22,28.8,32.0,26.0,3.30,92,79,10.5
2017-04-23,28.4,32.0,26.1,5.60,91,78,12.2
2017-04-24,29.4,33.5,26.0,1.30,89,70,9.6
2017-04-25,29.5,33.5,26.1,0.10,85,67,12.3
2017-04-26,29.5,33.0,26.5,2.00,92,71,16.0
2017-04-27,29.4,33.2,27.1,1.70,86,73,15.5
2017-04-28,29.7,32.8,27.1,0.20,83,70,15.8
2017-04-29,29.8,33.5,27.0,2.80,85,71,15.2
2017-04-30,29.2,32.2,26.6,1.20,89,73,15.5
2017-05-01,29.4,32.4,27.0,1.10,86,74,12.1
2017-05-02,29.2,33.8,26.5,6.50,91,75,9.9
2017-05-03,29.1,32.6,26.6,5.70,86,75,10.8
2017-05-04,30.1,34.5,26.8,0.80,86,69,15.8
2017-05-05,30.0,34.7,26.5,1.70,84,66,12.3
2017-05-06,29.7,33.5,26.2,0.10,88,69,13.2
2017-05-07,30.0,34.0,26.5,0.60,87,67,16.6
2017-05-08,30.2,34.9,26.4,0.60,85,65,19.0
2017-05-09,30.0,34.0,27.4,0.20,80,67,16.5
2017-05-10,30.4,35.2,26.8,0.00,83,64,21.0
2017-05-11,29.9,35.0,26.8,0.10,85,66,23.2
2017-05-12,30.8,35.2,27.1,0.00,84,63,23.1
2017-05-13,30.8,35.7,27.5,0.10,80,62,21.6
2017-05-14,30.8,35.8,26.9,0.00,86,62,23.1
2017-05-15,30.5,35.0,27.0,0.00,82,64,20.3
2017-05-16,29.8,33.3,27.7,3.50,87,73,20.6
2017-05-17,29.1,31.6,27.0,5.10,91,79,17.9
2017-05-18,29.2,32.5,27.5,6.30,85,77,15.0
2017-05-19,29.5,33.2,26.9,9.10,92,77,16.8
2017-05-20,29.2,31.2,27.2,5.20,92,80,15.0
2017-05-21,28.7,31.8,26.7,10.70,92,81,23.7
2017-05-22,27.6,30.6,26.0,28.40,97,87,18.7
2017-05-23,28.1,30.1,26.6,5.10,99,86,16.6
2017-05-24,28.0,29.6,26.6,20.00,95,86,17.9
2017-05-25,28.0,30.5,26.5,8.70,94,86,17.5
2017-05-26,27.7,30.3,26.3,15.30,97,88,14.3
2017-05-27,27.9,31.5,26.0,15.10,92,84,8.7
2017-05-28,28.4,31.9,26.4,13.40,94,84,13.0
2017-05-29,28.9,32.4,26.9,2.70,91,81,12.5
2017-05-30,28.1,32.4,25.5,9.90,97,84,12.7
2017-05-31,28.9,31.6,26.8,2.00,95,83,11.6
2017-06-01,29.3,31.5,27.5,1.50,90,81,18.7
2017-06-02,28.7,31.2,26.6,13.10,93,83,24.2
2017-06-03,28.4,30.6,26.9,17.60,91,83,26.7
2017-06-04,28.3,30.5,26.2,13.40,95,84,21.3
2017-06-05,28.0,30.4,26.2,8.80,97,86,18.4
2017-06-06,28.7,32.1,25.6,7.50,93,81,15.9
2017-06-07,28.3,30.5,26.5,6.60,90,82,10.3
2017-06-08,28.5,31.4,26.4,4.00,92,79,16.0
2017-06-09,27.7,30.8,24.9,14.20,94,82,17.0
2017-06-10,27.2,29.1,26.1,8.90,95,88,19.5
2017-06-11,27.8,30.5,25.6,12.40,97,86,15.5
2017-06-12,28.6,31.4,25.9,1.40,96,82,15.8
2017-06-13,29.4,32.5,26.5,0.40,93,76,17.6
2017-06-14,28.8,32.5,26.4,4.30,98,84,13.6
2017-06-15,28.1,31.1,25.7,9.50,98,85,11.5
2017-06-16,29.4,31.9,27.2,0.30,92,80,11.2
2017-06-17,28.8,31.5,26.4,0.60,94,81,16.3
2017-06-18,28.8,31.4,26.0,9.30,93,82,9.7
2017-06-19,28.3,31.5,25.5,3.50,94,81,8.7
2017-06-20,28.2,31.3,26.1,5.50,94,82,9.2
2017-06-21,28.3,30.5,26.6,2.20,93,82,15.7
2017-06-22,27.5,30.9,25.3,18.70,94,86,16.2
2017-06-23,28.1,29.9,26.4,3.20,91,83,12.4
2017-06-24,29.1,32.1,26.8,3.00,95,81,10.4
2017-06-25,28.4,32.2,26.4,15.50,94,83,11.2
2017-06-26,28.6,32.2,26.4,5.60,93,81,11.4
2017-06-27,28.2,31.4,26.0,10.20,95,82,7.9
2017-06-28,27.2,30.0,25.4,24.10,92,85,8.4
2017-06-29,27.3,29.9,25.8,9.60,93,85,12.8
2017-06-30,28.4,31.6,25.8,3.70,94,81,8.5
2017-07-01,27.7,30.6,25.5,22.50,93,83,8.3
2017-07-02,27.6,31.0,26.0,15.80,95,83,11.6
2017-07-03,27.0,29.9,25.2,17.30,93,85,14.1
2017-07-04,26.8,29.0,25.1,13.20,95,87,10.0
2017-07-05,27.7,29.9,25.4,1.10,96,83,14.6
2017-07-06,28.5,31.0,26.0,0.20,95,81,19.4
2017-07-07,27.9,31.3,25.4,8.30,94,82,16.3
2017-07-08,27.4,30.8,25.5,8.20,93,84,18.3
2017-07-09,28.0,30.6,24.9,7.90,94,80,13.2
2017-07-10,27.7,30.0,25.9,7.10,92,83,15.6
2017-07-11,27.5,30.6,24.9,4.30,94,82,18.1
2017-07-12,26.9,29.4,25.4,10.70,95,86,12.6
2017-07-13,26.8,30.3,25.2,12.00,95,86,10.8
2017-07-14,26.9,29.2,25.1,8.40,96,87,15.3
2017-07-15,27.2,28.4,25.8,1.80,91,85,14.3
2017-07-16,26.6,29.0,25.6,13.90,93,88,12.2
2017-07-17,27.5,31.0,25.1,3.20,96,83,14.2
2017-07-18,27.8,30.1,25.4,3.20,95,83,13.7
2017-07-19,27.6,31.4,25.3,7.60,93,82,18.5
2017-07-20,26.7,28.5,25.4,6.90,97,87,13.7
2017-07-21,26.6,28.6,25.2,31.50,93,87,18.8
2017-07-22,27.2,29.5,25.6,7.80,93,84,19.7
2017-07-23,26.6,28.9,25.0,24.30,95,88,14.6
2017-07-24,26.4,28.7,25.0,37.50,96,88,14.3
2017-07-25,26.5,28.6,25.4,37.90,94,87,24.0
2017-07-26,26.3,27.1,25.6,40.70,93,89,23.7
2017-07-27,26.5,28.5,25.7,56.80,94,90,24.5
2017-07-28,26.7,28.0,25.8,34.20,93,88,32.4
2017-07-29,27.3,28.9,26.1,15.20,91,86,35.0
2017-07-30,27.7,29.5,26.9,7.90,90,85,37.1
2017-07-31,27.8,29.5,26.5,3.10,91,84,31.6
2017-08-01,27.4,29.4,25.8,14.80,95,87,26.6
2017-08-02,27.0,29.0,25.6,15.60,95,87,19.2
2017-08-03,26.6,28.5,25.5,34.80,95,89,24.6
2017-08-04,26.6,28.2,25.5,19.30,93,88,20.0
2017-08-05,27.2,28.3,26.3,13.10,90,85,18.2
2017-08-06,27.9,30.1,25.9,1.20,97,85,17.9
2017-08-07,27.9,30.0,26.4,5.20,96,88,12.8
2017-08-08,27.7,30.3,25.4,8.00,96,87,11.5
2017-08-09,28.2,30.3,25.9,0.90,96,84,15.8
2017-08-10,28.3,30.9,25.9,0.40,96,84,14.3
2017-08-11,28.4,31.1,26.2,5.10,94,84,9.7
2017-08-12,28.1,30.8,26.0,5.20,97,85,8.0
2017-08-13,27.8,30.9,25.4,9.40,95,83,9.2
2017-08-14,27.5,30.4,25.5,10.70,95,85,6.9
2017-08-15,28.2,31.6,25.8,6.50,95,83,10.7
2017-08-16,28.3,31.7,26.0,2.00,93,83,7.8
2017-08-17,28.9,32.5,26.3,0.30,94,79,16.0
2017-08-18,27.6,30.9,25.9,13.00,97,86,8.6
2017-08-19,26.7,29.5,24.7,35.00,97,88,12.5
2017-08-20,27.0,29.8,25.4,19.60,96,86,15.3
2017-08-21,26.7,28.0,25.6,43.90,92,87,24.8
2017-08-22,26.7,28.0,25.6,7.00,91,87,28.8
2017-08-23,26.8,29.2,25.0,15.40,99,90,19.1
2017-08-24,26.8,29.0,24.8,16.70,96,88,12.2
2017-08-25,25.7,26.4,25.0,48.70,94,90,21.3
2017-08-26,26.7,28.8,24.9,4.00,96,87,7.6
2017-08-27,28.1,31.4,25.9,0.00,96,82,9.5
2017-08-28,27.6,30.5,25.1,1.90,94,85,9.7
2017-08-29,27.3,29.6,25.8,16.50,94,87,10.0
2017-08-30,27.2,29.9,25.9,26.40,94,86,25.0
2017-08-31,27.0,28.0,26.2,12.90,89,85,35.2
2017-09-01,28.0,29.8,26.5,2.30,89,82,30.8
2017-09-02,27.8,29.8,26.2,3.10,93,85,27.4
2017-09-03,28.1,30.1,26.0,1.80,97,85,20.6
2017-09-04,27.3,30.1,24.1,22.50,95,86,12.5
2017-09-05,27.0,29.0,25.2,4.50,95,87,14.5
2017-09-06,27.6,30.4,24.8,0.30,98,85,12.6
2017-09-07,28.4,30.9,26.0,0.00,95,81,8.7
2017-09-08,28.6,31.9,25.5,0.90,99,85,6.1
2017-09-09,28.4,31.5,26.0,4.50,96,84,9.5
2017-09-10,27.9,30.5,26.0,5.70,96,85,8.8
2017-09-11,26.9,28.8,25.9,26.90,95,89,20.6
2017-09-12,26.5,27.3,25.9,136.40,94,91,33.9
2017-09-13,27.7,30.0,26.1,4.20,92,86,20.8
2017-09-14,27.8,30.9,25.7,7.70,95,86,12.9
2017-09-15,28.0,30.3,25.7,0.60,93,85,12.9
2017-09-16,28.1,31.0,25.8,3.30,94,84,10.3
2017-09-17,27.9,30.3,25.9,1.50,96,86,8.9
2017-09-18,27.3,30.0,25.5,8.20,97,88,10.8
2017-09-19,27.5,30.5,25.5,16.00,93,84,9.7
2017-09-20,27.0,29.3,25.4,16.40,94,87,10.3
2017-09-21,27.3,30.5,25.2,14.70,95,85,8.9
2017-09-22,26.9,29.8,25.5,29.10,96,88,7.2
2017-09-23,26.6,29.0,25.0,5.00,95,87,16.8
2017-09-24,28.3,31.8,25.8,1.40,97,81,18.4
2017-09-25,26.9,30.2,25.2,7.20,97,88,10.5
2017-09-26,26.2,28.0,24.9,7.40,98,91,14.1
2017-09-27,27.8,30.6,26.0,5.70,95,86,10.8
2017-09-28,27.1,29.6,24.9,5.00,96,87,12.9
2017-09-29,26.8,28.6,25.3,12.50,95,88,8.8
2017-09-30,26.7,29.4,24.8,9.50,98,88,11.3
2017-10-01,27.2,29.8,25.5,4.90,96,88,12.2
2017-10-02,27.2,29.8,25.4,6.00,97,87,11.9
2017-10-03,27.2,29.9,24.9,1.20,99,87,6.9
2017-10-04,27.7,30.0,25.8,1.10,96,85,7.6
2017-10-05,26.8,28.9,25.0,5.00,98,89,9.5
2017-10-06,27.3,29.4,25.0,1.60,95,87,10.9
2017-10-07,27.6,29.8,25.9,2.80,93,84,7.3
2017-10-08,26.2,27.2,25.5,36.80,97,92,5.9
2017-10-09,26.1,28.9,24.2,22.90,97,92,8.8
2017-10-10,26.2,29.0,24.8,20.90,96,89,10.1
2017-10-11,27.2,29.5,25.8,3.70,97,89,8.9
2017-10-12,27.1,29.1,26.0,15.70,94,89,21.9
2017-10-13,26.9,28.6,25.7,28.60,93,89,29.8
2017-10-14,26.6,28.5,25.7,41.50,93,91,24.7
2017-10-15,26.6,28.0,25.5,11.20,96,89,13.0
2017-10-16,26.7,29.6,24.3,0.90,98,87,14.0
2017-10-17,27.5,31.0,25.5,2.30,98,85,14.3
2017-10-18,27.2,30.2,24.8,2.00,98,87,12.4
2017-10-19,27.4,29.3,25.3,2.10,96,84,11.2
2017-10-20,28.0,29.9,26.1,2.40,94,84,16.6
2017-10-21,27.0,29.2,25.4,7.70,95,87,22.8
2017-10-22,27.2,29.5,25.3,2.60,95,86,10.9
2017-10-23,26.9,29.5,25.3,3.00,96,86,10.1
2017-10-24,26.8,30.1,23.5,0.50,95,79,11.7
2017-10-25,26.7,29.0,24.9,2.70,92,82,10.8
2017-10-26,26.7,28.9,24.5,2.00,95,82,6.3
2017-10-27,26.8,29.0,24.8,1.90,95,85,11.6
2017-10-28,27.0,29.5,25.1,3.10,94,84,11.4
2017-10-29,26.6,28.4,24.8,0.20,97,87,7.9
2017-10-30,26.9,29.6,24.6,0.80,97,85,9.2
2017-10-31,26.4,28.8,24.4,36.90,93,86,21.6
2017-11-01,25.5,26.5,23.6,16.00,96,91,17.9
2017-11-02,26.2,29.0,24.2,2.40,95,86,20.5
2017-11-03,26.8,29.8,24.5,7.50,98,85,12.0
2017-11-04,26.7,29.4,24.6,8.40,94,86,13.2
2017-11-05,26.7,29.1,25.0,0.70,94,86,19.8
2017-11-06,27.3,30.6,24.0,1.10,99,84,14.9
2017-11-07,27.4,31.0,24.2,1.50,96,83,10.8
2017-11-08,27.5,31.2,25.1,0.70,97,83,11.9
2017-11-09,25.8,27.1,24.8,85.60,93,89,34.2
2017-11-10,26.6,29.0,24.8,15.10,97,88,20.7
2017-11-11,26.8,29.7,23.8,0.70,99,87,11.2
2017-11-12,27.0,30.6,24.1,0.50,98,84,10.6
2017-11-13,27.2,29.8,24.9,0.30,98,84,10.8
2017-11-14,27.3,30.5,24.5,2.80,98,85,10.0
2017-11-15,26.9,30.6,24.1,1.90,99,88,9.5
2017-11-16,27.2,30.8,24.6,0.80,98,83,14.8
2017-11-17,26.7,29.3,24.5,3.50,95,85,12.0
2017-11-18,27.7,30.8,25.3,1.40,99,83,10.9
2017-11-19,27.4,30.1,25.4,0.50,96,84,10.8
2017-11-20,27.1,30.4,24.3,3.10,98,86,9.5
2017-11-21,27.1,30.0,24.6,1.00,98,84,8.3
2017-11-22,27.2,30.6,24.5,0.50,97,84,7.4
2017-11-23,27.6,31.5,25.1,0.30,93,79,13.2
2017-11-24,27.1,30.2,25.0,3.80,94,82,15.1
2017-11-25,27.3,30.7,24.9,1.40,97,83,15.6
2017-11-26,27.0,31.4,23.9,0.30,97,80,14.5
2017-11-27,27.4,31.5,24.3,0.40,96,80,16.7
2017-11-28,27.5,31.6,24.1,0.10,96,80,17.6
2017-11-29,27.8,31.0,25.5,0.90,93,80,14.8
2017-11-30,27.3,30.2,24.5,1.10,96,82,16.2
2017-12-01,27.1,30.5,24.7,2.70,99,85,16.6
2017-12-02,27.6,31.4,25.0,0.70,99,84,9.0
2017-12-03,27.4,31.0,24.6,0.50,99,86,7.3
2017-12-04,27.1,29.4,24.7,0.10,97,85,7.6
2017-12-05,27.0,30.1,24.8,0.80,84,75,18.1
2017-12-06,26.9,30.2,24.8,1.40,96,80,14.8
2017-12-07,26.7,29.6,25.0,30.60,94,84,11.9
2017-12-08,26.7,28.9,24.9,0.70,93,86,15.8
2017-12-09,27.1,29.9,25.0,0.20,91,77,9.8
2017-12-10,26.5,29.8,25.1,2.00,95,85,11.9
2017-12-11,26.3,29.0,25.0,4.30,94,83,15.9
2017-12-12,25.2,26.1,24.4,6.80,92,86,13.1
2017-12-13,26.4,29.0,24.6,0.40,86,77,18.0
2017-12-14,25.9,29.4,23.2,1.30,85,74,14.7
2017-12-15,24.6,28.0,21.6,0.00,86,70,15.2
2017-12-16,23.6,26.2,22.4,4.80,90,79,18.1
2017-12-17,24.5,26.9,22.8,16.20,92,79,28.0
2017-12-18,24.4,26.2,23.2,5.50,96,89,25.9
2017-12-19,25.3,28.0,23.2,4.80,98,90,10.1
2017-12-20,26.4,30.0,24.1,1.80,92,78,15.9
2017-12-21,25.7,28.4,24.1,2.30,82,75,24.0
2017-12-22,26.2,28.9,24.5,0.10,87,76,28.3
2017-12-23,26.6,30.0,23.4,0.10,99,83,15.9
2017-12-24,26.6,30.6,24.0,0.30,98,84,12.1
2017-12-25,27.0,31.0,25.0,0.40,93,79,14.0
2017-12-26,26.3,29.6,24.2,0.40,99,86,11.6
2017-12-27,26.0,29.5,24.3,8.50,96,85,9.8
2017-12-28,25.9,29.3,23.0,0.60,97,82,13.9
2017-12-29,25.2,29.0,22.0,1.20,94,81,12.9
2017-12-30,24.8,28.8,22.5,0.00,91,79,18.7
2017-12-31,25.3,29.2,23.1,0.30,91,76,14.1
2018-01-01,25.2,27.8,23.6,0.90,94,80,16.4
2018-01-02,25.6,28.8,23.5,0.20,90,75,24.0
2018-01-03,25.3,28.5,22.6,4.80,95,81,15.5
2018-01-04,26.1,29.3,23.6,0.00,98,82,20.9
2018-01-05,26.7,30.2,24.3,0.30,91,80,14.8
2018-01-06,26.2,30.6,22.8,0.00,98,80,14.8
2018-01-07,26.0,28.6,23.2,0.00,97,85,12.5
2018-01-08,26.5,29.9,24.0,0.20,98,86,10.6
2018-01-09,26.5,30.1,24.0,0.20,97,85,14.9
2018-01-10,26.3,29.5,23.8,0.70,86,76,14.8
2018-01-11,24.9,28.2,22.0,1.30,80,71,19.5
2018-01-12,23.9,26.3,22.0,0.00,79,71,17.1
2018-01-13,24.1,27.0,22.2,0.00,79,71,18.5
2018-01-14,24.1,27.1,23.0,2.10,91,82,16.9
2018-01-15,25.5,29.0,23.1,0.00,97,77,13.7
2018-01-16,25.7,28.2,23.9,35.60,98,85,11.6
2018-01-17,25.2,27.2,23.8,6.20,99,91,11.6
2018-01-18,26.4,29.8,24.4,14.00,97,86,13.5
2018-01-19,25.6,29.0,23.1,0.00,91,77,15.7
2018-01-20,25.8,30.1,23.2,0.00,96,78,14.3
2018-01-21,26.1,29.8,23.1,0.60,99,82,14.7
2018-01-22,26.0,29.0,22.9,0.40,99,84,6.1
2018-01-23,25.9,28.8,23.4,0.50,97,84,10.7
2018-01-24,25.6,28.3,23.6,5.90,97,86,7.9
2018-01-25,26.3,29.9,23.7,0.80,98,82,13.4
2018-01-26,26.1,28.4,24.0,78.10,96,85,11.6
2018-01-27,24.2,25.0,23.5,43.90,96,88,15.7
2018-01-28,24.7,26.8,22.7,0.70,93,84,17.9
2018-01-29,25.5,28.3,23.1,0.30,97,83,12.4
2018-01-30,25.8,29.3,23.1,0.80,91,79,12.1
2018-01-31,25.1,27.5,22.5,2.30,98,85,9.4
2018-02-01,25.6,28.0,23.5,0.10,96,83,11.8
2018-02-02,25.4,29.0,22.9,1.00,94,81,14.8
2018-02-03,25.3,28.6,22.8,0.00,89,75,17.6
2018-02-04,25.5,29.2,23.5,0.60,87,73,15.0
2018-02-05,24.4,27.2,21.6,1.00,86,78,18.0
2018-02-06,24.0,26.8,21.7,0.50,93,80,14.8
2018-02-07,24.0,26.9,22.0,2.40,95,84,7.3
2018-02-08,24.6,26.8,22.9,1.50,93,83,12.1
2018-02-09,25.6,28.2,23.7,0.90,96,84,12.8
2018-02-10,25.7,27.6,23.6,0.40,97,84,14.4
2018-02-11,26.0,28.4,24.5,0.80,93,84,11.9
2018-02-12,26.2,29.7,23.7,0.50,94,76,19.3
2018-02-13,25.4,28.9,23.1,0.00,87,73,16.2
2018-02-14,25.4,28.3,23.1,0.60,92,80,18.3
2018-02-15,26.5,30.0,23.1,0.30,98,83,15.2
2018-02-16,27.5,31.9,24.5,0.00,93,77,17.8
2018-02-17,27.0,31.9,23.0,0.10,96,75,16.3
2018-02-18,26.4,30.1,22.1,1.20,93,80,17.3
2018-02-19,26.5,31.7,22.6,0.00,96,74,16.8
2018-02-20,27.3,31.9,24.7,1.20,88,75,20.3
2018-02-21,27.7,31.9,24.7,0.00,89,74,19.8
2018-02-22,26.9,31.6,22.1,0.00,99,75,23.1
2018-02-23,26.3,30.6,22.8,0.00,94,73,23.5
2018-02-24,27.1,32.0,23.6,0.00,90,69,14.0
2018-02-25,27.2,30.9,24.4,0.50,88,74,15.9
2018-02-26,27.2,31.2,24.5,0.30,90,74,15.8
2018-02-27,27.0,30.5,24.4,0.90,92,76,18.4
2018-02-28,27.4,31.4,24.3,0.20,98,79,14.7
2018-03-01,27.5,30.9,24.5,1.40,96,78,16.9
2018-03-02,27.6,31.5,24.5,0.20,92,76,16.9
2018-03-03,27.7,31.2,24.8,0.50,91,77,19.3
2018-03-04,27.4,31.6,23.1,0.20,88,73,21.3
2018-03-05,27.8,32.3,24.4,0.00,92,71,21.7
2018-03-06,27.9,32.5,24.1,0.00,95,75,15.8
2018-03-07,27.8,31.8,24.3,1.20,95,75,9.3
2018-03-08,26.7,29.9,24.2,10.20,93,80,7.4
2018-03-09,25.9,28.5,24.2,2.00,91,79,15.9
2018-03-10,25.8,29.5,22.9,0.30,81,69,17.8
2018-03-11,25.7,29.8,23.0,0.00,85,67,18.4
2018-03-12,26.0,29.5,23.1,0.30,89,71,9.7
2018-03-13,26.2,30.1,23.0,0.50,90,72,17.2
2018-03-14,26.6,31.3,22.8,0.00,93,70,18.6
2018-03-15,27.7,32.2,24.5,0.20,81,65,22.7
2018-03-16,27.2,30.5,24.4,1.60,92,76,11.9
2018-03-17,27.4,31.6,23.6,0.00,96,73,18.2
2018-03-18,27.6,32.8,23.1,0.10,92,69,20.3
2018-03-19,27.5,32.5,24.0,0.00,88,70,23.4
2018-03-20,28.0,32.3,24.1,0.60,91,72,10.8
2018-03-21,27.3,30.6,24.5,0.70,90,74,15.8
2018-03-22,25.6,27.9,23.5,1.70,89,75,19.4
2018-03-23,26.4,30.0,23.9,0.00,76,62,17.7
2018-03-24,25.2,29.4,21.8,0.00,79,63,19.5
2018-03-25,25.9,30.6,21.9,0.00,92,66,19.4
2018-03-26,26.4,30.6,22.8,0.00,94,69,13.8
2018-03-27,26.4,30.0,23.5,0.50,86,70,11.2
2018-03-28,26.9,30.1,24.2,0.20,89,69,10.8
2018-03-29,27.0,30.0,24.1,0.50,90,72,10.8
2018-03-30,26.5,30.1,24.4,2.90,86,75,11.5
2018-03-31,26.7,29.7,24.3,0.50,85,69,14.1
2018-04-01,27.2,30.6,24.1,0.10,90,69,12.0
2018-04-02,27.2,30.6,24.6,0.90,89,73,11.2
2018-04-03,27.4,30.6,25.2,0.70,83,74,12.5
2018-04-04,27.4,30.6,24.8,0.00,83,72,13.5
2018-04-05,27.5,31.0,24.5,0.00,85,69,19.7
2018-04-06,28.0,31.7,24.7,0.90,85,65,13.5
2018-04-07,28.4,33.2,25.3,0.00,84,64,18.0
2018-04-08,27.7,31.5,25.1,0.90,88,68,20.7
2018-04-09,26.3,29.9,24.7,36.20,94,84,19.8
2018-04-10,27.8,31.8,24.1,1.80,99,78,18.5
2018-04-11,28.2,32.0,25.5,0.00,89,76,12.2
2018-04-12,28.9,33.3,25.0,0.20,96,73,20.2
2018-04-13,29.1,33.6,25.5,0.00,92,71,18.7
2018-04-14,29.0,33.7,25.1,0.00,92,71,21.0
2018-04-15,28.9,33.0,25.3,0.20,93,72,11.9
2018-04-16,28.7,33.7,24.8,0.10,93,69,13.2
2018-04-17,28.7,33.9,24.5,0.00,92,68,20.9
2018-04-18,28.5,32.8,24.6,0.00,92,69,14.8
2018-04-19,28.8,34.2,24.5,0.00,95,69,18.4
2018-04-20,29.2,34.0,25.4,0.00,87,65,18.2
2018-04-21,29.8,34.8,26.0,0.00,94,68,19.5
2018-04-22,29.5,32.8,26.6,0.50,84,67,13.4
2018-04-23,29.8,34.5,26.1,0.10,87,66,20.3
2018-04-24,30.0,34.0,26.6,0.50,82,66,12.2
2018-04-25,29.2,33.0,26.5,2.20,81,70,11.6
2018-04-26,29.4,33.0,25.8,0.00,89,68,12.2
2018-04-27,29.8,34.2,26.0,0.00,87,65,14.3
2018-04-28,29.8,34.2,26.1,0.10,88,66,15.5
2018-04-29,29.8,34.2,26.2,0.70,87,67,15.3
2018-04-30,30.0,34.3,26.2,0.00,86,65,15.2
2018-05-01,29.7,34.1,26.2,0.40,87,68,16.1
2018-05-02,30.7,36.0,26.9,0.00,83,62,21.4
2018-05-03,30.3,34.6,27.3,0.90,83,66,19.1
2018-05-04,30.9,36.0,27.2,0.20,81,61,19.6
2018-05-05,28.9,31.2,27.1,6.10,80,71,16.4
2018-05-06,30.0,33.3,27.0,0.20,81,66,14.1
2018-05-07,30.2,34.0,26.9,0.10,86,69,13.7
2018-05-08,29.5,33.7,26.9,0.60,84,70,20.6
2018-05-09,30.1,34.0,26.5,0.00,85,64,12.2
2018-05-10,30.1,33.8,26.7,0.10,82,64,12.5
2018-05-11,30.0,34.0,26.8,0.40,83,65,13.2
2018-05-12,29.8,34.0,26.9,0.40,86,69,7.4
2018-05-13,30.2,34.8,27.2,0.10,84,67,12.3
2018-05-14,30.7,34.5,27.7,0.60,84,65,13.0
2018-05-15,30.0,33.2,27.2,5.30,82,69,20.4
2018-05-16,30.3,34.4,26.1,0.10,92,66,14.5
2018-05-17,30.5,34.5,27.4,0.20,79,65,13.1
2018-05-18,30.4,34.5,26.5,1.20,83,66,11.4
2018-05-19,30.4,33.9,27.2,0.20,83,65,15.4
2018-05-20,30.1,33.5,27.3,0.80,85,67,13.3
2018-05-21,29.1,33.3,25.9,1.80,92,74,11.6
2018-05-22,29.6,34.0,26.6,1.70,88,72,8.4
2018-05-23,30.8,34.7,27.6,0.00,82,65,10.2
2018-05-24,30.7,34.9,27.1,0.20,84,66,10.5
2018-05-25,29.8,33.5,26.8,2.80,87,71,12.7
2018-05-26,30.4,34.2,27.1,1.10,85,69,11.3
2018-05-27,30.7,34.2,27.3,0.30,83,68,14.6
2018-05-28,30.7,34.8,27.1,0.00,88,67,19.6
2018-05-29,30.5,34.2,27.5,0.50,84,67,12.2
2018-05-30,30.5,35.0,27.2,0.00,87,67,16.6
2018-05-31,30.7,34.5,27.5,0.10,87,67,14.8
2018-06-01,29.8,34.2,26.5,3.70,88,71,16.6
2018-06-02,28.5,33.8,25.9,11.80,94,78,23.1
2018-06-03,29.2,31.2,27.5,3.10,81,74,19.2
2018-06-04,30.7,34.8,27.7,1.70,89,67,16.5
2018-06-05,29.1,32.5,26.0,8.60,94,78,16.3
2018-06-06,27.9,30.8,26.0,16.20,95,83,17.5
2018-06-07,26.7,28.9,25.8,21.90,97,91,16.4
2018-06-08,26.9,27.5,26.0,52.00,93,90,25.0
2018-06-09,26.2,26.7,25.9,71.20,94,92,30.8
2018-06-10,26.4,27.0,26.0,35.70,92,90,31.9
2018-06-11,26.4,27.1,25.9,42.30,93,91,31.4
2018-06-12,26.6,28.0,25.8,31.80,93,90,31.0
2018-06-13,26.8,28.0,26.0,20.40,92,89,27.5
2018-06-14,27.2,28.6,26.2,11.70,92,87,27.7
2018-06-15,27.4,29.3,25.5,6.00,97,86,24.7
2018-06-16,27.5,30.0,25.9,11.20,92,85,31.2
2018-06-17,27.4,28.9,26.0,5.00,92,86,23.6
2018-06-18,28.6,30.2,27.2,0.50,87,79,20.6
2018-06-19,28.4,30.5,26.0,0.30,96,81,18.7
2018-06-20,27.8,30.1,26.1,7.60,95,85,12.6
2018-06-21,26.9,29.0,25.1,9.60,96,87,12.7
2018-06-22,26.7,29.5,24.5,19.80,97,88,15.5
2018-06-23,27.0,30.5,25.0,10.40,98,87,10.7
2018-06-24,27.4,30.9,24.8,5.60,96,84,9.4
2018-06-25,26.7,28.5,25.0,6.50,96,88,5.8
2018-06-26,26.6,29.0,24.8,10.00,96,89,7.2
2018-06-27,26.6,28.6,25.0,9.80,97,89,8.4
2018-06-28,27.8,29.8,25.3,1.00,97,83,19.7
2018-06-29,27.7,29.5,26.0,2.00,91,83,20.1
2018-06-30,27.3,28.6,25.6,7.70,93,85,19.9
2018-07-01,27.0,29.3,25.6,8.30,93,86,20.6
2018-07-02,27.5,29.0,26.4,4.40,90,85,19.3
2018-07-03,27.3,28.7,26.1,4.20,93,85,21.1
2018-07-04,27.1,28.5,25.4,10.20,93,86,19.8
2018-07-05,27.2,29.5,25.5,12.00,94,85,21.1
2018-07-06,27.2,30.0,25.3,11.20,96,86,18.4
2018-07-07,27.0,29.9,25.4,15.60,95,87,12.8
2018-07-08,26.3,29.1,24.7,18.50,97,91,12.5
2018-07-09,26.7,28.8,25.2,19.80,94,87,21.1
2018-07-10,26.3,27.3,25.6,19.20,93,89,22.5
2018-07-11,26.2,27.8,25.0,31.40,94,90,23.9
2018-07-12,26.4,28.0,24.5,12.90,98,89,17.2
2018-07-13,26.3,28.4,25.3,36.70,95,89,10.4
2018-07-14,25.8,27.2,24.8,67.50,95,92,17.9
2018-07-15,26.1,27.4,25.4,47.20,94,91,24.8
2018-07-16,26.2,27.4,25.4,47.20,93,90,26.6
2018-07-17,25.8,26.1,25.4,62.70,94,92,29.9
2018-07-18,26.8,28.5,25.6,20.00,93,87,27.2
2018-07-19,26.8,28.9,25.5,29.20,93,88,25.9
2018-07-20,26.7,28.7,25.8,19.00,93,88,29.2
2018-07-21,26.7,27.8,26.0,23.60,93,88,39.5
2018-07-22,26.5,27.5,25.3,28.20,94,89,28.9
2018-07-23,25.8,26.9,24.5,35.10,97,92,19.6
2018-07-24,26.1,27.7,24.7,12.60,96,91,15.3
2018-07-25,26.4,28.6,24.9,19.00,95,89,18.1
2018-07-26,25.5,26.8,24.6,43.80,96,92,11.3
2018-07-27,25.7,27.0,24.8,15.20,97,92,12.1
2018-07-28,26.3,27.8,24.8,10.60,96,90,17.3
2018-07-29,26.4,28.1,25.0,5.40,96,89,18.3
2018-07-30,27.0,28.9,25.4,4.10,96,88,18.7
2018-07-31,27.1,28.8,25.4,6.70,96,88,17.2
2018-08-01,27.0,29.5,25.4,18.30,95,88,23.8
2018-08-02,26.7,28.8,25.0,17.20,95,88,16.7
2018-08-03,26.5,28.0,25.0,9.10,94,87,19.9
2018-08-04,26.4,29.2,24.5,14.90,98,88,18.7
2018-08-05,26.7,29.3,25.0,4.20,98,89,14.6
2018-08-06,26.8,28.6,25.2,14.30,95,87,12.0
2018-08-07,27.1,29.5,25.4,8.80,97,86,16.1
2018-08-08,27.1,28.9,26.2,5.40,89,84,23.6
2018-08-09,26.4,27.5,25.8,23.40,93,90,22.8
2018-08-10,26.2,27.5,25.3,38.10,94,91,29.5
2018-08-11,25.9,26.9,25.6,36.10,93,91,33.9
2018-08-12,26.0,27.2,25.2,37.00,93,90,35.0
2018-08-13,26.1,27.5,25.5,30.80,92,90,35.7
2018-08-14,26.9,27.9,26.1,17.50,92,86,34.7
2018-08-15,27.5,29.4,25.9,6.80,90,82,30.2
2018-08-16,27.0,29.1,25.2,6.40,94,86,26.7
2018-08-17,26.7,28.7,25.5,17.70,92,87,23.2
2018-08-18,26.1,27.5,25.0,34.10,93,89,22.6
2018-08-19,26.1,27.1,25.2,19.40,92,89,22.8
2018-08-20,26.5,27.9,25.5,11.30,93,87,26.4
2018-08-21,27.0,28.8,25.7,9.40,93,86,31.2
2018-08-22,27.6,29.5,26.2,4.60,90,82,29.8
2018-08-23,27.7,29.4,26.0,4.90,88,82,30.9
2018-08-24,26.7,28.4,25.9,8.80,91,87,27.7
2018-08-25,26.3,27.8,25.5,12.60,93,88,26.6
2018-08-26,26.8,28.5,25.1,1.00,97,87,21.4
2018-08-27,27.3,30.0,25.0,6.70,98,86,10.4
2018-08-28,27.3,29.8,24.7,0.50,99,86,18.1
2018-08-29,27.9,31.0,25.1,0.00,99,82,13.5
2018-08-30,27.3,30.5,24.8,0.40,96,84,12.4
2018-08-31,26.6,29.4,24.3,8.60,96,88,11.8
2018-09-01,26.3,28.6,24.7,15.20,96,89,9.0
2018-09-02,26.5,29.5,24.2,27.10,96,88,14.1
2018-09-03,26.0,28.0,25.0,17.10,93,88,20.2
2018-09-04,26.1,27.9,24.7,10.20,95,88,16.2
2018-09-05,26.1,28.8,24.4,19.10,97,91,16.1
2018-09-06,25.8,27.7,24.4,56.10,97,91,17.5
2018-09-07,26.1,27.3,25.0,15.90,94,89,23.7
2018-09-08,27.4,29.6,25.2,5.00,94,84,18.2
2018-09-09,27.6,29.8,25.9,2.80,93,86,15.6
2018-09-10,27.1,30.0,25.2,6.80,95,87,14.8
2018-09-11,26.9,29.5,25.0,7.30,94,85,17.2
2018-09-12,26.3,28.8,24.0,12.10,96,88,16.0
2018-09-13,27.1,29.6,25.1,5.10,95,86,13.0
2018-09-14,27.2,28.2,26.0,31.30,92,87,44.8
2018-09-15,26.3,27.1,25.4,24.50,93,89,45.8
2018-09-16,26.3,28.7,24.8,7.10,97,91,11.4
2018-09-17,26.1,29.0,23.8,12.10,99,91,16.6
2018-09-18,27.0,29.2,24.9,3.40,98,88,10.8
2018-09-19,26.7,29.1,25.1,1.60,98,89,7.9
2018-09-20,26.8,30.8,24.6,11.90,96,87,12.7
2018-09-21,26.8,29.4,24.5,4.90,97,89,9.6
2018-09-22,27.2,29.9,24.5,2.40,98,85,7.7
2018-09-23,27.2,30.0,24.7,3.10,97,85,10.9
2018-09-24,27.5,30.0,24.6,1.30,99,86,16.1
2018-09-25,28.0,30.5,26.2,2.80,92,81,16.6
2018-09-26,26.9,30.0,25.0,9.90,97,88,14.7
2018-09-27,27.5,29.8,25.1,3.60,95,84,20.5
2018-09-28,27.6,29.8,25.9,3.70,93,84,18.7
2018-09-29,27.8,30.0,25.4,0.80,94,81,16.0
2018-09-30,27.4,30.1,24.8,0.40,96,83,15.2
2018-10-01,27.3,30.0,24.4,4.20,95,83,9.4
2018-10-02,26.4,28.9,24.3,23.40,98,89,9.4
2018-10-03,26.6,29.6,24.5,6.90,96,85,13.0
2018-10-04,27.0,29.5,24.6,1.30,90,81,12.7
2018-10-05,26.9,29.8,24.0,0.00,92,80,11.7
2018-10-06,27.0,29.8,24.7,0.00,94,82,12.1
2018-10-07,27.3,30.2,24.7,4.90,95,85,8.7
2018-10-08,27.4,30.2,25.7,4.90,94,86,7.0
2018-10-09,27.6,30.0,25.6,2.60,94,86,8.4
2018-10-10,27.6,30.1,25.7,4.30,95,86,8.7
2018-10-11,27.6,29.2,25.4,0.50,95,86,9.7
2018-10-12,28.0,31.0,25.0,0.80,97,83,12.4
2018-10-13,28.2,31.6,25.4,0.60,96,80,14.3
2018-10-14,27.5,30.2,25.8,2.50,92,83,10.7
2018-10-15,26.7,29.2,24.5,5.50,96,90,7.9
2018-10-16,27.3,29.5,25.2,3.60,96,87,6.6
2018-10-17,26.9,30.2,24.0,4.80,98,86,10.5
2018-10-18,27.1,29.5,24.8,4.40,96,87,8.6
2018-10-19,27.4,30.6,24.0,1.90,100,84,11.0
2018-10-20,27.7,31.1,24.9,1.60,98,83,6.8
2018-10-21,27.5,30.8,24.9,1.70,97,84,14.2
2018-10-22,27.6,31.0,24.2,1.00,96,76,15.3
2018-10-23,27.1,29.7,24.4,0.10,96,79,9.4
2018-10-24,26.9,29.5,23.9,1.50,94,82,8.3
2018-10-25,27.4,30.0,24.3,1.60,97,82,10.6
2018-10-26,27.4,30.5,24.4,1.90,92,79,11.7
2018-10-27,27.4,30.8,24.5,0.40,99,83,11.5
2018-10-28,26.8,30.5,23.3,3.30,92,79,15.1
2018-10-29,26.5,28.5,22.9,0.00,92,74,18.0
2018-10-30,26.1,27.4,25.2,30.50,93,90,36.6
2018-10-31,27.5,30.4,25.2,4.50,97,85,13.1
2018-11-01,27.8,31.0,25.1,0.70,96,82,11.3
2018-11-02,27.6,31.0,24.5,0.60,99,82,11.1
2018-11-03,27.5,30.8,24.8,0.90,99,87,7.4
2018-11-04,27.3,32.0,24.0,0.60,98,80,8.9
2018-11-05,27.4,31.4,24.8,1.80,97,80,19.6
2018-11-06,27.5,31.2,24.8,0.90,94,80,18.0
2018-11-07,27.0,30.6,24.2,0.50,94,80,18.0
2018-11-08,27.1,31.6,23.9,0.00,94,77,12.4
2018-11-09,27.0,30.8,24.2,0.50,96,79,14.3
2018-11-10,26.9,31.1,23.8,0.00,93,77,15.4
2018-11-11,26.8,31.2,23.2,0.20,96,76,14.6
2018-11-12,27.0,30.1,24.5,4.70,94,80,10.7
2018-11-13,26.5,29.9,22.2,1.20,99,84,15.8
2018-11-14,27.3,31.7,24.2,0.00,98,77,17.1
2018-11-15,27.1,31.8,23.0,0.00,97,75,16.7
2018-11-16,27.4,31.8,23.5,0.00,93,72,12.6
2018-11-17,27.1,31.6,23.5,1.90,98,76,16.3
2018-11-18,26.9,31.0,23.2,0.40,95,79,12.2
2018-11-19,27.2,30.7,24.1,0.00,91,74,13.9
2018-11-20,27.3,30.4,25.5,0.60,84,73,16.1
2018-11-21,25.7,27.9,23.9,5.50,97,86,11.6
2018-11-22,27.2,30.8,24.2,1.10,94,80,17.1
2018-11-23,26.7,29.7,24.5,1.50,96,84,9.0
2018-11-24,26.8,29.6,24.5,1.80,92,81,9.9
2018-11-25,26.7,30.5,23.2,0.20,96,79,18.9
2018-11-26,26.7,30.0,24.1,0.20,92,79,11.0
2018-11-27,26.7,31.5,23.5,0.40,99,76,15.8
2018-11-28,26.9,30.3,23.9,1.90,98,81,11.3
2018-11-29,27.0,30.6,24.0,1.70,96,79,11.9
2018-11-30,26.4,30.4,23.5,0.00,95,77,17.3
2018-12-01,26.8,31.2,24.0,2.00,92,76,16.7
2018-12-02,26.7,31.4,22.2,0.10,97,77,19.5
2018-12-03,27.8,32.6,24.6,1.80,95,72,11.0
2018-12-04,26.8,31.1,24.3,6.80,99,84,14.7
2018-12-05,27.4,31.2,23.6,1.00,98,80,14.0
2018-12-06,27.6,32.2,23.9,0.20,99,77,20.3
2018-12-07,27.3,31.9,23.4,0.20,98,78,16.7
2018-12-08,27.4,32.0,23.9,0.00,94,73,16.4
2018-12-09,26.9,31.8,22.6,0.20,99,78,17.7
2018-12-10,27.8,31.5,25.1,0.60,90,74,11.2
2018-12-11,27.4,31.6,23.5,0.00,98,77,11.2
2018-12-12,27.4,32.2,24.1,0.10,92,74,15.6
2018-12-13,27.3,31.1,24.5,2.10,89,75,17.7
2018-12-14,26.7,30.2,24.6,2.90,92,78,15.8
2018-12-15,26.9,30.9,24.2,0.00,89,74,20.6
2018-12-16,26.9,30.4,24.5,3.80,96,79,13.1
2018-12-17,26.6,30.0,22.9,0.70,94,76,11.2
2018-12-18,26.3,30.9,22.8,0.00,96,75,18.0
2018-12-19,26.0,30.9,22.2,0.90,94,76,17.1
2018-12-20,26.0,29.2,23.4,6.30,94,79,13.7
2018-12-21,25.3,27.2,23.1,7.50,99,90,11.2
2018-12-22,27.0,31.1,24.4,0.90,98,81,14.1
2018-12-23,24.5,25.4,23.6,105.70,99,96,14.3
2018-12-24,25.4,27.0,24.2,5.30,97,92,6.5
2018-12-25,26.5,29.5,23.9,0.30,97,86,13.4
2018-12-26,26.2,29.0,23.2,0.80,99,88,5.4
2018-12-27,26.0,28.2,24.2,1.20,97,87,13.4
2018-12-28,24.8,27.3,23.2,36.10,94,87,25.7
2018-12-29,22.7,23.6,21.5,59.40,95,88,26.7
2018-12-30,23.4,25.0,22.0,29.20,97,92,15.9
2018-12-31,24.5,27.0,22.8,36.00,99,92,21.4
2019-01-01,25.7,28.8,22.5,1.90,96,84,20.8
2019-01-02,25.8,29.5,22.0,0.20,99,82,17.7
2019-01-03,26.1,29.5,23.1,6.00,94,82,14.8
2019-01-04,25.2,29.6,22.0,0.20,97,82,20.1
2019-01-05,25.2,29.5,21.4,0.10,98,81,20.7
2019-01-06,24.5,28.2,21.0,1.80,98,83,15.2
2019-01-07,24.5,28.8,20.7,0.00,99,81,19.1
2019-01-08,25.2,29.3,21.9,0.00,98,80,20.5
2019-01-09,25.2,29.1,21.9,1.10,97,82,15.9
2019-01-10,25.2,29.5,22.4,0.50,99,83,19.4
2019-01-11,25.4,29.4,22.2,1.00,98,82,18.9
2019-01-12,25.9,30.0,23.2,0.30,94,78,12.3
2019-01-13,25.3,29.6,21.1,0.30,98,79,13.2
2019-01-14,24.8,30.0,21.0,0.00,100,80,21.7
2019-01-15,24.9,29.0,20.9,0.00,100,79,18.7
2019-01-16,24.2,28.8,20.5,0.00,99,80,18.1
2019-01-17,25.0,29.8,21.4,0.00,99,76,13.2
2019-01-18,24.4,28.8,20.5,0.10,99,77,22.7
2019-01-19,25.1,29.2,21.4,0.00,100,80,21.3
2019-01-20,25.6,30.0,22.2,0.00,97,79,14.4
2019-01-21,25.8,29.0,23.5,0.00,90,75,18.9
2019-01-22,26.2,29.6,24.0,0.00,85,72,17.3
2019-01-23,25.7,28.8,23.4,0.40,87,75,17.7
2019-01-24,25.9,29.6,22.5,1.10,95,76,15.5
2019-01-25,25.5,29.4,21.9,0.00,94,75,12.2
2019-01-26,24.5,27.8,21.2,0.70,90,73,17.3
2019-01-27,23.9,27.4,19.8,0.30,96,73,19.6
2019-01-28,23.6,27.4,20.0,0.20,97,75,17.6
2019-01-29,23.4,27.8,20.0,0.10,96,77,23.4
2019-01-30,24.2,28.9,21.0,0.00,98,76,18.4
2019-01-31,24.9,29.0,22.1,0.00,94,80,19.9
2019-02-01,24.3,28.5,20.9,0.50,97,74,17.8
2019-02-02,24.6,28.8,21.0,0.30,99,78,25.1
2019-02-03,25.7,30.0,23.0,0.00,90,77,13.0
2019-02-04,25.2,30.2,20.4,0.30,99,75,19.7
2019-02-05,25.4,29.5,21.3,0.00,90,71,15.8
2019-02-06,24.9,28.9,20.9,0.00,93,74,17.7
2019-02-07,24.7,29.4,20.2,0.00,98,71,16.9
2019-02-08,25.2,29.4,20.5,0.00,100,78,23.4
2019-02-09,25.9,30.5,22.6,0.00,96,75,24.3
2019-02-10,26.1,30.4,22.4,0.90,98,77,17.6
2019-02-11,25.6,30.6,21.2,0.00,97,74,20.9
2019-02-12,26.1,29.8,22.6,0.00,94,72,23.0
2019-02-13,25.3,29.4,21.1,0.50,98,78,21.1
2019-02-14,25.2,30.5,20.0,0.10,96,68,21.3
2019-02-15,25.9,30.2,21.9,0.00,94,66,19.8
2019-02-16,25.6,30.9,21.0,0.00,95,72,20.1
2019-02-17,26.2,29.9,24.0,0.20,80,69,20.7
2019-02-18,26.0,30.0,22.4,0.00,92,67,26.1
2019-02-19,26.2,30.6,21.8,0.00,93,67,24.9
2019-02-20,25.7,30.2,21.9,0.10,81,64,24.7
2019-02-21,26.0,30.2,21.4,0.00,95,66,22.9
2019-02-22,25.6,29.0,21.4,0.00,97,73,16.1
2019-02-23,25.6,29.8,20.6,0.00,97,71,13.0
2019-02-24,25.9,30.0,22.5,0.00,93,71,19.2
2019-02-25,26.2,29.4,23.4,0.00,83,70,15.9
2019-02-26,25.9,29.4,23.0,0.90,78,67,17.3
2019-02-27,25.8,30.4,21.5,0.10,96,70,20.0
2019-02-28,26.2,30.2,22.5,0.60,95,73,21.2
2019-03-01,26.2,29.9,22.2,0.00,93,71,16.6
2019-03-02,25.9,31.0,20.5,0.20,88,62,18.9
2019-03-03,26.8,30.7,23.2,0.20,94,72,14.8
2019-03-04,27.6,31.9,24.6,0.00,86,69,20.7
2019-03-05,27.1,31.8,22.7,0.00,88,68,23.6
2019-03-06,27.3,31.9,23.4,0.00,91,71,22.7
2019-03-07,27.6,31.6,24.0,1.20,88,70,17.1
2019-03-08,27.6,32.3,23.8,0.10,86,66,24.3
2019-03-09,27.2,32.1,21.9,0.00,95,68,18.6
2019-03-10,27.3,32.3,24.5,0.00,91,70,18.5
2019-03-11,27.4,31.9,24.1,0.10,93,73,20.9
2019-03-12,27.6,31.5,24.5,2.40,94,74,13.9
2019-03-13,27.7,31.5,24.2,0.60,80,66,13.9
2019-03-14,27.8,30.6,24.5,0.90,91,67,15.8
2019-03-15,26.6,30.0,24.6,3.30,93,80,11.5
2019-03-16,26.9,31.5,23.6,0.10,94,69,19.6
2019-03-17,27.6,32.0,24.4,0.40,86,68,17.0
2019-03-18,27.8,33.0,22.6,0.00,98,68,21.3
2019-03-19,27.9,33.2,22.5,0.00,98,67,20.3
2019-03-20,27.8,33.2,22.5,0.00,94,64,24.5
2019-03-21,27.9,33.0,23.1,0.00,91,65,22.2
2019-03-22,28.3,32.7,23.5,0.00,91,64,17.7
2019-03-23,27.9,32.8,24.4,0.00,82,65,19.3
2019-03-24,27.4,32.3,23.2,0.60,90,62,22.4
2019-03-25,27.3,32.2,21.9,0.00,96,66,23.9
2019-03-26,28.2,32.2,25.0,0.00,82,60,16.0
2019-03-27,28.3,31.6,25.2,0.00,84,65,23.0
2019-03-28,28.6,32.3,25.5,0.40,85,68,19.0
2019-03-29,28.6,33.9,24.3,0.10,86,67,21.0
2019-03-30,28.2,33.1,24.3,0.10,80,65,20.8
2019-03-31,28.5,33.4,24.6,0.00,84,63,26.4
2019-04-01,28.0,33.0,23.5,0.20,84,65,20.5
2019-04-02,28.3,33.0,24.9,0.60,83,62,18.8
2019-04-03,28.7,33.0,24.9,0.00,84,61,16.6
2019-04-04,28.7,33.2,25.5,0.00,81,65,28.2
2019-04-05,29.5,34.0,25.8,0.20,86,64,16.2
2019-04-06,29.2,33.2,25.6,0.00,82,66,19.9
2019-04-07,29.8,34.2,26.4,0.00,80,64,13.7
2019-04-08,29.7,34.8,25.9,0.00,84,61,24.2
2019-04-09,30.0,34.3,26.8,0.50,84,68,25.0
2019-04-10,30.1,35.2,26.5,0.00,79,63,25.0
2019-04-11,29.3,32.4,26.1,0.60,92,71,20.7
2019-04-12,29.2,33.5,26.9,0.90,91,75,12.0
2019-04-13,29.8,33.2,26.6,0.70,84,69,15.9
2019-04-14,30.3,35.2,26.6,0.30,80,62,20.4
2019-04-15,29.9,34.1,26.1,0.00,86,64,15.1
2019-04-16,30.3,33.7,27.4,1.20,84,63,12.5
2019-04-17,30.1,33.7,27.3,0.40,83,66,17.4
2019-04-18,30.2,34.1,27.0,1.10,83,68,11.4
2019-04-19,30.4,34.7,26.8,0.10,88,66,13.3
2019-04-20,30.1,35.7,25.2,0.00,84,59,23.3
2019-04-21,30.8,35.2,27.6,0.10,81,63,14.0
2019-04-22,30.4,35.8,26.4,0.00,82,61,26.1
2019-04-23,30.3,35.3,26.3,0.00,85,59,24.5
2019-04-24,30.2,35.0,26.2,0.00,81,62,24.0
2019-04-25,30.4,36.1,26.1,0.00,85,59,22.1
2019-04-26,30.1,35.8,26.0,0.00,80,60,22.9
2019-04-27,29.3,35.2,23.8,0.00,90,61,25.1
2019-04-28,29.7,35.2,26.8,0.60,80,65,18.5
2019-04-29,30.0,34.9,26.3,0.10,83,62,18.7
2019-04-30,30.4,35.1,26.5,0.00,83,61,17.3
2019-05-01,30.2,34.2,27.0,0.80,86,67,20.3
2019-05-02,28.9,33.8,25.8,3.60,94,74,18.2
2019-05-03,29.6,33.2,26.7,0.80,82,71,20.1
2019-05-04,29.4,32.3,27.1,1.80,84,71,15.5
2019-05-05,28.8,31.9,26.6,6.80,93,78,23.1
2019-05-06,27.6,30.0,25.9,18.20,93,85,20.9
2019-05-07,27.2,29.5,25.9,24.40,96,89,19.7
2019-05-08,27.2,30.0,25.5,20.00,96,88,12.2
2019-05-09,27.7,30.8,25.6,15.60,96,85,20.2
2019-05-10,28.2,30.5,26.5,2.90,92,82,18.9
2019-05-11,27.9,30.1,26.0,9.10,95,85,16.5
2019-05-12,28.6,31.0,26.4,3.10,97,84,13.4
2019-05-13,28.8,32.5,26.0,6.50,93,82,12.2
2019-05-14,29.7,33.0,26.8,1.30,93,79,10.6
2019-05-15,29.7,32.2,27.2,0.40,92,77,11.2
2019-05-16,30.0,33.5,26.5,0.80,93,74,17.8
2019-05-17,29.7,32.3,27.5,3.40,89,78,16.5
2019-05-18,29.6,32.1,27.3,1.00,91,77,21.0
2019-05-19,29.6,32.0,27.0,0.10,96,80,20.1
2019-05-20,29.1,32.0,26.6,2.50,93,81,15.5
2019-05-21,28.9,31.5,26.8,4.60,91,81,16.1
2019-05-22,28.5,31.0,26.1,6.50,97,84,17.1
2019-05-23,28.6,31.4,26.2,9.10,94,82,16.3
2019-05-24,28.2,31.7,25.7,5.30,93,81,8.4
2019-05-25,28.1,30.4,25.9,7.20,94,82,17.3
2019-05-26,26.8,29.4,25.4,9.40,95,88,9.6
2019-05-27,27.6,31.8,25.5,7.30,96,85,13.6
2019-05-28,28.3,32.2,25.5,6.00,96,82,10.2
2019-05-29,29.2,32.3,27.0,2.00,91,79,6.7
2019-05-30,29.7,33.1,26.8,0.20,91,76,8.9
2019-05-31,30.1,33.6,27.2,1.00,95,75,14.0
2019-06-01,30.4,34.2,27.4,0.20,89,73,14.7
2019-06-02,30.8,34.5,26.9,0.60,94,69,20.3
2019-06-03,29.8,33.5,27.2,1.40,88,75,17.7
2019-06-04,29.7,33.6,26.0,9.50,94,74,10.8
2019-06-05,30.3,33.3,27.0,0.30,84,69,18.1
2019-06-06,30.6,35.0,27.2,0.00,84,66,19.3
2019-06-07,30.7,34.3,27.4,0.10,86,67,18.3
2019-06-08,30.5,35.0,26.5,2.00,93,69,12.2
2019-06-09,29.5,34.5,26.5,6.60,91,76,18.2
2019-06-10,28.8,32.5,26.3,9.60,93,80,21.0
2019-06-11,28.7,31.8,26.7,21.00,93,83,21.1
2019-06-12,29.0,30.8,26.7,2.30,91,82,17.9
2019-06-13,28.4,30.2,27.0,10.10,94,86,21.7
2019-06-14,28.4,31.2,26.8,10.70,93,85,26.1
2019-06-15,28.7,30.9,26.5,4.70,92,84,23.7
2019-06-16,28.2,31.5,25.5,10.80,96,85,22.1
2019-06-17,28.9,33.1,26.5,4.10,95,82,17.8
2019-06-18,29.4,32.8,26.6,0.00,91,76,18.8
2019-06-19,29.4,32.5,26.2,4.30,95,78,12.3
2019-06-20,29.4,32.7,26.9,5.10,93,80,10.8
2019-06-21,28.9,32.2,26.1,4.50,96,82,15.9
2019-06-22,28.8,32.2,26.2,4.90,95,81,17.6
2019-06-23,28.3,31.4,26.2,14.70,95,85,22.7
2019-06-24,27.7,30.0,25.3,11.60,95,85,17.5
2019-06-25,27.7,29.5,26.3,6.00,93,86,15.9
2019-06-26,27.3,29.8,26.0,14.90,93,88,18.6
2019-06-27,26.8,28.8,25.8,46.80,93,89,22.3
2019-06-28,27.1,28.8,26.0,14.00,93,88,27.7
2019-06-29,26.8,28.1,26.0,26.90,93,88,28.7
2019-06-30,26.6,28.4,26.0,28.30,94,90,26.2
2019-07-01,26.2,26.9,25.6,48.90,95,91,23.5
2019-07-02,27.0,28.8,25.4,6.40,96,90,10.2
2019-07-03,28.3,31.1,25.9,0.40,94,82,11.2
2019-07-04,28.2,31.4,25.5,6.30,95,81,12.3
2019-07-05,27.7,29.8,25.5,4.80,96,86,15.5
2019-07-06,27.9,30.1,25.8,4.50,93,84,19.0
2019-07-07,28.2,30.5,26.3,3.00,94,84,17.8
2019-07-08,28.4,30.4,26.3,4.30,94,80,18.7
2019-07-09,28.0,30.0,25.9,6.80,96,84,19.0
2019-07-10,27.7,30.0,25.0,12.10,94,85,20.1
2019-07-11,28.5,31.0,25.8,0.60,97,83,12.2
2019-07-12,28.2,31.6,25.4,10.00,95,84,8.5
2019-07-13,28.1,30.7,26.1,6.20,94,83,14.0
2019-07-14,27.4,30.5,25.8,8.80,95,85,14.7
2019-07-15,26.9,28.5,25.2,10.40,98,87,10.2
2019-07-16,26.4,27.5,25.6,29.30,93,89,27.6
2019-07-17,26.2,26.6,25.7,32.40,93,90,38.4
2019-07-18,27.2,28.6,26.1,9.80,92,87,29.3
2019-07-19,28.1,30.4,26.4,3.70,90,83,24.5
2019-07-20,27.8,29.9,25.5,7.60,96,87,14.0
2019-07-21,27.2,29.8,25.6,8.50,97,88,9.7
2019-07-22,27.1,30.4,25.5,11.30,96,87,10.6
2019-07-23,26.7,28.9,25.2,3.90,97,89,9.2
2019-07-24,27.0,29.5,25.4,14.10,95,88,14.5
2019-07-25,26.9,29.2,25.4,13.20,95,88,18.9
2019-07-26,27.0,28.9,25.4,6.40,95,87,17.8
2019-07-27,26.3,28.5,24.8,13.00,96,89,14.8
2019-07-28,26.0,27.9,25.1,34.10,93,90,18.8
2019-07-29,26.4,29.0,25.2,24.60,95,90,18.1
2019-07-30,26.4,28.9,24.9,2.60,98,89,20.0
2019-07-31,27.4,29.5,25.9,3.20,95,85,20.5
2019-08-01,27.0,29.1,25.9,15.30,94,87,26.3
2019-08-02,26.2,27.5,25.3,33.30,94,90,24.6
2019-08-03,25.7,26.0,25.4,82.60,93,91,34.4
2019-08-04,25.9,26.3,25.5,89.70,93,91,34.2
2019-08-05,26.5,27.6,25.6,11.60,93,89,25.8
2019-08-06,26.4,27.5,25.8,27.20,93,90,28.3
2019-08-07,26.7,27.8,26.0,10.80,92,88,33.7
2019-08-08,26.9,28.5,26.0,12.80,92,88,40.0
2019-08-09,27.0,28.5,26.0,19.70,92,87,36.1
2019-08-10,27.6,28.5,26.4,8.30,91,83,32.4
2019-08-11,28.3,29.5,27.4,2.60,84,79,33.2
2019-08-12,27.9,29.7,26.8,4.50,88,82,29.2
2019-08-13,27.6,29.1,26.4,11.80,90,84,32.6
2019-08-14,28.1,29.8,27.0,4.10,89,83,27.8
2019-08-15,28.2,29.5,27.3,0.80,87,82,26.7
2019-08-16,28.1,30.0,26.4,2.20,92,83,24.2
2019-08-17,27.9,29.8,26.4,2.40,91,85,21.3
2019-08-18,27.8,30.1,25.7,5.70,95,86,17.6
2019-08-19,27.6,30.1,25.9,6.10,96,87,18.9
2019-08-20,27.3,29.5,25.6,7.90,95,87,19.0
2019-08-21,26.3,28.7,24.1,16.10,97,89,18.7
2019-08-22,27.0,28.6,25.7,17.90,93,86,17.4
2019-08-23,26.8,27.9,25.4,21.50,93,87,26.4
2019-08-24,26.4,27.9,25.8,13.80,94,90,26.6
2019-08-25,26.9,28.9,25.5,20.80,96,89,18.5
2019-08-26,26.7,29.5,24.9,74.90,96,89,17.4
2019-08-27,26.0,26.5,25.5,36.00,95,91,14.3
2019-08-28,26.5,28.9,25.1,10.10,96,89,19.8
2019-08-29,26.7,28.5,25.2,17.60,93,86,18.6
2019-08-30,27.0,29.2,25.2,6.70,94,86,15.2
2019-08-31,26.0,28.0,24.7,14.00,95,90,10.2
2019-09-01,26.7,30.6,24.4,16.00,94,85,13.3
2019-09-02,26.6,28.4,25.6,15.80,93,88,21.9
2019-09-03,26.4,28.1,24.9,9.00,99,90,25.8
2019-09-04,28.4,30.1,27.4,0.10,83,78,23.4
2019-09-05,28.1,29.7,26.9,2.10,87,80,27.6
2019-09-06,27.8,30.2,26.2,4.80,92,82,29.8
2019-09-07,27.2,29.2,25.8,16.70,93,86,30.6
2019-09-08,26.8,28.9,25.9,16.00,93,89,26.9
2019-09-09,26.6,28.0,26.0,16.90,93,89,24.3
2019-09-10,26.4,28.0,24.8,14.40,95,88,15.3
2019-09-11,26.1,27.6,24.8,10.50,96,90,13.3
2019-09-12,25.6,27.0,24.4,216.20,98,92,31.1
2019-09-13,26.4,28.5,25.0,23.50,97,91,9.5
2019-09-14,26.6,29.5,25.3,17.30,94,88,15.5
2019-09-15,25.9,27.1,25.2,30.20,94,91,25.3
2019-09-16,25.7,26.5,25.3,29.90,93,91,24.8
2019-09-17,26.0,27.8,24.8,31.80,92,88,32.4
2019-09-18,26.0,27.2,25.1,18.90,93,88,31.3
2019-09-19,26.0,27.6,25.2,26.70,93,89,21.9
2019-09-20,25.5,26.8,24.5,42.60,94,90,24.1
2019-09-21,26.4,28.9,23.5,0.60,98,83,17.3
2019-09-22,26.8,29.6,23.8,0.00,96,82,12.8
2019-09-23,27.6,30.5,24.7,0.60,97,84,9.4
2019-09-24,27.3,29.3,25.0,1.90,98,87,6.0
2019-09-25,27.4,30.1,25.0,3.00,99,87,6.2
2019-09-26,27.5,29.9,25.6,5.20,95,86,8.2
2019-09-27,27.9,30.2,25.6,1.30,97,86,6.8
2019-09-28,28.1,30.6,25.6,2.10,94,84,9.4
2019-09-29,27.5,29.7,26.0,6.90,93,84,17.9
2019-09-30,27.0,28.5,25.9,6.40,93,87,22.0
2019-10-01,27.1,29.6,24.9,2.90,98,88,12.6
2019-10-02,26.5,30.0,24.2,4.60,98,89,8.7
2019-10-03,27.0,30.3,24.2,2.70,96,84,10.3
2019-10-04,26.7,29.0,24.9,8.80,95,87,10.6
2019-10-05,27.3,30.0,24.8,0.50,96,85,12.5
2019-10-06,27.3,30.4,24.2,1.80,99,84,10.5
2019-10-07,27.7,32.0,24.4,0.30,96,80,10.9
2019-10-08,27.9,31.1,24.8,3.00,99,82,6.6
2019-10-09,27.3,31.1,24.8,2.10,99,85,8.9
2019-10-10,27.2,30.4,24.4,2.50,95,84,9.7
2019-10-11,26.9,29.4,24.6,4.50,99,85,15.0
2019-10-12,27.0,30.4,25.0,1.80,94,82,11.0
2019-10-13,27.4,30.9,24.4,0.70,96,77,14.5
2019-10-14,27.0,30.9,23.5,0.60,98,80,10.4
2019-10-15,27.3,31.2,23.6,0.80,99,79,12.9
2019-10-16,27.3,31.1,24.2,0.80,98,81,10.1
2019-10-17,27.6,30.6,24.6,0.40,97,82,9.3
2019-10-18,28.1,30.6,25.6,0.90,95,80,11.1
2019-10-19,27.7,30.4,25.5,8.70,93,84,9.0
2019-10-20,27.6,30.9,25.1,3.60,95,82,14.0
2019-10-21,27.7,30.1,24.8,0.30,97,83,9.7
2019-10-22,27.7,30.5,24.9,0.60,95,80,6.5
2019-10-23,27.9,30.8,25.0,3.30,93,80,7.9
2019-10-24,27.7,30.6,24.5,1.90,96,83,11.2
2019-10-25,28.0,31.4,24.7,1.20,97,78,10.5
2019-10-26,27.9,32.2,24.5,0.10,97,77,13.2
2019-10-27,28.2,32.2,25.1,4.10,95,77,18.2
2019-10-28,27.4,30.8,25.3,2.70,95,82,17.1
2019-10-29,28.0,31.0,25.6,0.70,93,79,21.3
2019-10-30,26.8,30.0,24.1,1.80,98,87,11.2
2019-10-31,27.8,32.0,24.9,12.30,95,80,12.6
2019-11-01,26.6,29.5,25.4,31.80,95,88,8.9
2019-11-02,26.7,29.4,24.6,6.10,96,88,10.9
2019-11-03,26.8,29.2,24.0,11.30,97,86,14.8
2019-11-04,27.0,30.0,25.0,7.90,96,87,17.6
2019-11-05,26.9,29.3,25.5,11.90,95,88,10.5
2019-11-06,26.8,30.0,25.6,9.60,96,89,14.5
2019-11-07,26.9,29.6,24.9,0.70,96,85,15.6
2019-11-08,27.1,30.8,24.6,8.70,95,85,14.5
2019-11-09,27.1,30.6,24.9,5.50,96,87,8.0
2019-11-10,26.4,29.0,23.9,0.20,92,84,10.8
2019-11-11,26.8,29.8,25.3,0.50,98,83,10.8
2019-11-12,26.6,28.9,24.2,0.90,88,81,10.1
2019-11-13,26.4,29.4,24.0,0.00,91,78,15.0
2019-11-14,25.6,27.2,24.0,1.90,96,85,14.7
2019-11-15,26.9,29.8,24.6,4.60,99,84,14.4
2019-11-16,27.3,29.8,25.0,1.30,99,86,9.6
2019-11-17,27.7,29.6,25.1,0.80,95,82,13.0
2019-11-18,27.0,29.6,24.1,0.70,97,85,21.3
2019-11-19,27.9,30.5,25.1,0.30,93,81,10.3
2019-11-20,27.1,30.3,25.0,6.90,95,84,16.8
2019-11-21,26.7,29.1,24.5,1.30,97,86,9.1
2019-11-22,26.9,29.2,24.8,3.60,96,86,6.9
2019-11-23,26.7,29.4,24.6,0.90,96,88,9.7
2019-11-24,27.1,31.2,24.1,1.70,100,85,9.0
2019-11-25,26.9,30.6,24.4,6.60,97,86,9.7
2019-11-26,27.0,31.0,24.1,2.10,99,82,18.4
2019-11-27,27.5,31.6,25.0,1.60,100,82,15.8
2019-11-28,27.5,31.0,25.1,0.40,91,74,16.1
2019-11-29,26.3,30.6,23.1,0.00,94,76,17.2
2019-11-30,25.6,29.6,22.5,0.00,95,75,15.9
2019-12-01,26.4,30.5,23.5,0.00,82,69,18.5
2019-12-02,27.1,30.4,25.2,1.10,79,71,28.6
2019-12-03,25.7,26.4,23.9,51.30,87,84,42.3
2019-12-04,27.2,30.2,25.2,0.70,93,82,24.5
2019-12-05,26.9,29.5,25.0,1.40,94,85,7.1
2019-12-06,26.4,28.9,23.9,1.00,98,87,13.0
2019-12-07,26.3,29.0,24.1,0.70,95,82,12.6
2019-12-08,25.6,29.6,23.0,0.00,91,76,13.4
2019-12-09,25.7,29.4,23.1,0.00,94,77,13.8
2019-12-10,25.5,28.4,22.9,4.30,96,84,11.3
2019-12-11,26.2,29.2,23.5,1.90,96,85,5.8
2019-12-12,26.0,30.0,22.7,1.30,100,83,16.6
2019-12-13,26.6,31.4,22.7,0.20,100,80,12.5
2019-12-14,27.0,31.1,23.6,0.20,99,81,14.0
2019-12-15,27.1,31.3,24.5,0.30,100,82,17.8
2019-12-16,26.8,31.3,23.0,0.00,100,82,19.8
2019-12-17,26.5,31.5,22.0,0.00,99,78,17.3
2019-12-18,26.9,31.5,23.2,0.30,98,77,17.0
2019-12-19,26.5,30.8,23.0,1.80,97,80,10.8
2019-12-20,26.6,30.5,23.1,1.30,97,80,14.5
2019-12-21,26.4,30.6,23.0,2.30,98,80,16.0
2019-12-22,26.5,30.4,22.9,0.00,97,79,10.1
2019-12-23,25.9,28.5,22.2,2.30,100,85,11.7
2019-12-24,26.8,31.6,24.5,0.50,87,71,18.3
2019-12-25,26.3,29.2,24.6,27.20,95,80,22.3
2019-12-26,26.8,29.7,24.2,4.30,95,84,20.1
2019-12-27,27.2,30.0,24.9,0.20,89,79,16.3
2019-12-28,26.8,30.2,23.0,0.20,95,76,23.0
2019-12-29,26.4,30.3,23.5,0.00,94,76,24.7
2019-12-30,26.5,30.9,23.4,0.10,96,79,13.6
2019-12-31,26.9,31.1,24.0,0.80,96,76,14.6
2020-01-01,26.4,30.8,22.8,2.70,99,83,20.7
2020-01-02,26.6,31.2,22.5,0.00,93,75,17.5
2020-01-03,26.1,31.0,22.3,0.00,93,71,17.6
2020-01-04,26.3,31.0,23.1,0.00,95,75,17.7
2020-01-05,26.2,30.5,23.2,0.00,89,71,20.7
2020-01-06,26.6,31.6,23.0,0.00,90,69,19.1
2020-01-07,26.7,31.8,23.5,10.80,97,79,18.0
2020-01-08,26.2,29.5,23.0,1.20,95,82,9.4
2020-01-09,25.9,30.6,22.6,0.00,96,77,13.3
2020-01-10,25.8,29.9,22.1,2.20,97,79,14.5
2020-01-11,26.3,30.2,23.1,1.40,96,79,12.7
2020-01-12,26.1,29.2,23.0,2.00,97,81,7.3
2020-01-13,26.0,28.9,23.4,1.40,96,83,14.5
2020-01-14,26.1,29.3,22.8,1.20,97,79,11.2
2020-01-15,26.4,30.5,23.1,0.80,97,77,15.9
2020-01-16,27.1,31.0,24.3,0.00,93,77,11.6
2020-01-17,26.5,29.0,24.3,1.80,96,85,7.4
2020-01-18,26.5,30.0,23.6,1.30,95,81,12.7
2020-01-19,26.0,29.1,23.0,1.10,94,79,13.6
2020-01-20,26.0,29.9,22.8,0.20,91,74,20.5
2020-01-21,25.3,29.0,21.0,0.00,95,70,25.4
2020-01-22,25.7,30.2,22.2,0.00,95,69,22.9
2020-01-23,26.1,31.0,23.1,0.10,91,68,20.2
2020-01-24,25.6,29.1,23.5,2.60,97,85,9.5
2020-01-25,26.4,29.8,23.7,1.30,97,83,17.9
2020-01-26,26.7,30.0,23.7,0.20,94,82,14.1
2020-01-27,26.3,29.9,23.6,0.30,99,81,14.8
2020-01-28,26.5,30.5,22.8,0.30,97,78,10.0
2020-01-29,25.9,29.7,22.9,0.00,92,75,13.1
2020-01-30,25.6,28.9,22.0,0.00,91,71,21.0
2020-01-31,24.9,28.0,21.7,0.40,85,72,8.9
2020-02-01,24.9,29.4,20.9,0.80,94,69,18.7
2020-02-02,24.9,29.5,21.4,0.70,91,70,20.2
2020-02-03,24.0,29.0,19.9,0.40,93,69,20.5
2020-02-04,25.4,30.5,21.8,0.00,88,66,12.4
2020-02-05,26.8,31.2,23.8,0.00,97,70,14.8
2020-02-06,27.0,31.8,24.0,0.70,87,71,20.2
2020-02-07,26.4,29.1,24.1,4.90,99,83,8.9
2020-02-08,26.8,30.9,24.4,1.50,97,80,12.3
2020-02-09,25.3,27.6,22.9,0.50,96,78,15.2
2020-02-10,25.3,29.7,21.3,0.00,93,68,20.9
2020-02-11,25.4,30.6,20.9,0.00,94,65,22.7
2020-02-12,25.7,31.2,21.5,0.00,96,69,23.4
2020-02-13,25.9,29.8,22.4,2.00,94,73,20.7
2020-02-14,27.1,31.4,22.9,0.00,94,69,25.2
2020-02-15,26.6,31.6,21.9,0.00,95,69,27.3
2020-02-16,27.1,32.0,23.1,0.00,96,74,20.0
2020-02-17,26.4,29.2,23.4,3.80,91,76,9.1
2020-02-18,26.0,30.7,22.0,0.20,88,67,21.1
2020-02-19,25.7,31.2,21.2,0.00,84,63,16.6
2020-02-20,25.6,30.7,22.0,0.00,77,58,20.1
2020-02-21,25.9,31.0,21.5,0.00,89,67,28.0
2020-02-22,26.0,31.6,22.1,0.00,88,63,23.5
2020-02-23,26.7,31.9,22.8,0.20,97,70,23.5
2020-02-24,26.7,31.5,22.5,1.00,97,73,22.6
2020-02-25,26.6,31.8,21.9,0.00,96,69,23.0
2020-02-26,26.8,31.4,23.1,0.70,95,71,14.1
2020-02-27,26.8,32.7,21.8,0.10,96,67,20.9
2020-02-28,26.9,32.4,22.6,0.00,93,65,21.7
2020-02-29,27.3,32.6,22.6,0.00,93,65,25.3
2020-03-01,27.2,32.0,23.1,0.00,83,66,18.8
2020-03-02,27.3,33.2,22.5,0.00,92,64,23.2
2020-03-03,27.4,32.8,23.0,0.00,95,67,16.6
2020-03-04,27.0,31.8,22.0,0.00,96,70,16.9
2020-03-05,27.6,32.7,23.7,0.00,93,65,21.7
2020-03-06,28.2,32.5,24.2,0.10,90,67,13.6
2020-03-07,28.3,32.0,25.5,0.70,88,72,20.9
2020-03-08,28.7,33.7,25.1,1.20,97,74,14.4
2020-03-09,28.7,33.8,25.1,2.20,96,76,19.4
2020-03-10,28.4,32.8,25.5,0.70,94,76,15.5
2020-03-11,28.5,33.1,25.3,0.30,81,69,21.3
2020-03-12,28.5,33.0,24.0,0.00,92,65,29.8
2020-03-13,28.5,33.2,23.9,0.20,87,66,14.7
2020-03-14,28.4,33.5,24.0,0.10,89,66,18.1
2020-03-15,27.6,30.8,24.5,1.90,89,71,11.7
2020-03-16,27.7,32.0,24.1,1.60,88,69,18.4
2020-03-17,27.7,31.8,24.7,0.60,82,66,19.4
2020-03-18,27.7,32.8,23.5,0.20,92,66,21.7
2020-03-19,28.3,32.9,24.5,0.00,88,66,24.0
2020-03-20,28.2,32.6,24.0,1.30,91,68,18.9
2020-03-21,28.8,33.7,25.0,0.20,87,66,18.5
2020-03-22,29.0,33.8,24.6,0.60,89,67,18.5
2020-03-23,28.7,34.5,23.0,0.00,92,61,20.4
2020-03-24,28.6,33.2,24.8,0.40,81,64,20.0
2020-03-25,28.4,33.7,23.2,0.00,91,61,25.9
2020-03-26,28.7,34.5,24.2,0.00,92,63,24.9
2020-03-27,28.9,34.1,25.1,0.70,89,66,24.2
2020-03-28,29.6,34.5,25.2,0.00,86,62,20.4
2020-03-29,29.4,34.5,25.5,0.40,84,63,25.7
2020-03-30,29.1,33.8,25.0,2.40,83,65,18.3
2020-03-31,29.4,35.2,24.6,0.00,92,63,19.1
2020-04-01,29.7,34.8,26.0,0.60,83,65,19.5
2020-04-02,28.6,33.9,23.5,0.90,96,66,25.5
2020-04-03,29.2,35.3,24.2,0.00,89,61,20.3
2020-04-04,29.1,34.4,25.0,0.00,83,62,19.3
2020-04-05,28.7,34.4,23.6,0.00,95,62,24.0
2020-04-06,29.2,34.2,25.4,0.40,89,63,24.6
2020-04-07,29.3,33.5,26.0,1.30,86,67,18.8
2020-04-08,29.2,33.4,26.2,1.70,83,67,10.6
2020-04-09,28.5,31.7,25.5,2.20,96,74,12.1
2020-04-10,29.1,33.6,25.5,0.30,91,67,16.6
2020-04-11,29.4,33.2,26.2,1.50,88,67,17.9
2020-04-12,28.5,31.9,25.5,2.40,90,75,15.6
2020-04-13,28.0,32.4,25.6,9.30,88,77,11.6
2020-04-14,27.6,31.5,25.2,1.10,86,71,21.4
2020-04-15,28.4,32.2,24.9,3.10,95,74,13.3
2020-04-16,28.3,32.8,25.6,4.00,90,77,12.0
2020-04-17,29.2,33.7,26.1,1.30,86,70,14.7
2020-04-18,29.3,34.2,26.5,1.10,84,72,12.2
2020-04-19,30.1,35.0,25.9,0.00,88,65,23.6
2020-04-20,29.9,34.7,26.2,2.20,87,67,15.6
2020-04-21,30.6,35.8,26.8,0.00,83,61,25.9
2020-04-22,30.5,35.0,26.3,0.00,91,68,19.8
2020-04-23,30.4,35.2,26.6,0.10,83,65,18.2
2020-04-24,30.6,36.1,26.5,0.00,86,62,22.5
2020-04-25,30.3,35.5,26.8,0.40,85,65,17.6
2020-04-26,30.2,35.6,26.4,0.10,88,66,14.3
2020-04-27,29.7,34.6,25.2,1.90,89,66,18.8
2020-04-28,30.0,36.2,25.5,0.00,86,61,23.2
2020-04-29,30.0,34.4,26.6,0.00,82,64,14.9
2020-04-30,29.9,35.2,26.0,0.00,87,64,21.4
2020-05-01,30.3,35.2,26.1,0.40,84,63,18.0
2020-05-02,30.8,35.5,27.4,0.30,83,61,18.8
2020-05-03,30.0,33.5,27.6,1.40,86,71,15.9
2020-05-04,31.6,36.3,28.1,0.90,80,65,20.8
2020-05-05,31.6,37.0,27.7,0.20,84,64,25.2
2020-05-06,30.7,35.4,26.9,5.00,91,72,19.7
2020-05-07,30.9,34.1,28.0,0.40,82,70,17.3
2020-05-08,31.6,35.8,27.7,0.10,85,64,16.8
2020-05-09,30.7,35.8,27.5,1.30,88,69,18.7
2020-05-10,29.9,35.1,26.8,2.70,91,74,7.7
2020-05-11,30.9,35.5,27.0,1.00,87,66,13.8
2020-05-12,30.5,35.5,26.5,2.60,94,71,16.3
2020-05-13,30.0,34.3,26.7,4.80,94,73,12.2
2020-05-14,29.8,34.3,27.0,12.20,92,75,12.8
2020-05-15,26.6,28.1,25.9,137.20,93,89,71.2
2020-05-16,28.1,30.6,26.8,8.40,91,84,14.8
2020-05-17,28.7,32.5,26.2,6.00,96,83,12.8
2020-05-18,29.2,32.1,27.0,4.80,97,83,12.3
2020-05-19,28.7,31.6,26.8,10.40,97,85,11.3
2020-05-20,29.4,32.8,27.2,8.10,92,81,10.6
2020-05-21,29.3,33.0,27.2,2.60,94,82,13.5
2020-05-22,29.4,31.9,27.0,6.90,93,81,14.8
2020-05-23,28.1,30.8,25.7,14.90,95,86,20.9
2020-05-24,28.9,32.5,26.1,2.00,94,80,16.6
2020-05-25,29.5,32.0,27.4,0.00,98,82,9.0
2020-05-26,29.6,32.2,27.4,3.50,91,78,6.1
2020-05-27,28.9,32.6,26.8,10.20,93,82,11.5
2020-05-28,28.0,32.2,25.4,4.70,96,84,14.7
2020-05-29,28.7,32.5,25.8,3.30,97,82,13.0
2020-05-30,28.9,32.3,26.5,2.30,93,80,11.8
2020-05-31,29.4,33.5,25.6,0.00,89,70,17.0
2020-06-01,29.3,32.5,26.5,0.50,95,78,9.4
2020-06-02,29.5,33.0,26.6,0.90,98,77,15.5
2020-06-03,30.1,32.9,27.5,2.20,88,73,11.3
2020-06-04,29.8,33.0,26.9,3.10,91,77,10.5
2020-06-05,30.5,33.8,27.1,1.10,92,72,8.7
2020-06-06,30.8,35.0,27.4,0.00,89,67,13.1
2020-06-07,29.2,33.8,25.8,4.90,97,76,14.7
2020-06-08,29.7,33.3,26.6,0.80,92,73,17.1
2020-06-09,29.8,34.0,25.8,2.00,95,74,18.8
2020-06-10,28.5,32.5,26.1,16.90,91,80,10.4
2020-06-11,26.9,29.6,25.1,45.90,97,88,18.9
2020-06-12,26.3,27.5,25.9,20.40,93,90,18.0
2020-06-13,27.8,30.8,25.3,9.50,96,86,16.3
2020-06-14,28.4,31.8,25.9,1.80,92,80,18.4
2020-06-15,27.8,30.2,26.2,6.60,95,86,8.6
2020-06-16,28.8,31.7,25.7,2.00,95,80,9.5
2020-06-17,29.0,32.2,26.0,0.90,94,80,10.2
2020-06-18,28.6,32.2,25.9,7.20,94,82,11.4
2020-06-19,27.0,29.6,25.1,11.50,94,87,7.4
2020-06-20,27.9,30.5,26.1,3.60,97,85,12.3
2020-06-21,28.8,31.9,26.4,0.40,98,83,10.0
2020-06-22,29.2,32.5,26.0,3.30,95,81,11.0
2020-06-23,28.9,32.4,26.7,5.50,92,83,14.7
2020-06-24,29.1,32.5,26.5,2.20,93,80,11.8
2020-06-25,28.4,32.4,25.5,5.30,96,83,15.0
2020-06-26,28.7,31.9,26.1,0.90,91,78,19.5
2020-06-27,28.2,31.8,25.4,9.20,93,80,19.6
2020-06-28,27.0,28.8,25.9,13.80,94,88,10.5
2020-06-29,28.0,30.2,25.6,12.00,94,82,26.6
2020-06-30,27.9,30.6,25.6,4.30,97,85,21.0
2020-07-01,28.8,31.6,25.6,0.00,95,77,15.6
2020-07-02,28.6,31.6,25.4,5.10,96,80,8.6
2020-07-03,28.7,32.7,25.3,7.30,93,77,15.8
2020-07-04,27.5,31.0,25.5,4.90,96,83,14.9
2020-07-05,27.7,30.0,25.2,16.90,94,83,9.5
2020-07-06,28.2,31.6,25.8,4.70,96,83,12.8
2020-07-07,29.4,33.0,25.9,0.90,99,76,13.0
2020-07-08,29.0,32.6,26.1,3.70,96,81,11.8
2020-07-09,28.7,32.8,25.8,13.30,97,82,12.2
2020-07-10,28.0,32.6,24.9,23.50,93,82,11.0
2020-07-11,27.4,31.5,25.2,10.80,96,84,9.7
2020-07-12,28.4,31.0,26.1,6.80,93,82,10.5
2020-07-13,26.9,27.7,25.8,18.00,98,90,12.1
2020-07-14,28.9,31.3,26.0,1.00,98,80,10.3
2020-07-15,28.6,32.1,25.5,3.30,96,83,9.7
2020-07-16,29.3,32.0,26.8,0.90,90,74,18.7
2020-07-17,28.9,32.5,25.3,5.30,96,80,15.3
2020-07-18,29.0,33.3,25.5,0.00,94,75,18.8
2020-07-19,28.8,31.9,26.2,1.50,86,75,16.6
2020-07-20,27.7,30.6,25.1,3.40,96,83,17.9
2020-07-21,28.1,31.4,25.5,13.60,97,83,12.5
2020-07-22,28.9,32.0,26.4,0.80,93,79,11.2
2020-07-23,28.9,33.0,25.5,2.60,97,79,12.4
2020-07-24,28.2,31.6,25.9,8.40,94,82,12.5
2020-07-25,28.0,31.6,25.7,6.20,96,83,13.3
2020-07-26,28.1,32.0,25.3,13.20,95,82,8.7
2020-07-27,27.6,31.8,24.9,17.10,96,84,7.8
2020-07-28,27.0,29.5,25.1,6.80,99,88,11.1
2020-07-29,26.4,28.1,25.0,88.20,96,89,13.2
2020-07-30,26.6,28.2,25.9,34.90,95,90,10.9
2020-07-31,27.2,29.0,26.1,9.10,96,89,11.0
2020-08-01,27.0,29.6,25.9,9.90,96,89,11.8
2020-08-02,26.3,27.3,24.1,4.30,97,89,8.0
2020-08-03,28.2,31.2,25.6,0.70,98,81,12.0
2020-08-04,28.3,31.6,25.5,1.90,96,82,11.4
2020-08-05,28.0,31.7,25.5,2.20,94,82,19.1
2020-08-06,27.6,30.5,25.4,7.40,96,85,13.0
2020-08-07,26.9,29.4,25.6,21.80,94,89,14.8
2020-08-08,26.6,27.6,26.0,26.00,94,90,15.2
2020-08-09,26.8,28.7,25.9,11.70,92,88,19.8
2020-08-10,27.7,30.4,25.1,2.80,97,85,14.5
2020-08-11,27.8,31.2,25.6,0.10,96,87,16.1
2020-08-12,27.6,30.0,25.2,1.50,98,86,7.8
2020-08-13,27.1,30.3,25.0,12.60,96,87,7.9
2020-08-14,26.4,28.8,24.6,14.70,95,87,9.0
2020-08-15,27.0,29.3,25.3,11.50,97,88,10.0
2020-08-16,27.2,29.5,25.5,7.00,96,87,6.4
2020-08-17,27.4,29.6,25.5,4.50,96,86,12.9
2020-08-18,26.9,30.0,24.9,19.20,98,88,11.2
2020-08-19,26.5,29.0,24.8,80.50,96,89,14.0
2020-08-20,26.4,27.5,25.8,14.90,92,89,9.2
2020-08-21,27.2,29.1,25.3,2.20,98,88,20.4
2020-08-22,27.8,30.0,25.8,8.20,96,87,14.2
2020-08-23,28.4,30.4,26.1,0.80,95,84,14.7
2020-08-24,28.5,30.6,26.4,1.50,94,82,21.1
2020-08-25,28.8,31.0,27.3,0.20,90,82,22.0
2020-08-26,28.4,30.6,25.2,2.70,100,82,25.7
2020-08-27,28.6,30.8,26.5,0.70,92,80,19.7
2020-08-28,28.8,30.5,27.8,0.80,87,81,19.3
2020-08-29,28.4,29.6,26.8,3.20,89,82,16.1
2020-08-30,27.1,28.6,25.8,16.20,93,89,18.1
2020-08-31,27.2,29.5,25.5,13.70,94,86,20.7
2020-09-01,27.6,29.8,25.7,2.90,96,85,22.4
2020-09-02,28.0,30.0,25.8,0.30,97,86,18.4
2020-09-03,28.5,31.5,26.1,2.40,95,83,12.3
2020-09-04,28.5,31.5,26.0,2.70,98,84,10.4
2020-09-05,28.6,31.1,26.4,5.20,94,84,12.6
2020-09-06,28.0,30.2,26.2,5.90,94,86,13.0
2020-09-07,27.5,31.1,25.2,6.10,97,87,10.8
2020-09-08,28.1,31.6,25.2,2.10,98,85,11.7
2020-09-09,28.1,30.9,25.5,2.40,98,86,9.7
2020-09-10,27.8,31.0,25.2,4.00,95,85,9.2
2020-09-11,27.9,31.2,25.2,9.50,95,85,10.0
2020-09-12,27.3,29.1,25.2,2.40,97,88,11.8
2020-09-13,28.7,31.2,26.4,0.80,97,83,12.2
2020-09-14,27.9,30.9,26.1,7.50,95,86,8.4
2020-09-15,27.0,28.6,26.0,11.00,91,88,15.2
2020-09-16,26.9,29.5,25.7,18.20,95,88,20.6
2020-09-17,26.3,27.0,24.8,7.50,96,92,20.1
2020-09-18,26.9,29.2,25.0,3.10,95,87,14.0
2020-09-19,27.4,29.6,25.2,0.00,97,87,8.7
2020-09-20,28.2,30.5,25.5,2.40,95,85,9.0
2020-09-21,28.3,30.7,25.8,1.30,96,85,10.5
2020-09-22,28.0,30.6,25.4,2.10,96,82,11.8
2020-09-23,26.9,30.2,24.8,29.60,97,87,12.4
2020-09-24,27.2,30.0,25.5,17.20,96,87,14.8
2020-09-25,26.8,30.0,25.2,18.90,94,89,8.9
2020-09-26,27.6,30.8,25.1,3.60,99,87,12.9
2020-09-27,28.5,31.6,25.6,1.20,100,84,11.7
2020-09-28,27.8,30.9,25.4,7.30,95,84,13.8
2020-09-29,27.3,30.2,25.7,6.80,94,85,16.8
2020-09-30,28.1,30.2,26.1,3.80,95,84,11.6
2020-10-01,27.8,31.0,25.6,13.50,95,85,11.5
2020-10-02,27.4,30.1,24.8,14.30,95,85,8.6
2020-10-03,27.2,30.0,25.0,5.60,97,86,11.5
2020-10-04,28.0,31.3,25.5,4.90,95,84,11.8
2020-10-05,28.0,30.9,26.2,1.40,95,85,7.0
2020-10-06,27.7,30.1,25.8,17.00,97,87,9.3
2020-10-07,27.1,30.1,25.8,9.20,95,89,10.7
2020-10-08,27.4,30.4,25.5,6.50,95,86,9.9
2020-10-09,26.4,27.3,25.0,15.90,96,90,11.9
2020-10-10,26.7,29.2,25.5,25.60,94,89,18.1
2020-10-11,26.0,27.4,25.0,30.00,96,92,18.5
2020-10-12,26.7,28.4,25.4,6.50,95,90,12.2
2020-10-13,26.7,30.1,24.6,3.80,98,89,10.5
2020-10-14,25.4,26.3,24.5,46.20,96,92,24.0
2020-10-15,27.2,30.3,25.1,0.50,93,82,20.8
2020-10-16,27.6,30.8,25.0,2.50,97,84,16.8
2020-10-17,26.5,28.9,24.9,10.90,96,89,7.7
2020-10-18,26.1,27.5,24.6,2.60,99,92,9.4
2020-10-19,28.0,31.8,25.4,1.40,93,81,11.3
2020-10-20,26.3,27.0,25.9,108.30,94,91,30.6
2020-10-21,27.0,28.6,25.6,8.80,93,87,22.7
2020-10-22,27.4,30.2,25.2,10.80,95,87,20.2
2020-10-23,26.8,29.0,25.4,15.10,98,90,18.0
2020-10-24,26.4,29.4,24.5,19.50,98,91,17.1
2020-10-25,26.6,28.9,25.0,20.20,93,87,31.6
2020-10-26,26.3,28.5,25.4,19.20,92,86,35.5
2020-10-27,26.3,28.8,24.5,5.20,95,89,17.9
2020-10-28,26.7,30.3,23.6,4.30,99,88,12.5
2020-10-29,26.9,29.1,24.8,0.60,97,87,11.9
2020-10-30,27.8,31.6,25.5,0.90,98,82,10.3
2020-10-31,27.5,31.3,24.5,1.20,92,77,17.6
2020-11-01,24.8,26.0,23.8,31.90,93,86,37.5
2020-11-02,26.9,29.8,24.1,0.40,97,84,14.3
2020-11-03,27.1,30.1,25.2,12.90,96,87,8.9
2020-11-04,26.1,28.3,24.8,17.00,97,91,11.2
2020-11-05,26.6,29.2,24.1,3.90,97,87,8.2
2020-11-06,27.4,30.5,24.7,1.90,96,84,7.3
2020-11-07,26.5,30.0,24.3,13.90,94,85,24.4
2020-11-08,27.0,30.3,25.0,4.60,94,85,22.1
2020-11-09,26.3,28.5,24.4,7.40,99,91,8.8
2020-11-10,26.4,28.1,24.4,3.50,96,90,9.8
2020-11-11,26.9,28.2,25.8,165.80,92,86,62.6
2020-11-12,26.3,27.0,25.6,56.60,92,88,36.4
2020-11-13,27.5,30.7,24.8,1.90,94,83,22.2
2020-11-14,27.3,30.8,24.3,0.80,99,85,13.5
2020-11-15,27.4,31.4,24.4,1.00,99,85,11.9
2020-11-16,27.2,30.0,24.4,1.20,98,84,9.9
2020-11-17,27.2,30.4,24.1,1.00,98,84,10.2
2020-11-18,27.3,30.6,24.5,0.30,98,83,11.5
2020-11-19,26.9,30.2,23.9,1.20,98,86,8.4
2020-11-20,27.2,30.2,24.0,0.90,99,86,8.0
2020-11-21,27.0,31.2,23.7,0.50,97,79,14.2
2020-11-22,26.7,30.9,23.6,0.30,92,74,15.3
2020-11-23,26.6,30.4,23.8,0.00,92,75,24.6
2020-11-24,26.3,31.0,23.1,0.00,94,77,17.4
2020-11-25,26.3,30.8,23.1,0.00,99,77,19.7
2020-11-26,27.1,30.8,24.5,2.20,96,78,18.7
2020-11-27,26.4,28.1,24.5,1.30,100,91,10.9
2020-11-28,26.7,29.2,24.4,3.20,100,89,5.2
2020-11-29,25.9,28.0,24.3,16.00,99,91,14.8
2020-11-30,26.0,29.8,22.2,0.80,88,74,21.4
2020-12-01,26.7,30.8,24.0,0.00,85,72,20.1
2020-12-02,26.8,29.2,24.8,0.60,97,84,13.2
2020-12-03,26.9,29.1,24.9,6.40,96,87,10.4
2020-12-04,26.3,28.7,24.9,3.10,97,87,10.8
2020-12-05,26.5,28.9,24.8,2.50,98,89,11.1
2020-12-06,27.1,29.5,24.6,2.00,99,88,8.2
2020-12-07,26.0,27.4,24.8,7.90,96,91,9.7
2020-12-08,27.0,30.6,24.0,0.40,99,85,17.3
2020-12-09,26.6,29.6,24.7,11.50,96,88,11.1
2020-12-10,25.6,27.8,23.7,6.70,99,92,10.9
2020-12-11,27.3,30.5,24.8,0.40,96,85,9.2
2020-12-12,27.0,29.6,25.1,3.00,98,87,12.5
2020-12-13,26.6,28.6,24.1,1.30,98,89,11.2
2020-12-14,26.9,29.7,24.4,1.30,96,86,12.0
2020-12-15,26.6,30.1,23.9,1.80,98,85,10.9
2020-12-16,26.5,30.5,23.2,0.80,96,80,14.8
2020-12-17,26.2,29.0,24.0,2.00,99,86,12.6
2020-12-18,26.4,30.4,24.2,15.70,95,84,22.4
2020-12-19,24.7,25.4,24.1,56.70,97,95,13.0
2020-12-20,26.1,29.4,24.1,6.10,94,87,11.9
2020-12-21,26.1,29.0,23.4,0.60,99,88,7.1
2020-12-22,26.6,29.0,23.9,0.30,99,85,16.1
2020-12-23,26.9,30.4,23.8,0.10,99,83,19.4
2020-12-24,26.5,29.5,23.0,0.00,100,87,4.9
2020-12-25,26.9,30.5,24.5,1.20,97,83,12.0
2020-12-26,26.6,29.6,24.5,13.40,97,87,14.9
2020-12-27,24.2,25.3,23.5,56.60,98,94,21.7
2020-12-28,26.6,28.9,24.8,0.00,95,85,11.3
2020-12-29,27.2,29.9,24.7,0.40,96,86,8.9
2020-12-30,26.6,29.4,23.1,12.80,97,84,21.5
2020-12-31,24.7,28.0,22.2,1.70,88,76,26.0
2021-01-01,25.0,27.8,23.6,0.50,89,78,20.0
2021-01-02,25.7,28.9,23.5,5.00,96,79,19.2
2021-01-03,24.7,26.1,23.2,31.80,99,92,16.0
2021-01-04,26.4,30.5,23.5,1.40,99,85,17.0
2021-01-05,25.8,29.0,22.4,0.70,99,88,6.9
2021-01-06,25.9,30.5,22.8,0.40,98,83,12.9
2021-01-07,26.0,29.8,23.8,1.90,97,83,10.5
2021-01-08,26.0,29.2,23.8,0.60,90,78,17.8
2021-01-09,24.6,26.6,22.6,0.00,94,78,16.2
2021-01-10,24.8,28.0,22.0,0.00,89,73,13.7
2021-01-11,24.9,28.2,23.1,1.50,85,73,14.7
2021-01-12,24.1,27.0,21.6,0.00,91,74,9.8
2021-01-13,24.6,26.8,23.1,1.10,93,82,11.2
2021-01-14,25.3,27.3,23.5,0.10,99,84,11.5
2021-01-15,26.2,29.8,23.3,0.10,97,79,15.5
2021-01-16,26.2,29.5,23.4,0.20,92,76,13.8
2021-01-17,25.7,29.0,23.2,7.70,92,77,17.7
2021-01-18,25.5,28.5,23.3,1.10,87,77,22.7
2021-01-19,24.8,26.5,23.7,3.90,94,85,20.5
2021-01-20,24.5,25.4,24.0,67.30,97,93,14.5
2021-01-21,25.6,27.5,24.1,11.90,97,92,10.7
2021-01-22,26.1,28.5,24.5,1.10,97,88,15.3
2021-01-23,26.3,28.9,24.2,1.00,98,88,8.7
2021-01-24,26.3,28.9,24.1,2.80,96,88,13.2
2021-01-25,26.2,28.8,23.7,1.00,100,88,7.1
2021-01-26,26.0,28.0,24.0,0.90,96,85,10.4
2021-01-27,25.8,28.8,23.7,2.70,97,87,8.9
2021-01-28,24.9,27.7,22.0,3.60,94,85,10.5
2021-01-29,24.3,27.9,21.5,0.10,93,76,19.4
2021-01-30,23.3,27.5,20.1,0.00,92,75,16.7
2021-01-31,23.6,27.7,20.8,0.00,95,80,19.2
2021-02-01,24.1,28.7,21.1,0.40,97,81,13.7
2021-02-02,24.4,27.2,21.5,0.90,96,85,10.9
2021-02-03,25.5,29.4,22.7,0.40,98,81,13.0
2021-02-04,25.6,29.8,23.0,0.00,93,76,16.6
2021-02-05,25.8,29.0,23.5,3.70,96,80,17.6
2021-02-06,25.4,28.4,22.4,5.30,98,87,8.8
2021-02-07,26.4,31.1,23.1,0.10,96,79,7.7
2021-02-08,26.3,29.9,24.0,0.90,94,79,16.6
2021-02-09,25.1,27.6,23.2,6.90,95,85,14.6
2021-02-10,25.8,29.5,23.5,3.70,98,84,14.7
2021-02-11,26.1,28.4,23.8,1.00,93,84,13.7
2021-02-12,25.9,29.6,22.9,10.30,93,85,15.3
2021-02-13,25.1,27.1,23.5,6.20,95,89,13.3
2021-02-14,25.5,28.0,23.5,3.60,96,86,11.1
2021-02-15,25.2,27.5,23.6,2.00,89,83,14.6
2021-02-16,24.8,28.2,21.5,1.30,99,81,13.0
2021-02-17,24.8,27.6,22.6,0.60,95,82,13.2
2021-02-18,24.9,28.6,21.9,0.40,81,72,18.1
2021-02-19,23.7,27.5,20.2,0.10,84,71,15.3
2021-02-20,23.0,26.8,20.3,0.00,90,73,18.2
2021-02-21,24.4,28.2,22.1,1.70,89,79,14.6
2021-02-22,25.2,28.5,23.2,46.60,97,86,17.6
2021-02-23,25.6,28.6,24.0,6.40,99,91,9.1
2021-02-24,26.7,30.2,24.1,1.90,96,82,15.0
2021-02-25,26.5,30.6,22.0,0.00,94,78,12.8
2021-02-26,26.4,29.4,23.8,0.00,96,83,12.1
2021-02-27,26.8,29.8,24.0,0.20,98,83,13.6
2021-02-28,26.8,29.6,24.2,0.40,96,83,14.5
2021-03-01,26.8,30.0,24.2,1.80,99,86,8.4
2021-03-02,27.1,30.0,23.9,0.10,97,82,12.2
2021-03-03,26.9,30.6,23.5,1.90,95,79,13.5
2021-03-04,26.7,30.5,23.0,0.10,98,79,15.4
2021-03-05,26.6,31.0,22.7,0.20,94,76,19.1
2021-03-06,26.5,30.9,22.4,0.00,94,74,12.6
2021-03-07,26.5,31.0,23.1,0.10,93,75,13.5
2021-03-08,26.9,31.1,23.5,0.20,94,75,13.4
2021-03-09,25.5,29.0,21.6,1.00,98,81,11.6
2021-03-10,26.3,31.1,22.8,0.00,95,74,19.9
2021-03-11,26.6,30.9,23.8,0.00,87,72,17.2
2021-03-12,26.7,30.4,24.4,0.70,96,78,18.4
2021-03-13,25.7,28.7,23.8,6.40,93,82,15.3
2021-03-14,26.2,28.8,23.9,0.60,93,81,15.9
2021-03-15,26.4,29.5,24.8,6.60,96,85,11.6
2021-03-16,27.0,30.7,24.5,4.30,97,85,10.3
2021-03-17,27.5,30.8,24.8,4.70,97,84,10.4
2021-03-18,27.8,31.4,24.3,0.30,99,82,10.2
2021-03-19,27.7,30.2,24.9,0.40,99,82,14.0
2021-03-20,27.7,30.6,25.0,2.10,96,81,10.0
2021-03-21,27.7,30.7,25.1,1.50,97,82,14.2
2021-03-22,27.6,31.2,24.9,1.90,94,78,14.2
2021-03-23,27.4,30.8,24.3,0.80,93,74,19.4
2021-03-24,27.4,31.0,23.8,1.30,96,76,18.8
2021-03-25,27.7,32.0,23.5,0.00,96,74,17.3
2021-03-26,28.2,32.2,24.5,0.50,95,73,15.5
2021-03-27,28.3,32.2,24.6,0.50,97,74,15.9
2021-03-28,28.6,31.9,25.2,0.50,93,75,14.1
2021-03-29,28.4,32.8,24.0,0.00,94,73,17.5
2021-03-30,28.4,32.5,24.1,0.00,96,73,22.4
2021-03-31,28.8,32.8,25.2,0.80,93,72,16.4
2021-04-01,28.4,33.8,22.8,0.00,94,69,22.9
2021-04-02,28.0,33.4,22.6,0.00,93,66,22.1
2021-04-03,28.2,33.7,23.4,0.00,95,67,21.0
2021-04-04,28.4,32.2,25.1,0.70,93,73,16.4
2021-04-05,28.6,33.0,25.6,0.70,84,70,15.1
2021-04-06,28.3,32.3,25.3,1.40,84,69,16.6
2021-04-07,27.9,31.8,25.2,5.10,84,69,17.9
2021-04-08,28.2,32.0,25.4,0.60,81,65,13.5
2021-04-09,28.2,31.8,25.4,1.30,80,67,16.8
2021-04-10,28.4,33.0,24.6,0.00,89,65,16.4
2021-04-11,28.2,33.0,24.2,0.50,94,67,16.3
2021-04-12,28.7,33.3,25.4,0.90,89,67,13.0
2021-04-13,28.0,31.1,25.4,2.50,94,78,11.2
2021-04-14,28.5,31.8,25.5,1.40,94,75,10.7
2021-04-15,28.3,31.4,25.0,1.50,96,76,19.2
2021-04-16,28.3,33.5,23.6,0.00,97,72,19.1
2021-04-17,28.7,32.2,25.2,0.10,89,68,14.4
2021-04-18,28.9,32.7,25.5,1.10,88,68,15.4
2021-04-19,28.4,32.3,25.1,2.90,96,74,23.8
2021-04-20,28.6,31.4,25.6,1.10,97,76,27.1
2021-04-21,28.6,31.3,26.3,3.70,93,78,27.2
2021-04-22,28.5,31.8,25.8,1.90,90,79,19.9
2021-04-23,28.6,31.8,25.0,0.00,87,71,17.4
2021-04-24,28.3,31.5,25.5,0.40,92,74,22.0
2021-04-25,28.4,31.9,25.9,0.10,83,70,16.7
2021-04-26,27.2,30.2,25.1,1.50,84,74,16.1
2021-04-27,27.4,30.6,24.7,0.90,85,71,18.5
2021-04-28,28.0,31.5,25.5,0.20,82,69,17.4
2021-04-29,28.4,31.8,25.2,1.10,91,74,16.1
2021-04-30,29.0,32.7,25.2,0.80,93,73,12.9
2021-05-01,29.0,33.7,25.0,0.00,89,71,18.1
2021-05-02,29.1,34.4,24.5,0.00,93,68,24.1
2021-05-03,29.5,34.0,26.3,0.00,85,67,22.7
2021-05-04,29.8,33.6,26.1,0.70,92,69,25.5
2021-05-05,30.4,36.0,26.4,0.10,93,66,23.3
2021-05-06,30.3,35.0,26.6,0.00,89,66,20.0
2021-05-07,29.8,34.5,26.0,2.90,90,70,18.2
2021-05-08,30.2,33.8,27.1,0.10,86,69,19.2
2021-05-09,30.6,35.2,27.3,0.60,84,67,17.0
2021-05-10,30.0,33.8,26.6,0.30,87,70,20.0
2021-05-11,30.0,34.2,27.1,0.80,83,70,17.9
2021-05-12,30.5,35.0,27.1,0.50,82,65,22.2
2021-05-13,30.7,35.8,27.0,0.00,80,62,23.5
2021-05-14,30.5,35.5,27.4,0.40,81,65,23.5
2021-05-15,30.4,35.2,27.0,0.20,86,67,25.4
2021-05-16,30.9,36.2,26.7,1.30,85,64,19.2
2021-05-17,31.1,36.7,27.2,0.00,83,63,18.8
2021-05-18,30.6,35.2,27.4,0.90,80,66,21.7
2021-05-19,30.8,35.9,27.2,0.00,82,63,24.3
2021-05-20,30.0,34.8,26.0,6.80,90,70,23.5
2021-05-21,29.6,35.5,25.8,4.10,92,74,19.2
2021-05-22,28.6,33.7,25.2,7.60,96,80,19.4
2021-05-23,29.2,34.3,25.9,1.40,93,74,16.5
2021-05-24,29.1,34.0,25.5,3.50,94,74,15.7
2021-05-25,30.3,34.8,26.4,1.10,93,71,20.7
2021-05-26,29.9,33.9,26.4,3.50,92,72,13.8
2021-05-27,30.6,34.4,27.6,0.10,88,68,10.5
2021-05-28,30.5,34.4,27.5,4.10,93,72,12.5
2021-05-29,30.5,35.5,26.8,2.70,89,72,18.5
2021-05-30,29.6,33.2,26.5,3.70,94,77,22.6
2021-05-31,30.1,34.8,26.9,7.60,95,77,21.6
2021-06-01,30.0,34.3,26.8,3.10,93,76,15.2
2021-06-02,27.6,31.2,26.1,76.20,93,86,38.4
2021-06-03,28.0,29.9,27.2,10.50,90,85,25.2
2021-06-04,28.3,30.8,26.9,11.40,93,85,23.8
2021-06-05,28.7,31.2,26.6,8.50,93,83,17.4
2021-06-06,28.3,30.8,26.2,7.10,93,83,14.5
2021-06-07,27.4,31.2,25.2,28.90,94,86,15.0
2021-06-08,27.1,30.8,25.3,23.50,95,87,13.2
2021-06-09,26.9,29.9,25.7,17.40,94,88,13.5
2021-06-10,27.5,31.1,25.7,15.80,95,84,11.3
2021-06-11,27.7,30.2,26.3,10.20,95,86,13.5
2021-06-12,28.2,31.1,25.2,6.40,96,82,16.7
2021-06-13,27.3,30.0,25.9,4.40,91,82,18.4
2021-06-14,28.1,30.5,25.6,0.30,96,81,24.5
2021-06-15,28.4,30.7,26.0,0.60,97,82,20.8
2021-06-16,29.0,31.3,26.8,0.70,96,80,16.6
2021-06-17,29.4,31.9,26.9,0.20,95,78,14.7
2021-06-18,29.5,31.8,27.4,1.30,87,77,19.7
2021-06-19,28.3,30.7,27.0,8.80,89,83,22.9
2021-06-20,27.5,30.3,25.6,22.70,94,86,25.3
2021-06-21,26.7,27.9,25.5,20.50,92,88,24.7
2021-06-22,27.2,29.8,25.5,16.40,95,85,23.5
2021-06-23,27.3,30.1,25.6,9.50,94,85,23.3
2021-06-24,27.8,30.1,25.3,5.10,97,84,15.6
2021-06-25,27.8,29.5,25.3,8.00,98,85,11.9
2021-06-26,28.8,31.1,26.0,0.30,97,81,10.8
2021-06-27,28.5,31.1,26.2,4.80,96,84,8.7
2021-06-28,27.6,31.6,25.6,29.70,94,85,16.6
2021-06-29,28.9,31.0,26.6,0.70,94,80,17.1
2021-06-30,29.1,31.1,26.6,1.20,93,80,13.0
2021-07-01,28.5,32.0,25.4,6.60,98,81,10.7
2021-07-02,27.9,31.4,25.0,4.50,96,84,13.3
2021-07-03,26.6,29.5,24.9,18.00,96,88,12.3
2021-07-04,27.7,30.5,25.6,3.30,91,82,22.9
2021-07-05,27.6,30.0,25.9,10.50,95,84,16.4
2021-07-06,26.7,29.2,24.5,12.60,96,88,10.0
2021-07-07,28.6,32.2,25.5,0.60,96,79,10.6
2021-07-08,28.5,31.4,26.2,1.20,99,83,10.5
2021-07-09,28.7,32.1,25.9,0.80,93,78,14.0
2021-07-10,28.5,31.0,25.7,0.50,95,78,17.2
2021-07-11,28.6,31.8,25.4,2.10,94,79,11.8
2021-07-12,28.8,32.5,26.0,1.70,93,80,12.2
2021-07-13,27.7,31.2,25.3,10.50,97,85,11.5
2021-07-14,27.2,30.7,25.1,20.50,97,88,7.2
2021-07-15,27.4,30.5,25.2,16.90,95,86,15.0
2021-07-16,27.5,30.2,25.6,16.50,95,86,19.6
2021-07-17,27.5,30.1,25.9,16.20,94,87,15.3
2021-07-18,27.2,28.8,26.0,13.50,91,86,21.4
2021-07-19,26.8,28.9,25.8,39.60,93,88,29.3
2021-07-20,26.6,27.8,25.9,18.50,94,90,27.7
2021-07-21,26.3,27.1,26.0,34.60,93,91,27.7
2021-07-22,26.4,27.0,25.8,42.30,95,90,34.0
2021-07-23,26.5,27.5,25.8,32.10,93,90,35.9
2021-07-24,26.5,27.5,25.9,32.80,93,91,33.3
2021-07-25,27.4,28.0,26.7,9.00,91,87,37.1
2021-07-26,28.1,30.0,27.0,8.20,91,84,38.3
2021-07-27,27.5,29.4,26.1,15.30,93,87,39.0
2021-07-28,26.9,28.0,26.2,18.30,92,88,32.3
2021-07-29,26.8,28.0,26.1,37.60,93,91,32.6
2021-07-30,27.7,30.0,26.6,11.30,92,87,26.7
2021-07-31,27.5,29.9,26.5,9.00,93,87,31.7
2021-08-01,27.6,29.8,26.0,11.60,93,86,33.4
2021-08-02,27.6,30.0,26.5,10.90,93,87,34.5
2021-08-03,27.4,28.8,26.2,12.80,93,88,33.4
2021-08-04,27.6,29.4,26.9,7.30,90,87,32.3
2021-08-05,27.5,29.1,26.8,11.80,92,88,32.6
2021-08-06,27.7,29.1,26.6,9.30,91,87,30.6
2021-08-07,28.2,30.1,26.9,1.40,90,84,27.6
2021-08-08,28.1,30.1,25.5,1.10,99,84,23.9
2021-08-09,27.6,30.0,25.6,8.50,94,85,16.3
2021-08-10,26.9,28.4,25.4,11.80,97,87,16.4
2021-08-11,26.6,27.9,25.3,3.80,96,87,14.4
2021-08-12,28.1,30.6,26.5,3.10,94,85,11.2
2021-08-13,27.7,31.5,24.8,7.90,97,84,10.8
2021-08-14,27.3,30.9,24.8,3.30,97,86,15.3
2021-08-15,26.3,27.4,25.0,9.70,93,89,8.5
2021-08-16,28.0,30.5,25.2,0.40,94,80,9.0
2021-08-17,27.9,31.0,25.5,3.40,94,84,15.7
2021-08-18,27.0,30.3,24.5,22.10,96,87,9.7
2021-08-19,27.5,30.2,25.2,6.10,96,85,10.2
2021-08-20,27.2,30.4,24.9,5.40,99,88,8.7
2021-08-21,27.0,29.4,25.8,14.20,95,89,11.1
2021-08-22,27.1,30.9,25.2,19.30,97,88,11.2
2021-08-23,27.0,30.4,24.7,11.80,94,86,12.9
2021-08-24,27.0,29.0,24.9,1.80,95,87,4.4
2021-08-25,26.7,29.5,24.8,10.30,96,88,9.1
2021-08-26,27.0,29.0,25.2,1.50,93,85,11.9
2021-08-27,27.2,29.6,25.4,8.20,96,87,8.5
2021-08-28,27.4,30.7,25.8,7.70,97,87,10.0
2021-08-29,26.6,29.4,24.4,11.60,96,88,9.9
2021-08-30,27.0,30.1,24.9,7.30,98,88,9.7
2021-08-31,27.3,29.8,24.6,15.70,97,87,11.1
2021-09-01,26.9,28.8,25.0,13.70,96,89,7.6
2021-09-02,26.9,30.1,24.1,6.30,96,85,11.7
2021-09-03,27.0,29.8,24.6,8.10,96,86,11.9
2021-09-04,27.3,29.9,25.0,5.20,96,85,11.5
2021-09-05,27.5,30.2,25.4,2.00,98,86,10.3
2021-09-06,27.1,29.7,25.1,10.30,96,89,9.2
2021-09-07,26.9,28.5,25.5,30.10,93,89,26.4
2021-09-08,25.7,26.6,24.8,101.30,95,91,58.8
2021-09-09,27.4,30.1,25.6,6.90,96,87,13.0
2021-09-10,26.7,28.6,25.5,25.80,93,88,24.3
2021-09-11,26.0,26.9,25.0,18.50,97,92,28.1
2021-09-12,26.6,28.4,24.7,6.30,98,91,12.4
2021-09-13,27.4,30.5,24.8,1.60,98,87,13.7
2021-09-14,27.8,31.5,24.9,2.00,99,85,11.8
2021-09-15,27.8,31.0,25.6,3.50,99,87,8.6
2021-09-16,27.2,30.0,25.0,13.20,97,89,8.9
2021-09-17,27.7,30.7,25.5,2.20,94,84,14.3
2021-09-18,28.1,31.7,25.2,2.10,99,85,17.4
2021-09-19,26.5,27.5,25.2,19.30,96,91,7.6
2021-09-20,26.6,28.8,24.9,2.60,97,90,6.2
2021-09-21,27.7,31.0,25.1,3.80,93,83,18.6
2021-09-22,28.2,31.3,25.4,0.50,93,80,20.6
2021-09-23,28.3,32.0,24.8,0.90,96,80,13.2
2021-09-24,27.7,30.8,24.9,2.70,99,85,7.9
2021-09-25,27.6,30.0,25.6,2.20,96,85,12.2
2021-09-26,28.4,30.5,26.2,2.10,94,83,9.1
2021-09-27,26.9,29.8,24.4,13.20,98,89,7.9
2021-09-28,27.2,30.5,25.0,13.40,95,86,11.7
2021-09-29,27.8,30.4,25.5,5.40,97,87,17.6
2021-09-30,27.4,28.9,25.9,8.60,94,88,17.5
2021-10-01,27.8,30.3,25.5,1.50,96,87,17.4
2021-10-02,27.4,30.5,25.2,10.00,95,87,11.2
2021-10-03,27.0,29.2,25.0,10.90,96,89,5.9
2021-10-04,27.2,30.1,25.6,4.80,95,87,10.0
2021-10-05,26.4,28.2,25.1,11.90,94,89,18.0
2021-10-06,26.4,28.0,24.8,7.10,98,88,7.4
2021-10-07,27.5,29.9,25.7,0.30,96,87,9.5
2021-10-08,27.1,30.1,25.1,1.80,93,84,14.1
2021-10-09,27.6,30.1,25.8,10.50,95,85,14.3
2021-10-10,28.1,30.1,26.5,2.60,94,85,15.6
2021-10-11,28.1,30.5,26.4,9.00,92,82,35.7
2021-10-12,26.8,29.5,25.4,16.30,96,89,23.7
2021-10-13,26.5,28.3,25.5,13.00,96,90,15.9
2021-10-14,26.1,28.8,24.4,30.10,96,90,12.2
2021-10-15,25.7,29.3,23.6,16.40,97,90,14.3
2021-10-16,27.2,30.7,24.9,1.00,97,85,13.5
2021-10-17,26.8,30.6,24.6,16.70,96,87,9.3
2021-10-18,26.6,28.9,24.0,1.50,97,87,12.5
2021-10-19,27.5,30.9,24.5,3.70,97,82,10.2
2021-10-20,27.4,30.3,25.2,1.10,94,84,10.9
2021-10-21,26.1,29.7,23.6,19.50,99,91,11.5
2021-10-22,27.0,29.8,24.6,1.60,95,86,12.3
2021-10-23,27.1,30.8,24.5,6.40,97,86,11.8
2021-10-24,26.1,27.0,24.9,4.60,95,90,12.8
2021-10-25,25.8,27.2,24.2,11.50,94,90,10.7
2021-10-26,27.0,30.2,24.3,1.10,96,86,6.2
2021-10-27,27.5,30.6,24.9,4.30,97,83,8.2
2021-10-28,27.4,30.2,25.1,0.80,91,79,14.8
2021-10-29,27.3,31.1,24.0,0.00,99,78,15.5
2021-10-30,27.5,31.5,24.0,1.40,97,79,12.4
2021-10-31,27.1,31.4,24.2,0.00,94,78,17.6
2021-11-01,27.2,31.3,24.8,0.40,95,81,12.0
2021-11-02,27.0,31.5,24.1,1.50,91,79,13.2
2021-11-03,27.9,32.3,25.1,0.20,96,78,15.0
2021-11-04,27.6,31.8,24.8,1.70,93,79,13.8
2021-11-05,27.7,30.8,24.9,1.90,96,81,18.9
2021-11-06,27.9,31.9,24.5,0.20,100,84,11.0
2021-11-07,28.3,32.3,25.6,0.80,96,81,17.1
2021-11-08,27.9,30.9,24.9,0.80,97,83,10.8
2021-11-09,27.7,32.5,24.3,0.10,100,79,18.5
2021-11-10,27.9,31.5,24.5,0.50,97,78,15.0
2021-11-11,28.1,32.2,25.4,0.20,96,76,12.6
2021-11-12,27.7,31.2,25.1,2.80,96,81,11.1
2021-11-13,27.7,31.5,24.9,0.90,96,82,12.2
2021-11-14,27.5,30.0,24.7,1.20,97,84,12.5
2021-11-15,27.2,30.9,24.8,4.50,99,87,10.1
2021-11-16,28.0,32.3,25.0,1.30,93,78,13.8
2021-11-17,27.9,32.2,24.6,1.10,94,78,15.0
2021-11-18,27.3,31.0,24.2,1.50,96,82,10.6
2021-11-19,27.6,30.1,24.3,1.20,98,82,10.9
2021-11-20,27.2,30.5,24.8,19.90,96,83,13.8
2021-11-21,27.2,30.1,24.8,1.30,95,84,8.9
2021-11-22,27.4,31.5,24.9,4.40,99,85,11.2
2021-11-23,27.5,31.6,24.8,2.70,96,83,12.4
2021-11-24,27.5,31.4,25.0,1.70,95,80,16.8
2021-11-25,27.1,30.0,25.4,5.80,93,84,10.9
2021-11-26,26.2,27.1,24.9,3.30,97,91,9.5
2021-11-27,26.5,30.3,24.8,5.10,97,87,11.5
2021-11-28,25.9,26.8,24.6,8.50,97,91,12.0
2021-11-29,26.7,30.5,24.0,13.00,96,86,7.7
2021-11-30,28.0,31.0,25.4,1.70,93,81,10.2
2021-12-01,27.1,30.8,24.7,3.00,86,77,11.3
2021-12-02,26.3,30.5,22.9,0.00,87,71,10.4
2021-12-03,25.4,29.9,22.0,0.60,92,73,12.0
2021-12-04,25.3,29.2,22.6,0.40,91,75,17.4
2021-12-05,25.5,29.5,22.5,0.60,92,74,12.0
2021-12-06,25.4,28.7,22.6,1.00,95,79,10.4
2021-12-07,25.5,29.0,23.2,1.40,90,77,18.9
2021-12-08,26.3,30.7,23.9,0.00,92,71,14.7
2021-12-09,26.2,30.1,22.9,0.00,93,72,14.9
2021-12-10,26.5,30.5,23.9,0.00,93,72,15.9
2021-12-11,26.7,30.1,24.4,0.00,95,79,17.2
2021-12-12,26.8,30.5,24.5,0.30,92,79,14.3
2021-12-13,26.6,30.5,23.4,0.50,96,77,16.6
2021-12-14,26.0,30.5,22.7,0.00,94,73,15.7
2021-12-15,26.3,30.8,23.8,0.00,85,72,19.0
2021-12-16,27.2,30.0,25.5,1.00,88,73,23.2
2021-12-17,27.6,31.1,25.9,3.90,86,78,21.5
2021-12-18,27.2,32.0,24.1,11.60,99,82,20.9
2021-12-19,24.8,26.0,23.5,19.70,96,93,9.2
2021-12-20,26.6,29.7,23.6,0.80,97,84,12.9
2021-12-21,26.9,30.4,23.9,1.10,97,84,11.4
2021-12-22,25.3,28.6,23.1,21.10,98,91,11.6
2021-12-23,26.7,29.7,23.8,0.60,97,83,13.9
2021-12-24,26.2,29.5,23.0,0.20,97,86,10.5
2021-12-25,26.6,30.6,24.1,2.10,92,79,10.1
2021-12-26,25.7,29.5,22.9,6.20,96,81,17.9
2021-12-27,24.7,27.2,23.0,3.60,91,84,13.0
2021-12-28,24.7,27.8,22.4,0.50,95,82,15.3
2021-12-29,25.3,29.1,22.9,1.10,94,80,19.1
2021-12-30,25.1,29.2,22.0,0.10,98,77,20.1
2021-12-31,25.0,28.6,22.2,0.00,94,75,21.1
2022-01-01,24.8,28.6,21.4,0.10,99,77,20.0
2022-01-02,24.8,28.3,21.9,0.00,96,76,18.4
2022-01-03,25.2,29.3,22.5,0.00,88,70,19.6
2022-01-04,25.2,29.0,21.8,0.00,99,75,19.5
2022-01-05,25.8,30.4,22.4,0.00,98,74,18.2
2022-01-06,25.3,28.6,21.9,1.30,96,77,15.4
2022-01-07,25.7,30.0,22.0,0.00,96,75,11.4
2022-01-08,25.3,29.6,22.1,1.80,97,82,8.9
2022-01-09,25.7,29.2,22.5,0.40,97,82,7.3
2022-01-10,26.1,29.4,23.1,0.20,92,79,12.6
2022-01-11,25.5,29.7,21.6,0.00,96,76,18.0
2022-01-12,25.4,28.5,22.4,1.70,93,75,13.7
2022-01-13,25.0,28.0,21.9,1.70,94,78,12.8
2022-01-14,24.9,29.0,21.3,0.40,96,74,17.2
2022-01-15,24.6,29.6,20.5,0.00,97,71,22.3
2022-01-16,25.3,30.3,21.1,0.00,98,72,22.0
2022-01-17,24.8,29.4,20.6,0.00,98,73,17.9
2022-01-18,25.3,30.0,22.6,0.00,84,68,17.2
2022-01-19,25.8,30.4,23.0,1.50,95,76,11.4
2022-01-20,25.7,30.2,22.9,3.80,97,79,18.5
2022-01-21,25.8,29.5,22.5,1.10,97,79,15.5
2022-01-22,26.6,30.6,23.4,1.10,93,75,18.5
2022-01-23,26.5,31.0,23.1,1.80,98,79,17.2
2022-01-24,26.3,29.8,22.7,0.90,97,81,12.5
2022-01-25,27.0,32.0,24.4,0.00,87,71,16.0
2022-01-26,26.3,30.1,23.9,3.40,97,83,11.4
2022-01-27,27.1,31.6,24.0,3.20,96,80,21.1
2022-01-28,27.7,32.5,23.3,0.10,97,74,17.6
2022-01-29,27.7,31.5,25.5,1.00,89,78,19.2
2022-01-30,26.5,29.3,24.5,8.10,93,82,24.1
2022-01-31,27.1,31.7,23.4,0.00,92,72,15.1
2022-02-01,26.5,30.9,22.7,2.80,95,73,15.9
2022-02-02,26.7,31.3,23.5,0.00,85,68,17.0
2022-02-03,26.0,29.5,22.4,2.10,92,77,11.6
2022-02-04,27.0,32.0,22.9,0.00,95,68,16.8
2022-02-05,26.3,30.6,23.5,0.00,84,70,18.4
2022-02-06,26.8,31.1,24.1,0.00,85,69,23.4
2022-02-07,25.7,30.0,22.8,5.20,99,82,20.0
2022-02-08,27.2,32.0,23.2,0.40,94,75,15.5
2022-02-09,27.0,31.9,22.6,0.90,99,72,17.0
2022-02-10,27.1,32.5,22.6,0.00,97,71,18.9
2022-02-11,27.1,32.5,23.0,0.00,93,70,19.2
2022-02-12,27.0,32.5,24.2,5.70,93,75,18.5
2022-02-13,27.3,30.9,24.0,0.80,95,75,17.4
2022-02-14,26.2,30.1,23.4,7.20,99,83,11.4
2022-02-15,27.2,31.5,24.0,0.10,94,76,13.9
2022-02-16,26.6,30.2,23.9,3.20,89,77,12.1
2022-02-17,26.8,30.2,24.1,0.90,94,77,20.3
2022-02-18,27.0,30.8,23.5,2.90,98,76,14.1
2022-02-19,27.5,31.5,24.3,0.90,92,76,16.9
2022-02-20,27.6,31.5,24.0,1.80,96,73,16.4
2022-02-21,27.9,32.7,25.0,0.30,90,72,20.2
2022-02-22,26.3,30.4,24.1,4.60,92,80,16.2
2022-02-23,26.7,32.0,22.5,0.40,96,75,16.6
2022-02-24,27.9,32.9,24.1,0.20,90,68,17.7
2022-02-25,27.5,32.0,24.6,0.60,85,69,19.1
2022-02-26,26.9,31.5,23.0,4.30,96,72,15.6
2022-02-27,27.4,32.4,23.2,2.10,97,72,16.6
2022-02-28,27.8,32.6,23.5,0.00,88,68,24.4
2022-03-01,27.6,34.0,23.2,0.00,88,65,24.3
2022-03-02,28.1,33.2,24.3,1.50,94,70,17.0
2022-03-03,28.1,34.0,22.8,0.60,98,70,21.2
2022-03-04,28.0,32.8,24.4,1.30,88,71,16.4
2022-03-05,28.1,32.0,23.5,0.00,89,66,23.9
2022-03-06,28.2,34.2,24.1,0.00,83,63,19.8
2022-03-07,27.8,31.5,24.1,0.00,87,67,16.0
2022-03-08,28.1,32.6,24.4,0.10,82,65,15.9
2022-03-09,27.8,32.1,24.9,0.00,71,61,19.8
2022-03-10,28.4,33.5,25.0,0.40,88,65,22.0
2022-03-11,28.0,32.8,25.5,2.80,91,75,10.8
2022-03-12,27.5,32.9,24.1,3.60,94,78,18.7
2022-03-13,27.7,31.7,25.2,6.90,90,77,17.7
2022-03-14,27.6,31.8,24.4,9.40,95,79,6.6
2022-03-15,28.1,32.9,24.9,0.50,97,78,10.7
2022-03-16,28.0,32.3,24.6,6.80,97,79,14.2
2022-03-17,29.0,33.5,25.4,1.90,92,73,19.3
2022-03-18,27.8,33.2,24.8,9.00,96,80,16.2
2022-03-19,28.9,32.8,25.4,0.60,92,74,16.5
2022-03-20,29.3,34.3,25.4,0.40,87,69,15.8
2022-03-21,29.8,34.5,25.9,0.20,87,66,20.6
2022-03-22,29.8,34.8,25.1,0.00,89,68,19.3
2022-03-23,29.3,34.3,25.4,1.60,88,70,13.0
2022-03-24,29.6,35.0,25.5,0.20,85,65,19.3
2022-03-25,30.1,35.0,26.4,0.00,84,64,20.0
2022-03-26,30.0,34.3,26.2,1.20,85,66,15.6
2022-03-27,29.8,35.4,25.3,0.40,91,65,19.5
2022-03-28,29.7,35.2,26.0,0.50,81,63,21.2
2022-03-29,29.2,33.2,26.0,0.30,81,66,26.1
2022-03-30,29.6,34.5,25.6,0.20,87,65,23.4
2022-03-31,30.0,35.0,25.9,0.00,87,65,14.7
2022-04-01,28.9,34.2,24.9,1.00,93,69,16.2
2022-04-02,28.4,34.1,23.3,1.70,99,68,20.6
2022-04-03,28.9,34.5,24.8,0.00,88,61,14.8
2022-04-04,28.7,32.7,25.6,3.70,84,65,19.5
2022-04-05,27.0,30.5,24.2,2.00,97,80,13.4
2022-04-06,28.0,31.6,25.2,2.30,90,76,12.6
2022-04-07,28.2,32.9,25.1,2.40,88,73,15.6
2022-04-08,26.7,30.4,25.4,22.00,92,84,10.3
2022-04-09,28.2,32.0,25.2,0.80,92,74,13.9
2022-04-10,26.8,29.9,25.2,1.60,88,81,12.1
2022-04-11,27.8,31.4,25.0,1.20,93,76,15.8
2022-04-12,26.7,30.0,24.4,5.10,95,82,11.6
2022-04-13,27.4,30.8,24.9,4.30,93,80,19.1
2022-04-14,27.9,31.6,24.2,3.30,95,77,14.8
2022-04-15,28.2,32.3,24.8,1.50,90,73,16.5
2022-04-16,27.8,31.6,24.8,4.90,93,75,12.3
2022-04-17,26.3,28.4,24.8,10.90,93,85,14.8
2022-04-18,27.9,32.5,23.8,2.80,98,72,18.8
2022-04-19,28.0,32.2,24.5,1.40,94,73,17.6
2022-04-20,28.0,32.2,24.6,6.90,98,76,17.8
2022-04-21,28.8,32.7,25.8,1.60,91,75,13.1
2022-04-22,29.0,33.4,24.9,0.70,93,72,16.5
2022-04-23,29.4,34.1,25.6,0.00,91,67,21.3
2022-04-24,29.2,33.7,26.1,1.20,85,70,20.9
2022-04-25,29.1,33.3,26.5,1.00,87,71,17.8
2022-04-26,29.3,33.2,26.1,0.70,87,71,17.1
2022-04-27,29.2,34.2,25.5,4.40,92,71,17.4
2022-04-28,29.7,34.5,26.4,0.50,86,69,23.4
2022-04-29,28.9,34.3,24.5,7.90,95,74,20.3
2022-04-30,29.3,34.0,25.9,0.30,89,72,18.7
2022-05-01,29.5,34.5,25.1,0.00,88,68,23.4
2022-05-02,29.6,33.8,25.5,1.30,87,66,18.9
2022-05-03,29.7,34.8,25.5,0.50,91,66,16.4
2022-05-04,29.7,34.7,25.1,1.40,89,64,23.1
2022-05-05,30.5,35.8,25.8,0.20,89,61,14.1
2022-05-06,30.6,35.6,26.7,0.00,86,64,17.2
2022-05-07,30.8,35.8,26.9,1.30,82,64,19.9
2022-05-08,30.9,36.8,26.7,0.00,81,61,21.0
2022-05-09,30.7,36.1,26.6,0.80,82,60,20.8
2022-05-10,30.6,35.5,26.9,1.50,80,61,20.1
2022-05-11,30.7,35.3,26.9,0.70,81,62,19.4
2022-05-12,30.8,35.7,27.1,2.20,81,63,20.6
2022-05-13,29.7,34.8,26.4,9.30,91,72,14.0
2022-05-14,28.8,33.9,26.1,2.30,93,77,16.5
2022-05-15,28.2,33.5,25.7,7.40,92,80,15.5
2022-05-16,27.3,32.1,25.6,18.70,93,85,16.5
2022-05-17,27.2,31.0,25.5,12.40,92,84,14.5
2022-05-18,26.8,29.6,25.4,16.30,96,87,13.4
2022-05-19,26.8,30.6,24.8,14.30,95,87,16.9
2022-05-20,26.5,29.9,24.9,15.40,94,87,10.4
2022-05-21,27.6,30.3,25.5,0.90,93,80,13.5
2022-05-22,26.5,30.0,25.2,15.30,95,88,14.6
2022-05-23,27.6,31.2,25.2,6.20,95,84,12.1
2022-05-24,29.0,32.2,26.5,0.50,95,80,15.5
2022-05-25,28.4,32.2,25.7,3.50,96,83,13.2
2022-05-26,28.1,31.7,24.9,9.40,95,82,16.9
2022-05-27,28.4,32.8,24.6,19.70,93,79,13.8
2022-05-28,26.6,28.2,25.0,15.30,96,88,8.9
2022-05-29,28.4,31.1,25.6,0.90,95,80,21.4
2022-05-30,27.7,32.5,24.1,12.90,94,81,13.0
2022-05-31,27.7,30.4,25.3,4.50,91,82,16.6
2022-06-01,27.2,29.7,25.2,3.10,99,86,10.0
2022-06-02,28.3,30.9,26.0,4.90,92,81,18.2
2022-06-03,28.4,31.8,25.5,0.30,93,78,24.1
2022-06-04,28.3,32.3,25.0,0.70,97,79,12.9
2022-06-05,29.4,32.7,26.1,0.10,93,74,16.3
2022-06-06,29.3,32.3,27.1,1.50,86,74,16.1
2022-06-07,28.1,31.4,24.1,37.40,93,79,18.2
2022-06-08,28.2,31.9,25.4,2.40,94,81,13.8
2022-06-09,29.1,32.8,26.0,0.70,97,77,15.9
2022-06-10,28.5,32.9,25.5,2.50,89,78,16.3
2022-06-11,29.1,32.4,25.8,4.70,89,77,14.6
2022-06-12,27.6,31.2,25.1,15.30,93,83,10.5
2022-06-13,28.4,32.3,26.0,10.70,95,82,18.8
2022-06-14,28.3,33.5,25.4,9.20,94,80,18.3
2022-06-15,28.6,32.9,25.8,5.20,94,78,14.3
2022-06-16,29.1,32.2,26.2,1.30,93,77,14.6
2022-06-17,29.4,32.8,26.1,0.80,93,75,12.6
2022-06-18,28.3,32.2,25.3,3.20,98,79,15.7
2022-06-19,28.1,33.1,24.9,8.80,98,80,9.4
2022-06-20,28.1,32.8,24.6,6.70,93,79,14.8
2022-06-21,27.8,32.3,23.9,14.90,95,79,23.2
2022-06-22,27.6,31.6,25.0,6.30,93,80,16.5
2022-06-23,27.6,31.1,25.6,2.10,90,80,14.2
2022-06-24,27.8,31.3,25.5,2.90,94,82,10.1
2022-06-25,28.2,30.8,25.9,2.70,98,82,10.5
2022-06-26,27.4,29.9,25.9,16.20,94,86,9.2
2022-06-27,26.4,28.7,25.4,31.20,95,89,10.8
2022-06-28,26.4,29.3,25.1,29.10,93,88,17.7
2022-06-29,26.9,29.6,25.9,13.10,95,88,9.7
2022-06-30,27.5,30.5,25.8,20.60,96,86,16.8
2022-07-01,27.3,29.5,25.8,2.00,92,84,16.3
2022-07-02,28.3,30.5,26.0,0.20,94,82,10.8
2022-07-03,29.0,31.8,26.2,0.50,96,77,15.8
2022-07-04,27.8,32.2,25.1,2.90,96,84,11.8
2022-07-05,26.7,30.2,24.7,14.60,97,90,11.5
2022-07-06,26.9,30.8,25.1,23.70,94,86,11.1
2022-07-07,26.2,28.9,24.5,18.00,95,89,10.9
2022-07-08,26.7,29.8,24.8,37.10,93,87,15.2
2022-07-09,27.8,31.0,25.9,6.90,90,82,16.5
2022-07-10,28.2,31.9,25.9,3.30,93,83,14.1
2022-07-11,27.5,32.0,24.8,16.60,95,85,20.4
2022-07-12,27.1,31.0,25.1,22.50,94,87,13.5
2022-07-13,27.4,29.5,25.1,3.60,97,86,18.9
2022-07-14,28.4,31.2,25.8,2.50,96,82,16.9
2022-07-15,28.1,31.0,25.5,11.80,96,84,13.1
2022-07-16,27.2,31.2,24.7,21.20,98,87,12.8
2022-07-17,26.6,30.0,24.5,18.00,98,88,11.3
2022-07-18,26.6,30.8,24.7,20.70,98,88,12.8
2022-07-19,27.7,31.4,25.5,7.00,92,83,15.5
2022-07-20,28.5,32.2,24.9,20.50,94,79,19.7
2022-07-21,27.6,29.5,26.0,0.10,98,87,8.1
2022-07-22,27.2,31.0,25.0,4.60,100,88,10.8
2022-07-23,28.1,31.9,25.5,4.60,99,85,12.3
2022-07-24,28.0,31.6,25.5,15.30,92,83,16.9
2022-07-25,27.7,32.0,25.1,18.50,95,84,9.0
2022-07-26,27.8,31.4,25.0,7.10,96,85,17.3
2022-07-27,27.6,30.5,25.9,13.40,95,85,21.6
2022-07-28,27.4,30.3,25.5,17.80,95,86,17.1
2022-07-29,27.0,29.2,25.5,26.00,93,87,19.8
2022-07-30,26.5,28.7,25.1,15.30,94,88,20.3
2022-07-31,27.2,29.4,25.2,6.10,95,86,21.4
2022-08-01,26.6,30.1,24.7,10.50,96,87,20.0
2022-08-02,27.7,30.3,25.5,1.20,93,84,11.6
2022-08-03,27.6,31.4,24.5,17.40,96,83,16.6
2022-08-04,26.3,29.8,24.5,41.20,96,89,10.8
2022-08-05,25.6,26.8,24.6,54.90,94,91,20.0
2022-08-06,26.4,28.5,24.7,7.90,95,88,19.6
2022-08-07,26.5,30.0,25.4,25.90,96,89,10.9
2022-08-08,26.4,29.0,25.4,15.00,94,88,15.0
2022-08-09,27.3,30.0,25.0,1.20,96,83,21.6
2022-08-10,27.7,30.5,25.0,0.50,95,82,15.4
2022-08-11,26.6,28.9,24.5,4.80,95,87,13.2
2022-08-12,27.3,30.5,24.2,14.70,96,84,12.1
2022-08-13,26.7,29.9,25.0,15.90,95,87,17.7
2022-08-14,26.3,29.4,24.4,32.70,93,87,11.4
2022-08-15,26.3,28.3,25.3,25.00,95,88,21.4
2022-08-16,27.8,29.9,26.3,3.90,88,81,24.0
2022-08-17,26.7,29.5,25.0,22.70,95,86,26.3
2022-08-18,26.1,28.1,24.8,18.10,96,91,11.5
2022-08-19,26.7,30.7,24.4,5.20,98,87,13.8
2022-08-20,26.6,29.8,24.2,5.90,98,89,13.0
2022-08-21,26.8,29.6,24.4,17.90,96,87,11.8
2022-08-22,26.7,28.6,25.1,19.80,92,86,23.7
2022-08-23,25.3,26.6,24.0,26.40,95,91,34.7
2022-08-24,26.4,28.8,24.5,2.40,96,89,10.9
2022-08-25,27.7,31.1,24.6,3.60,97,86,9.5
2022-08-26,27.7,30.8,25.2,2.00,96,86,9.4
2022-08-27,27.5,30.0,25.7,2.30,95,86,12.6
2022-08-28,27.2,31.5,24.6,12.30,96,85,10.4
2022-08-29,27.9,31.0,25.0,2.30,99,85,11.2
2022-08-30,27.2,29.6,25.3,8.20,97,87,12.3
2022-08-31,27.4,29.5,25.3,2.70,95,87,17.2
2022-09-01,27.4,29.2,26.1,6.40,91,84,26.5
2022-09-02,26.6,28.0,25.5,32.50,91,88,27.7
2022-09-03,26.6,28.0,25.8,20.10,94,89,31.9
2022-09-04,27.3,29.3,26.2,4.30,90,85,31.8
2022-09-05,27.3,29.9,25.5,9.40,95,86,24.6
2022-09-06,27.4,31.1,24.9,13.70,94,86,12.9
2022-09-07,28.5,32.3,25.6,0.30,96,83,7.6
2022-09-08,27.6,31.5,24.2,11.30,96,85,10.8
2022-09-09,26.9,30.6,24.5,16.90,96,86,10.9
2022-09-10,26.7,28.1,24.5,9.80,94,86,24.1
2022-09-11,27.3,29.1,25.6,7.30,91,83,20.8
2022-09-12,27.8,29.9,26.3,5.50,91,82,21.6
2022-09-13,27.9,30.1,25.9,1.60,90,81,20.3
2022-09-14,27.1,29.2,25.6,9.10,93,85,24.4
2022-09-15,27.4,29.5,25.5,2.10,91,84,22.1
2022-09-16,26.7,29.2,24.9,30.80,93,85,21.0
2022-09-17,26.9,29.0,25.1,14.50,94,85,15.5
2022-09-18,26.8,29.2,25.6,15.70,93,86,28.3
2022-09-19,26.1,28.3,25.2,29.10,93,88,24.0
2022-09-20,25.8,26.7,25.1,29.10,93,90,21.8
2022-09-21,25.8,28.6,24.0,19.10,96,89,21.7
2022-09-22,26.0,28.2,23.5,8.30,96,87,13.9
2022-09-23,25.9,29.0,23.9,18.20,99,88,14.8
2022-09-24,27.4,29.9,25.0,0.40,98,86,12.0
2022-09-25,26.4,28.0,25.3,78.40,93,88,41.8
2022-09-26,26.7,30.2,25.2,10.80,95,88,16.6
2022-09-27,26.6,30.2,24.4,12.40,97,88,14.5
2022-09-28,26.7,29.6,24.5,16.60,98,88,11.3
2022-09-29,27.0,30.5,25.0,3.20,97,86,10.2
2022-09-30,26.6,29.1,24.5,5.30,96,86,15.2
2022-10-01,27.3,31.6,24.4,0.80,97,84,17.7
2022-10-02,27.4,30.7,24.9,4.40,95,84,11.9
2022-10-03,26.7,30.4,24.0,6.10,96,88,13.2
2022-10-04,27.0,29.9,25.2,11.60,96,88,10.0
2022-10-05,27.2,30.1,25.4,8.40,94,86,13.2
2022-10-06,28.1,32.0,24.9,1.00,94,81,10.5
2022-10-07,27.0,30.4,24.8,5.20,99,87,11.3
2022-10-08,27.6,30.8,25.0,1.10,96,85,9.1
2022-10-09,27.1,30.2,24.6,2.90,96,85,10.1
2022-10-10,27.2,30.5,24.6,1.00,94,81,18.5
2022-10-11,27.7,30.8,25.0,5.80,93,80,19.9
2022-10-12,27.8,29.6,25.7,3.50,94,82,16.4
2022-10-13,27.1,30.9,24.3,23.10,98,86,11.6
2022-10-14,27.2,30.0,24.8,23.00,95,85,15.0
2022-10-15,28.2,30.2,26.4,1.70,88,79,23.8
2022-10-16,27.1,30.0,25.5,4.40,92,84,27.0
2022-10-17,27.0,28.9,25.1,4.40,94,86,22.0
2022-10-18,27.0,30.2,24.5,5.40,95,86,12.3
2022-10-19,26.4,29.8,24.1,29.60,97,89,10.7
2022-10-20,25.9,28.9,24.3,17.20,96,90,10.1
2022-10-21,27.4,30.5,25.0,1.60,97,87,8.7
2022-10-22,27.5,31.1,25.1,7.40,97,86,13.8
2022-10-23,27.1,29.9,24.8,4.80,98,89,7.5
2022-10-24,27.4,29.8,25.1,4.40,96,86,11.8
2022-10-25,26.1,28.7,25.0,38.40,93,88,12.8
2022-10-26,27.0,30.6,24.0,2.10,98,82,18.0
2022-10-27,28.0,32.0,25.5,0.00,91,75,12.5
2022-10-28,26.6,28.5,24.9,31.70,92,84,29.3
2022-10-29,25.6,26.8,25.0,130.30,95,91,44.2
2022-10-30,27.1,28.5,25.5,18.30,94,87,30.8
2022-10-31,27.4,29.9,25.8,3.10,93,84,23.1
2022-11-01,26.5,28.5,24.1,18.50,99,88,19.6
2022-11-02,26.9,29.8,24.3,0.50,96,86,14.1
2022-11-03,26.2,29.8,23.7,11.40,98,89,11.6
2022-11-04,26.2,29.0,23.6,9.70,100,90,7.2
2022-11-05,26.6,29.6,24.1,5.40,97,88,7.6
2022-11-06,27.1,29.6,24.6,0.50,96,85,12.2
2022-11-07,27.1,29.5,25.0,1.30,97,87,10.8
2022-11-08,26.1,27.5,24.5,6.40,97,91,6.9
2022-11-09,27.4,30.6,24.7,1.10,100,87,8.1
2022-11-10,27.4,30.6,24.7,0.50,98,83,15.8
2022-11-11,27.6,31.0,24.8,0.10,97,83,13.1
2022-11-12,27.0,30.5,24.1,6.10,99,88,7.6
2022-11-13,27.6,31.1,24.7,0.50,97,86,7.2
2022-11-14,27.8,31.5,25.0,1.00,97,84,16.5
2022-11-15,27.6,31.0,25.1,0.90,96,84,11.4
2022-11-16,27.7,31.5,24.8,0.80,93,80,15.5
2022-11-17,27.3,31.0,24.6,3.80,96,82,12.9
2022-11-18,26.8,29.9,24.5,2.10,97,85,13.0
2022-11-19,26.1,29.6,24.5,26.70,95,88,12.6
2022-11-20,26.8,29.6,24.5,1.10,98,86,17.3
2022-11-21,26.5,29.3,25.0,10.00,93,86,18.5
2022-11-22,27.3,30.2,24.9,0.20,94,83,17.4
2022-11-23,27.4,30.1,24.5,0.70,97,82,15.0
2022-11-24,27.8,31.9,24.6,0.10,97,81,15.2
2022-11-25,26.9,30.5,24.1,1.30,96,84,13.2
2022-11-26,26.8,30.8,22.8,0.70,100,85,10.1
2022-11-27,27.1,30.8,23.6,0.00,97,78,16.6
2022-11-28,27.2,29.9,24.5,2.50,97,84,11.2
2022-11-29,27.8,32.2,24.6,0.20,100,83,7.8
2022-11-30,27.5,31.7,24.5,22.70,97,84,14.5
2022-12-01,27.2,30.5,24.6,0.80,95,82,16.5
2022-12-02,27.3,31.4,24.1,0.70,98,82,20.0
2022-12-03,27.8,31.8,24.8,0.30,96,80,15.1
2022-12-04,27.3,31.0,24.5,0.30,99,84,10.5
2022-12-05,27.0,30.1,24.1,0.30,98,84,11.5
2022-12-06,27.4,31.0,24.0,0.70,92,79,15.0
2022-12-07,27.1,30.6,24.0,1.40,99,82,11.0
2022-12-08,26.9,29.2,24.5,3.70,95,84,13.5
2022-12-09,25.9,28.7,24.5,8.60,96,90,9.0
2022-12-10,25.7,28.6,23.8,11.90,96,88,12.0
2022-12-11,26.7,29.0,24.4,1.20,94,82,10.0
2022-12-12,26.9,29.2,24.6,0.60,94,82,8.3
2022-12-13,27.0,29.8,25.0,2.00,94,84,10.0
2022-12-14,26.6,30.1,24.5,2.50,97,87,11.5
2022-12-15,27.2,31.1,25.0,0.70,96,84,15.1
2022-12-16,27.6,32.1,24.8,0.10,95,79,15.2
2022-12-17,27.2,30.5,24.9,1.30,93,80,14.4
2022-12-18,26.4,29.2,24.2,0.30,79,73,24.3
2022-12-19,25.4,27.4,23.6,2.20,89,79,24.1
2022-12-20,24.8,27.5,23.1,17.00,97,90,15.5
2022-12-21,25.7,29.1,23.0,3.10,96,87,18.1
2022-12-22,25.8,27.9,24.1,0.70,88,78,14.4
2022-12-23,25.5,28.6,23.5,0.50,83,71,13.4
2022-12-24,24.7,27.7,22.9,0.00,80,68,13.5
2022-12-25,24.1,27.0,21.8,0.00,88,72,14.3
2022-12-26,24.6,27.7,22.0,0.00,92,71,15.5
2022-12-27,24.5,27.1,22.3,0.00,92,77,13.0
2022-12-28,25.3,29.2,22.5,11.60,94,77,18.7
2022-12-29,25.0,27.7,23.1,3.60,95,85,20.5
2022-12-30,26.4,30.8,23.1,0.30,91,80,11.2
2022-12-31,25.7,29.0,23.2,11.20,97,84,8.1
2023-01-01,26.2,28.8,23.5,1.40,98,86,7.3
2023-01-02,26.8,31.1,23.9,5.30,94,80,14.4
2023-01-03,26.0,28.8,24.6,2.80,90,82,14.0
2023-01-04,25.6,28.5,23.6,7.60,98,84,14.3
2023-01-05,24.9,27.0,23.6,4.30,98,92,8.0
2023-01-06,24.9,28.0,23.2,17.60,99,91,13.2
2023-01-07,25.1,29.4,21.8,0.20,97,80,21.6
2023-01-08,24.6,28.5,21.6,1.00,95,79,17.0
2023-01-09,25.3,29.5,22.2,0.00,94,78,10.8
2023-01-10,25.1,28.6,22.5,0.10,96,81,11.2
2023-01-11,25.4,29.4,21.9,0.00,100,79,11.7
2023-01-12,25.7,30.3,22.6,0.00,98,78,16.5
2023-01-13,25.7,29.1,23.2,1.20,98,83,13.8
2023-01-14,25.1,27.8,23.1,10.60,98,89,9.8
2023-01-15,24.6,27.5,23.1,16.20,99,93,10.6
2023-01-16,25.4,28.5,23.0,2.00,97,85,8.3
2023-01-17,25.9,29.0,24.0,2.80,93,83,19.1
2023-01-18,25.5,29.0,23.7,4.70,90,84,12.4
2023-01-19,26.1,29.5,23.8,0.10,88,76,14.0
2023-01-20,25.9,29.1,23.8,0.80,91,80,15.9
2023-01-21,25.5,28.4,23.1,4.60,98,84,11.1
2023-01-22,25.6,29.0,22.5,0.40,98,83,12.6
2023-01-23,26.4,31.0,23.4,0.30,94,77,11.2
2023-01-24,26.4,30.6,23.6,0.50,86,71,16.2
2023-01-25,24.9,29.0,22.1,0.00,84,72,17.7
2023-01-26,25.9,29.5,23.6,0.00,84,72,18.0
2023-01-27,24.9,27.5,23.0,8.40,91,82,16.8
2023-01-28,24.7,27.6,22.3,0.00,87,74,16.3
2023-01-29,24.6,27.8,22.4,0.10,89,76,18.6
2023-01-30,25.6,29.0,23.1,0.00,93,77,13.0
2023-01-31,25.3,28.6,22.9,0.00,94,77,18.8
2023-02-01,26.6,31.0,23.8,0.00,97,78,21.1
2023-02-02,26.3,31.1,22.8,0.60,100,82,15.9
2023-02-03,26.6,31.7,23.1,0.80,96,76,16.2
2023-02-04,26.2,30.8,22.5,0.00,93,70,18.4
2023-02-05,26.4,30.6,23.7,2.10,92,74,15.2
2023-02-06,26.5,29.5,24.4,0.60,95,81,10.7
2023-02-07,26.8,31.0,23.4,0.50,97,79,15.0
2023-02-08,26.4,30.5,22.6,3.90,96,78,13.9
2023-02-09,26.2,31.1,22.1,0.10,96,72,19.5
2023-02-10,26.5,31.9,22.2,0.00,99,73,16.6
2023-02-11,27.2,32.1,23.6,0.00,94,72,22.9
2023-02-12,26.9,32.1,22.6,0.20,95,74,20.9
2023-02-13,26.5,29.8,22.4,0.30,99,75,19.1
2023-02-14,26.0,29.8,21.6,1.20,96,73,11.9
2023-02-15,26.6,31.3,23.6,0.00,86,65,20.8
2023-02-16,25.6,29.8,21.7,2.60,85,67,19.3
2023-02-17,26.0,30.7,22.9,0.00,92,67,18.9
2023-02-18,26.7,31.0,23.6,3.30,91,70,18.0
2023-02-19,24.2,24.9,23.4,19.30,96,91,14.7
2023-02-20,25.8,29.3,23.5,6.40,95,86,11.9
2023-02-21,25.6,28.4,22.2,1.30,90,80,12.2
2023-02-22,25.9,28.8,23.0,0.00,92,77,14.0
2023-02-23,26.2,29.9,23.4,0.00,96,82,10.7
2023-02-24,27.1,30.2,23.8,0.10,96,77,8.2
2023-02-25,27.6,31.4,25.0,2.00,88,74,13.9
2023-02-26,26.7,30.0,24.1,0.10,82,73,22.9
2023-02-27,25.8,29.2,23.0,0.00,88,73,18.4
2023-02-28,25.9,29.8,22.9,0.00,89,71,17.5
2023-03-01,26.5,30.0,23.9,0.70,96,78,11.0
2023-03-02,25.5,29.8,22.0,1.00,84,69,17.3
2023-03-03,25.2,29.6,21.4,0.00,93,70,18.4
2023-03-04,25.6,30.0,22.6,0.20,88,72,14.9
2023-03-05,25.2,29.8,20.8,0.00,86,67,16.3
2023-03-06,25.1,30.0,20.8,0.00,91,67,18.5
2023-03-07,25.5,29.9,22.2,0.00,87,70,19.4
2023-03-08,25.8,29.5,21.9,1.00,92,73,12.3
2023-03-09,25.9,29.5,22.2,0.40,93,72,12.6
2023-03-10,25.3,29.1,21.0,4.00,98,74,14.0
2023-03-11,25.6,29.8,21.6,0.10,93,71,15.8
2023-03-12,26.4,31.1,23.0,0.40,90,69,13.1
2023-03-13,24.8,27.5,22.2,4.70,93,80,13.0
2023-03-14,25.8,30.6,21.7,0.00,95,73,19.6
2023-03-15,26.7,30.8,23.0,0.70,95,74,13.3
2023-03-16,27.6,32.5,23.5,0.00,89,68,16.3
2023-03-17,27.3,31.9,22.8,0.90,88,69,15.8
2023-03-18,27.4,32.2,24.0,0.00,87,70,21.3
2023-03-19,27.3,32.3,23.0,0.00,90,68,20.9
2023-03-20,26.9,31.9,22.6,0.00,93,70,22.0
2023-03-21,27.3,32.0,22.6,0.00,87,69,24.7
2023-03-22,28.7,34.0,25.0,0.00,90,67,19.7
2023-03-23,28.9,34.2,23.8,0.00,92,65,19.9
2023-03-24,29.3,34.2,25.9,1.30,86,69,20.9
2023-03-25,29.4,34.7,25.4,0.00,85,67,21.5
2023-03-26,28.9,33.6,24.1,0.00,88,68,22.2
2023-03-27,28.8,34.4,24.4,0.20,88,65,21.7
2023-03-28,28.8,33.5,25.0,1.40,85,65,17.6
2023-03-29,28.5,33.2,24.9,0.80,81,64,19.2
2023-03-30,28.9,33.2,25.4,0.60,87,68,20.0
2023-03-31,29.1,33.3,25.6,0.90,89,70,16.5
2023-04-01,29.3,34.2,25.0,0.20,94,69,15.3
2023-04-02,28.4,33.7,24.9,3.70,89,71,18.8
2023-04-03,27.9,32.8,23.5,22.30,96,74,16.0
2023-04-04,27.9,32.2,25.1,1.20,83,67,20.1
2023-04-05,28.4,33.0,24.4,0.00,85,62,20.8
2023-04-06,28.6,32.9,25.5,1.20,78,63,17.6
2023-04-07,28.8,32.7,25.0,0.00,86,66,13.7
2023-04-08,29.0,34.2,25.5,0.50,86,64,18.6
2023-04-09,28.4,33.3,24.9,0.80,84,67,21.3
2023-04-10,28.3,31.6,24.6,1.10,87,67,14.2
2023-04-11,28.5,32.2,25.4,0.00,86,68,22.4
2023-04-12,26.1,29.2,25.0,22.20,96,87,12.2
2023-04-13,25.4,27.5,24.4,38.10,95,91,28.5
2023-04-14,26.6,29.2,24.7,8.60,95,87,13.8
2023-04-15,27.9,30.8,25.5,1.40,97,81,14.5
2023-04-16,27.8,30.9,25.4,2.10,95,83,13.4
2023-04-17,28.1,31.4,25.0,0.80,96,82,13.2
2023-04-18,28.6,32.2,25.4,0.50,90,76,16.6
2023-04-19,29.0,32.7,26.2,0.20,93,77,14.0
2023-04-20,29.1,33.6,25.0,0.10,94,77,15.0
2023-04-21,28.0,32.8,24.8,1.50,91,79,15.3
2023-04-22,29.1,32.7,25.5,0.40,100,77,16.4
2023-04-23,28.9,33.0,25.1,2.50,92,76,16.4
2023-04-24,28.6,32.2,26.1,1.90,84,73,11.9
2023-04-25,29.0,32.8,26.1,0.60,82,69,14.2
2023-04-26,29.2,32.9,26.0,0.60,87,69,10.7
2023-04-27,29.4,34.3,24.9,0.40,91,66,19.3
2023-04-28,29.6,34.7,25.0,0.00,93,66,14.5
2023-04-29,29.1,34.2,25.4,2.00,94,73,16.9
2023-04-30,28.6,34.2,25.4,2.40,95,77,11.6
2023-05-01,30.3,34.5,26.7,0.40,87,68,17.5
2023-05-02,30.5,35.3,26.8,0.20,81,63,21.0
2023-05-03,30.2,35.6,26.5,0.90,85,65,22.1
2023-05-04,29.3,34.0,26.3,0.90,83,70,23.2
2023-05-05,30.3,35.0,26.7,0.30,82,65,21.4
2023-05-06,30.5,35.0,27.0,2.40,83,66,23.8
2023-05-07,30.3,35.5,26.1,0.80,93,70,22.2
2023-05-08,29.2,35.5,25.9,4.10,92,74,21.1
2023-05-09,29.1,33.7,25.5,14.10,93,76,17.0
2023-05-10,28.0,32.1,26.1,6.60,90,81,9.8
2023-05-11,28.7,31.0,26.5,0.30,89,77,18.0
2023-05-12,28.3,32.8,25.3,4.30,97,79,15.2
2023-05-13,29.6,33.5,26.2,1.20,94,72,15.7
2023-05-14,29.2,33.2,26.0,9.20,93,77,18.3
2023-05-15,29.5,32.7,27.2,0.60,90,77,21.9
2023-05-16,28.4,31.5,26.2,11.00,95,84,20.8
2023-05-17,29.3,32.2,25.9,7.50,93,79,18.1
2023-05-18,29.0,32.4,26.4,4.30,98,81,17.6
2023-05-19,28.8,31.5,25.6,3.50,94,81,11.3
2023-05-20,28.2,30.5,26.4,4.40,92,82,10.8
2023-05-21,28.3,30.9,26.9,3.90,90,82,12.5
2023-05-22,28.7,31.9,26.2,5.30,98,83,16.6
2023-05-23,28.4,31.9,26.4,9.40,91,81,14.6
2023-05-24,28.5,33.3,25.5,12.30,94,81,16.9
2023-05-25,27.6,32.5,24.5,9.00,98,83,12.4
2023-05-26,28.3,31.8,25.8,11.00,96,81,13.4
2023-05-27,27.9,32.5,24.9,6.50,94,80,9.8
2023-05-28,29.8,31.8,27.7,0.30,83,71,22.9
2023-05-29,30.4,33.4,27.9,2.10,83,72,29.3
2023-05-30,28.9,33.1,26.6,2.60,87,77,35.0
2023-05-31,29.0,31.0,27.6,2.90,83,76,36.0
2023-06-01,28.2,31.0,26.5,4.90,88,82,33.5
2023-06-02,27.6,30.1,25.5,19.50,93,85,27.6
2023-06-03,28.0,30.1,25.9,8.30,97,84,18.8
2023-06-04,28.2,32.4,25.7,7.20,92,81,12.2
2023-06-05,27.7,32.3,25.2,18.20,94,83,12.8
2023-06-06,27.7,31.6,24.9,7.30,96,84,8.7
2023-06-07,27.7,32.3,24.0,21.20,98,83,16.6
2023-06-08,27.6,31.2,24.4,15.60,95,84,22.7
2023-06-09,27.6,30.5,25.5,17.70,92,85,26.6
2023-06-10,27.4,29.4,26.5,10.00,89,84,25.7
2023-06-11,26.7,28.0,25.5,21.30,94,88,27.7
2023-06-12,27.5,29.4,26.6,7.40,91,86,24.3
2023-06-13,29.0,31.0,27.7,3.40,86,78,28.2
2023-06-14,28.9,31.0,26.6,0.80,94,81,23.3
2023-06-15,27.3,31.0,25.0,17.80,95,87,16.3
2023-06-16,28.1,30.8,25.3,14.60,95,83,18.5
2023-06-17,28.9,32.4,25.3,0.30,91,74,18.0
2023-06-18,28.7,32.6,25.6,1.10,96,78,12.1
2023-06-19,28.3,32.0,25.2,5.30,94,80,10.8
2023-06-20,28.4,31.8,25.8,7.90,95,81,16.9
2023-06-21,28.2,32.2,24.8,11.60,99,82,20.2
2023-06-22,27.8,33.4,24.5,5.40,98,82,18.1
2023-06-23,28.5,31.8,25.1,4.90,94,80,10.9
2023-06-24,28.1,32.0,25.5,4.00,95,80,17.6
2023-06-25,27.6,30.1,25.9,15.20,90,83,11.4
2023-06-26,27.4,29.5,25.6,4.60,93,86,13.7
2023-06-27,27.8,30.7,25.4,9.00,94,84,11.0
2023-06-28,27.7,32.2,25.4,21.00,95,84,18.6
2023-06-29,28.1,31.1,26.2,11.20,90,82,16.3
2023-06-30,28.1,30.1,26.1,0.60,95,84,15.2
2023-07-01,28.5,33.9,26.0,9.70,95,82,14.4
2023-07-02,28.1,31.9,25.0,0.40,95,82,10.2
2023-07-03,29.5,33.9,25.9,0.10,92,73,20.4
2023-07-04,29.9,33.7,26.4,0.00,87,70,11.0
2023-07-05,30.1,34.0,27.0,0.40,85,70,21.9
2023-07-06,29.3,33.6,24.8,10.90,93,75,11.5
2023-07-07,28.8,33.5,25.6,5.20,88,75,20.3
2023-07-08,29.6,33.6,26.0,1.40,90,70,16.3
2023-07-09,29.9,34.0,26.3,0.50,88,68,9.6
2023-07-10,29.6,33.1,26.8,2.60,89,71,12.1
2023-07-11,28.9,33.8,26.2,6.60,94,76,11.5
2023-07-12,28.3,31.9,26.1,5.30,90,80,12.2
2023-07-13,26.1,26.8,25.2,73.30,93,91,23.7
2023-07-14,26.0,26.6,25.5,44.00,93,91,29.3
2023-07-15,26.5,28.6,25.0,21.20,94,87,30.9
2023-07-16,26.6,28.9,25.0,20.90,94,87,23.4
2023-07-17,28.0,29.5,26.3,5.60,91,82,22.2
2023-07-18,28.6,31.7,25.8,14.60,93,79,13.6
2023-07-19,27.1,30.8,24.5,21.00,97,86,11.7
2023-07-20,27.4,31.1,25.0,12.80,96,86,11.7
2023-07-21,27.3,31.2,25.0,7.70,96,87,10.7
2023-07-22,27.2,30.7,24.6,7.00,94,85,19.0
2023-07-23,26.5,29.9,24.6,17.50,94,87,16.7
2023-07-24,27.4,29.6,26.0,11.50,95,86,22.3
2023-07-25,28.0,30.5,26.4,5.70,87,82,35.1
2023-07-26,26.8,28.2,25.0,11.00,93,86,41.3
2023-07-27,26.8,28.4,25.5,20.60,91,86,35.9
2023-07-28,26.8,28.6,25.0,27.80,93,86,32.2
2023-07-29,26.7,29.0,25.4,22.70,92,86,27.0
2023-07-30,26.9,28.8,25.7,6.40,91,85,26.2
2023-07-31,27.4,29.5,26.1,7.50,90,83,27.7
2023-08-01,27.3,29.0,26.0,6.50,90,85,28.7
2023-08-02,26.8,28.6,25.6,11.70,92,87,31.7
2023-08-03,27.5,29.5,26.2,5.70,91,85,33.4
2023-08-04,28.3,30.0,26.5,2.40,90,81,29.6
2023-08-05,28.5,30.5,27.1,2.60,83,78,29.8
2023-08-06,28.4,30.1,26.2,1.60,89,78,32.7
2023-08-07,28.3,30.1,26.4,3.50,90,80,30.9
2023-08-08,28.5,30.6,26.4,2.40,91,81,26.4
2023-08-09,28.3,31.0,26.4,2.20,92,83,28.2
2023-08-10,28.2,30.9,26.4,3.30,93,84,17.6
2023-08-11,27.7,30.3,25.6,0.60,96,85,23.9
2023-08-12,28.4,30.1,26.1,1.30,91,82,21.4
2023-08-13,28.7,30.8,26.9,1.10,88,81,21.4
2023-08-14,28.5,31.0,26.4,2.90,91,81,15.9
2023-08-15,28.3,31.5,25.2,3.90,97,84,16.0
2023-08-16,28.0,31.1,25.6,2.10,95,83,22.4
2023-08-17,27.9,30.4,26.2,4.50,91,82,26.1
2023-08-18,28.0,30.1,26.2,3.30,90,82,23.5
2023-08-19,28.4,30.8,26.6,4.00,90,81,17.3
2023-08-20,28.4,31.1,25.2,2.10,96,79,21.3
2023-08-21,27.9,31.1,25.5,0.70,92,82,16.1
2023-08-22,27.1,30.5,25.4,19.40,94,86,16.8
2023-08-23,27.3,30.3,25.0,7.90,96,85,23.4
2023-08-24,27.1,30.0,25.0,7.40,96,85,25.4
2023-08-25,28.2,30.5,26.6,3.20,89,80,21.0
2023-08-26,27.5,29.5,26.5,8.50,87,82,25.9
2023-08-27,27.2,28.8,26.2,8.10,90,84,26.5
2023-08-28,27.9,30.1,26.0,2.50,89,82,27.1
2023-08-29,27.1,29.2,25.6,7.10,93,84,36.4
2023-08-30,26.6,28.5,24.9,19.90,93,87,34.9
2023-08-31,26.8,28.4,25.5,18.60,94,88,34.0
2023-09-01,26.8,28.1,25.8,32.20,91,87,34.7
2023-09-02,27.0,28.9,25.5,24.70,92,87,35.1
2023-09-03,27.0,28.5,26.0,18.10,91,86,32.3
2023-09-04,26.8,27.5,26.2,16.00,90,88,24.3
2023-09-05,26.9,29.4,25.0,22.90,96,90,23.1
2023-09-06,27.5,31.0,24.6,7.00,97,87,14.5
2023-09-07,27.6,32.2,24.8,8.50,96,86,12.9
2023-09-08,27.9,31.6,24.6,5.50,96,84,13.9
2023-09-09,27.8,31.0,25.1,0.40,95,84,10.2
2023-09-10,27.8,31.0,25.0,4.80,95,84,16.6
2023-09-11,27.7,30.1,25.0,2.60,96,84,17.6
2023-09-12,27.0,30.1,25.2,8.40,95,87,9.7
2023-09-13,26.9,28.5,25.0,7.70,91,84,17.0
2023-09-14,27.0,30.5,25.1,12.20,95,86,18.9
2023-09-15,27.1,30.4,24.9,11.70,96,87,13.4
2023-09-16,27.4,31.2,24.9,6.60,98,85,12.9
2023-09-17,26.8,31.1,24.5,24.40,97,87,13.7
2023-09-18,27.7,31.0,24.4,4.00,96,85,12.8
2023-09-19,27.3,31.6,24.9,12.80,97,87,9.0
2023-09-20,28.4,31.8,25.4,0.70,91,80,10.5
2023-09-21,27.6,32.1,24.8,6.10,98,85,11.0
2023-09-22,26.4,28.5,24.8,27.30,97,91,9.4
2023-09-23,26.3,28.1,24.7,22.80,97,90,12.5
2023-09-24,27.6,30.4,25.5,7.30,95,85,7.6
2023-09-25,26.8,29.6,24.6,15.10,96,89,9.7
2023-09-26,27.1,30.0,24.8,9.50,94,86,15.8
2023-09-27,26.9,30.0,25.1,2.30,97,88,15.6
2023-09-28,26.8,31.1,24.2,11.50,96,88,11.3
2023-09-29,27.6,31.4,25.3,6.50,98,88,7.3
2023-09-30,27.9,30.5,26.0,2.80,95,86,18.4
2023-10-01,27.6,30.8,25.5,11.30,95,87,20.4
2023-10-02,27.4,29.9,26.0,10.30,92,86,26.3
2023-10-03,27.3,29.5,26.2,2.90,89,85,28.2
2023-10-04,27.1,29.1,25.5,18.90,91,86,25.6
2023-10-05,26.6,28.5,25.4,9.00,93,88,23.5
2023-10-06,27.0,29.1,24.9,2.00,95,85,20.8
2023-10-07,27.6,30.2,25.3,1.20,95,84,15.4
2023-10-08,27.4,30.9,24.8,7.00,96,85,15.6
2023-10-09,27.8,31.1,25.3,1.30,95,85,12.6
2023-10-10,27.7,30.1,25.2,3.80,94,85,8.2
2023-10-11,26.6,28.6,24.4,4.40,96,88,13.1
2023-10-12,27.4,29.7,25.1,2.10,94,85,9.5
2023-10-13,28.0,30.9,25.6,0.80,93,85,7.1
2023-10-14,27.8,30.7,24.9,2.30,95,82,14.4
2023-10-15,27.4,30.9,23.9,12.40,97,84,13.9
2023-10-16,27.1,29.8,24.9,2.30,95,85,12.2
2023-10-17,27.3,30.5,24.8,6.60,95,85,10.2
2023-10-18,28.0,31.0,25.4,2.20,97,83,9.3
2023-10-19,26.8,29.4,25.4,12.10,94,88,8.4
2023-10-20,26.6,29.5,24.3,14.70,96,88,12.2
2023-10-21,26.0,28.2,24.6,5.30,96,90,6.9
2023-10-22,26.1,28.1,24.6,7.50,96,91,10.5
2023-10-23,25.7,28.0,23.9,5.60,98,92,6.3
2023-10-24,26.5,30.5,24.5,5.00,98,89,9.9
2023-10-25,27.9,31.0,25.4,0.70,95,83,8.4
2023-10-26,27.5,30.5,24.6,5.80,95,86,11.8
2023-10-27,26.6,30.8,24.1,3.40,98,88,12.6
2023-10-28,27.6,30.4,24.9,0.80,96,85,9.7
2023-10-29,27.8,31.5,24.6,1.10,91,79,9.9
2023-10-30,28.2,32.7,25.0,0.20,89,75,14.0
2023-10-31,27.6,31.6,24.4,16.70,93,77,15.2
2023-11-01,26.1,28.6,24.2,11.20,97,90,11.9
2023-11-02,26.2,28.4,24.1,6.90,97,92,6.8
2023-11-03,27.1,31.1,24.5,2.90,97,87,11.8
2023-11-04,27.7,30.9,24.8,3.30,97,86,8.6
2023-11-05,27.5,30.9,24.6,2.40,97,88,6.1
2023-11-06,27.9,31.3,25.0,1.50,94,82,10.2
2023-11-07,28.0,31.5,25.5,0.90,94,81,12.6
2023-11-08,27.4,30.6,25.2,1.20,93,84,12.0
2023-11-09,28.0,32.1,24.6,1.50,92,80,8.9
2023-11-10,27.8,32.1,24.7,0.90,93,81,11.2
2023-11-11,28.0,31.4,25.1,0.90,96,81,15.9
2023-11-12,27.9,31.4,25.4,1.30,92,80,10.9
2023-11-13,27.7,30.9,25.4,0.60,94,80,13.4
2023-11-14,27.7,30.8,25.7,1.60,86,78,19.6
2023-11-15,27.7,31.0,25.4,1.60,87,77,15.4
2023-11-16,27.9,32.0,25.3,0.10,87,73,14.3
2023-11-17,27.8,32.5,24.8,0.00,84,69,19.1
2023-11-18,27.5,31.5,24.8,0.90,82,70,17.1
2023-11-19,27.0,30.9,24.5,0.00,83,70,13.9
2023-11-20,27.4,31.6,24.5,0.40,93,73,11.2
2023-11-21,27.3,31.5,23.9,0.80,87,72,10.3
2023-11-22,27.2,30.9,24.1,2.10,91,74,9.0
2023-11-23,26.5,30.0,24.5,4.70,98,86,10.8
2023-11-24,27.9,31.5,25.9,1.40,88,78,14.5
2023-11-25,26.4,28.5,24.5,2.80,89,80,12.6
2023-11-26,27.3,30.9,24.4,1.30,95,80,17.8
2023-11-27,28.0,32.6,24.8,1.00,96,77,16.5
2023-11-28,28.1,32.4,25.2,0.60,90,76,18.4
2023-11-29,28.3,32.0,26.0,0.20,86,76,15.8
2023-11-30,28.4,32.0,25.6,0.10,90,74,18.4
2023-12-01,28.1,31.8,25.6,1.00,89,75,23.0
2023-12-02,28.1,32.4,25.0,0.00,87,73,19.7
2023-12-03,27.6,31.6,24.7,1.00,93,77,18.8
2023-12-04,28.6,33.2,25.4,0.40,91,71,12.8
2023-12-05,27.8,31.0,25.0,3.00,99,83,5.1
2023-12-06,26.6,31.2,24.0,6.30,98,86,10.4
2023-12-07,27.5,30.6,25.8,1.40,90,80,16.9
2023-12-08,27.5,31.8,23.7,0.00,92,76,10.0
2023-12-09,27.5,31.4,23.9,0.50,94,77,13.0
2023-12-10,27.7,32.5,24.2,0.20,96,75,9.4
2023-12-11,27.1,30.6,24.5,1.20,91,80,9.7
2023-12-12,28.5,33.3,25.6,0.00,91,73,15.5
2023-12-13,28.3,32.9,25.4,1.80,86,72,17.9
2023-12-14,27.8,31.0,25.0,0.80,84,71,20.5
2023-12-15,26.8,31.1,23.6,19.60,98,80,14.7
2023-12-16,26.6,29.1,25.3,2.30,90,82,14.2
2023-12-17,27.0,30.8,24.5,2.30,87,69,22.2
2023-12-18,26.8,30.7,24.5,1.10,93,80,19.2
2023-12-19,27.8,32.0,25.0,2.00,93,76,16.3
2023-12-20,27.9,31.6,25.2,1.60,93,77,9.8
2023-12-21,27.1,30.5,23.9,9.20,91,79,12.5
2023-12-22,25.4,28.3,22.9,2.10,91,76,18.6
2023-12-23,25.6,28.0,24.1,0.00,85,78,18.3
2023-12-24,26.7,30.2,24.6,1.60,91,77,17.3
2023-12-25,26.6,30.0,24.5,2.20,90,77,22.5
2023-12-26,26.6,30.0,24.1,1.20,94,82,19.4
2023-12-27,26.8,31.0,24.0,2.10,97,82,13.6
2023-12-28,27.1,31.5,23.8,1.40,95,78,10.9
2023-12-29,27.2,31.5,24.4,1.40,95,79,17.0
2023-12-30,27.5,31.8,24.1,2.20,95,78,14.1
2023-12-31,26.6,30.2,23.9,2.00,97,86,10.4
2024-01-01,26.7,30.2,24.4,2.30,98,87,7.4
2024-01-02,26.6,30.1,24.2,1.50,96,85,7.6
2024-01-03,27.3,30.6,25.1,0.30,91,80,9.5
2024-01-04,27.5,31.6,24.7,0.00,86,73,11.0
2024-01-05,27.2,31.2,23.8,0.70,89,74,10.4
2024-01-06,27.4,31.6,24.6,0.00,83,69,10.3
2024-01-07,27.0,31.0,24.7,0.00,83,68,15.5
2024-01-08,27.0,31.4,23.5,6.20,96,77,19.7
2024-01-09,27.1,31.1,24.5,0.80,94,80,10.4
2024-01-10,27.0,30.9,24.2,1.70,96,80,11.5
2024-01-11,26.6,30.8,23.8,0.10,85,72,13.0
2024-01-12,26.4,30.2,23.9,0.00,88,69,14.3
2024-01-13,26.7,30.4,24.0,0.00,75,63,19.1
2024-01-14,26.7,31.0,23.6,0.20,82,67,13.4
2024-01-15,26.5,30.9,23.0,1.00,88,66,12.9
2024-01-16,26.1,30.6,23.0,0.00,80,64,20.9
2024-01-17,25.6,30.9,21.8,0.10,84,65,19.1
2024-01-18,26.5,31.4,23.2,1.00,88,70,12.4
2024-01-19,26.8,31.9,23.0,0.80,87,71,14.9
2024-01-20,26.7,29.8,24.0,2.50,90,73,12.6
2024-01-21,27.3,31.1,24.1,1.00,92,73,11.5
2024-01-22,26.8,31.0,24.0,2.50,94,76,15.0
2024-01-23,26.3,29.2,24.2,2.50,90,77,17.3
2024-01-24,26.2,30.0,23.5,0.00,78,66,20.1
2024-01-25,25.7,30.0,22.5,0.00,81,65,13.7
2024-01-26,24.7,28.9,21.1,0.20,88,66,13.4
2024-01-27,24.7,29.1,21.2,0.00,86,67,21.3
2024-01-28,25.2,29.6,22.6,0.00,80,66,24.3
2024-01-29,25.3,30.2,20.8,0.20,90,64,24.2
2024-01-30,26.2,31.4,22.4,0.00,86,65,19.5
2024-01-31,26.3,30.9,23.0,0.20,91,71,17.7
2024-02-01,27.4,32.8,23.8,0.10,92,69,19.1
2024-02-02,27.4,32.6,23.3,0.00,91,67,17.7
2024-02-03,27.8,33.6,24.1,0.00,85,68,21.5
2024-02-04,28.2,34.2,23.9,0.00,87,65,22.4
2024-02-05,27.8,33.3,23.5,0.20,90,69,19.4
2024-02-06,27.5,32.8,23.0,0.00,89,66,15.5
2024-02-07,27.3,32.7,22.6,0.00,88,65,23.2
2024-02-08,27.7,31.8,23.9,0.00,87,67,17.5
2024-02-09,27.4,31.4,24.2,2.70,86,69,14.7
2024-02-10,27.4,32.0,23.9,1.40,78,63,17.4
2024-02-11,27.1,32.2,23.5,0.00,83,60,17.7
2024-02-12,26.4,31.3,23.8,0.00,70,58,20.7
2024-02-13,27.3,32.0,24.1,0.00,84,65,22.4
2024-02-14,27.9,33.8,23.6,0.00,87,66,22.1
2024-02-15,28.0,32.8,23.8,0.20,86,65,16.0
2024-02-16,27.0,30.5,23.7,1.00,82,67,16.6
2024-02-17,27.8,33.5,23.9,0.00,82,63,21.7
2024-02-18,28.3,34.0,25.0,0.00,80,61,19.4
2024-02-19,28.1,33.5,24.2,0.00,86,62,23.3
2024-02-20,28.3,33.9,24.8,0.00,75,57,22.2
2024-02-21,28.1,33.2,23.0,0.00,91,62,24.4
2024-02-22,28.5,34.3,23.5,0.00,88,65,17.7
2024-02-23,28.2,34.2,24.2,0.00,81,64,21.6
2024-02-24,29.3,35.0,26.1,0.10,79,60,21.0
2024-02-25,27.9,32.8,24.8,1.40,75,66,19.1
2024-02-26,27.4,32.5,22.9,0.00,86,61,20.8
2024-02-27,27.1,32.8,22.0,0.00,87,60,22.5
2024-02-28,27.3,32.7,23.4,0.00,80,59,23.4
2024-02-29,27.9,34.3,23.2,0.10,86,63,21.8
2024-03-01,27.7,32.4,23.5,0.00,84,62,17.3
2024-03-02,27.5,32.0,23.2,0.00,80,60,17.0
2024-03-03,27.7,33.3,23.9,0.00,79,58,21.3
2024-03-04,28.2,32.7,25.2,3.60,80,67,18.1
2024-03-05,28.2,33.8,23.1,0.00,82,58,21.5
2024-03-06,28.6,34.0,24.0,0.00,90,64,14.1
2024-03-07,28.0,33.0,24.6,0.20,85,67,19.3
2024-03-08,28.0,32.2,25.0,0.80,84,64,18.6
2024-03-09,27.5,32.3,24.4,3.50,87,68,20.6
2024-03-10,27.9,33.0,24.7,1.20,74,61,16.4
2024-03-11,27.9,32.3,24.5,0.40,92,68,17.9
2024-03-12,27.4,31.8,24.3,12.00,96,78,13.4
2024-03-13,27.4,31.8,24.2,0.40,84,70,19.8
2024-03-14,27.5,31.9,24.4,5.90,89,69,13.9
2024-03-15,27.4,31.1,24.4,4.00,95,74,15.9
2024-03-16,27.8,32.8,24.3,0.70,85,69,19.0
2024-03-17,27.5,31.5,23.8,0.80,85,69,9.2
2024-03-18,27.5,32.6,23.6,0.50,88,65,17.6
2024-03-19,27.9,32.0,24.2,3.10,94,68,10.3
2024-03-20,27.3,32.2,24.0,0.00,87,68,20.0
2024-03-21,26.4,30.7,23.8,0.50,80,70,19.8
2024-03-22,27.0,31.0,24.6,1.10,83,70,22.4
2024-03-23,27.8,31.9,24.9,0.80,79,69,25.0
2024-03-24,28.7,34.2,24.8,0.00,85,65,22.4
2024-03-25,28.9,34.7,24.9,0.00,83,62,22.2
2024-03-26,29.4,34.2,25.9,2.70,87,69,10.7
2024-03-27,28.4,33.6,25.0,8.00,95,77,15.1
2024-03-28,29.7,35.5,25.5,5.00,96,73,20.9
2024-03-29,29.0,33.8,25.5,2.00,83,69,22.2
2024-03-30,28.8,35.1,23.6,0.00,82,64,27.2
2024-03-31,29.5,35.3,25.5,0.00,81,61,18.1
2024-04-01,30.1,35.5,25.7,0.00,79,59,23.6
2024-04-02,29.9,35.8,25.5,0.00,78,56,19.2
2024-04-03,29.6,35.8,24.7,0.00,81,60,22.5
2024-04-04,29.8,34.9,25.4,1.90,83,64,20.4
2024-04-05,30.2,36.0,26.0,0.00,81,61,24.4
2024-04-06,29.6,35.0,25.4,1.50,83,64,23.1
2024-04-07,29.7,34.5,25.1,2.10,83,64,23.5
2024-04-08,29.0,35.0,23.2,0.00,84,62,24.6
2024-04-09,29.6,35.2,25.6,0.00,86,66,22.0
2024-04-10,30.0,35.2,26.1,0.50,79,60,16.5
2024-04-11,30.1,36.2,25.6,0.10,82,61,19.8
2024-04-12,29.9,35.8,24.6,0.00,84,59,21.3
2024-04-13,30.0,35.8,25.1,0.00,83,61,25.2
2024-04-14,30.4,35.2,26.5,1.70,81,62,20.2
2024-04-15,29.9,34.7,25.2,0.10,79,63,23.8
2024-04-16,30.0,35.7,24.4,0.00,83,60,24.7
2024-04-17,30.2,35.5,25.8,0.00,80,60,24.0
2024-04-18,30.7,36.2,26.4,0.00,77,59,20.2
2024-04-19,30.7,36.1,25.7,0.00,77,56,27.0
2024-04-20,31.2,37.0,27.0,0.00,77,55,20.5
2024-04-21,30.8,36.3,26.1,0.00,78,55,24.3
2024-04-22,31.4,36.5,27.2,0.30,78,59,22.6
2024-04-23,31.5,36.4,27.5,1.10,86,64,21.5
2024-04-24,31.1,36.8,27.6,1.30,81,65,13.5
2024-04-25,31.4,36.7,27.8,1.10,79,62,16.3
2024-04-26,31.7,37.3,27.0,0.20,76,56,24.6
2024-04-27,32.3,37.4,28.8,0.10,75,59,20.6
2024-04-28,32.6,37.2,29.0,0.60,73,59,21.7
2024-04-29,32.1,37.6,27.2,0.00,77,56,18.2
2024-04-30,32.1,38.2,27.3,0.00,78,57,20.4
2024-05-01,31.5,36.7,27.5,2.10,81,61,12.3
2024-05-02,31.4,37.3,26.6,0.00,76,57,22.9
2024-05-03,31.3,37.1,27.2,0.40,77,58,21.3
2024-05-04,31.4,37.2,27.0,0.20,82,59,21.4
2024-05-05,31.9,36.5,28.4,0.20,74,58,16.2
2024-05-06,31.6,36.4,27.6,0.30,77,60,20.9
2024-05-07,31.9,37.5,27.8,0.00,78,55,20.1
2024-05-08,31.5,35.8,27.8,1.10,74,60,19.7
2024-05-09,31.6,36.8,27.6,1.10,74,60,20.9
2024-05-10,30.9,35.8,27.8,3.40,75,63,13.8
2024-05-11,30.6,35.0,27.9,1.20,83,68,18.3
2024-05-12,32.0,35.6,28.9,0.10,79,62,21.1
2024-05-13,29.7,35.3,25.5,15.20,95,75,17.5
2024-05-14,30.4,34.8,27.3,1.40,90,73,12.1
2024-05-15,29.6,34.7,25.9,1.70,94,75,14.3
2024-05-16,29.5,35.1,26.8,4.80,91,74,16.8
2024-05-17,29.3,34.8,25.9,12.30,93,76,15.2
2024-05-18,30.3,34.5,27.2,1.10,85,70,10.5
2024-05-19,29.1,33.4,26.8,10.60,95,78,14.8
2024-05-20,29.9,34.3,27.0,2.90,88,71,18.4
2024-05-21,30.7,35.7,27.4,1.40,89,70,14.6
2024-05-22,30.9,34.8,27.8,1.40,79,65,12.9
2024-05-23,31.5,35.7,28.0,0.40,82,63,17.7
2024-05-24,30.8,35.5,28.0,1.70,88,70,14.8
2024-05-25,28.4,33.5,25.5,54.20,94,81,27.7
2024-05-26,26.6,27.8,25.7,62.60,95,92,29.8
2024-05-27,28.3,29.5,27.5,8.90,89,84,26.4
2024-05-28,28.3,30.3,27.0,6.00,89,84,28.6
2024-05-29,28.0,31.2,26.0,11.10,95,86,20.6
2024-05-30,30.0,33.2,27.5,0.20,90,76,11.4
2024-05-31,30.4,34.1,27.2,0.20,94,76,15.5
2024-06-01,30.3,34.3,26.9,0.90,94,76,14.6
2024-06-02,29.3,33.9,27.0,3.40,91,79,14.9
2024-06-03,29.3,32.2,27.2,6.20,87,81,16.6
2024-06-04,29.3,32.7,26.9,0.90,92,79,13.8
2024-06-05,27.7,31.5,25.5,10.90,95,86,10.8
2024-06-06,27.5,31.5,25.0,3.60,97,85,11.8
2024-06-07,27.4,30.8,25.1,21.60,96,86,11.0
2024-06-08,28.2,30.5,26.8,10.20,90,84,12.2
2024-06-09,28.2,32.3,25.9,5.50,92,82,14.0
2024-06-10,28.5,32.7,25.6,0.60,96,82,13.3
2024-06-11,29.5,32.2,27.3,0.20,92,80,9.4
2024-06-12,29.1,32.2,26.5,1.80,93,82,11.1
2024-06-13,29.4,32.4,27.6,2.90,92,81,12.2
2024-06-14,28.3,32.8,24.9,19.40,94,82,11.4
2024-06-15,28.1,32.0,25.3,10.10,94,83,11.4
2024-06-16,27.9,32.0,25.1,14.90,96,83,12.1
2024-06-17,27.7,30.9,25.5,5.70,93,86,11.3
2024-06-18,27.9,31.0,26.2,9.20,94,86,11.0
2024-06-19,27.7,32.0,24.6,17.40,96,84,11.1
2024-06-20,28.0,31.3,25.2,15.60,95,84,16.3
2024-06-21,27.5,31.5,25.3,9.00,96,86,18.1
2024-06-22,28.0,32.2,25.6,4.20,96,84,13.5
2024-06-23,26.9,30.4,24.8,17.40,95,86,13.9
2024-06-24,27.8,31.2,25.1,10.50,98,85,14.0
2024-06-25,28.5,31.5,26.0,0.40,91,79,22.6
2024-06-26,28.3,31.8,26.0,4.80,95,82,15.9
2024-06-27,28.2,31.0,26.5,1.60,89,81,23.5
2024-06-28,28.8,31.8,25.9,0.70,95,81,14.3
2024-06-29,28.7,32.8,25.6,14.30,93,79,11.7
2024-06-30,27.6,31.9,25.3,12.60,96,86,13.7
2024-07-01,27.9,30.9,25.6,5.60,95,86,11.6
2024-07-02,27.7,31.3,25.8,10.00,95,85,17.5
2024-07-03,28.7,33.1,25.9,3.50,95,80,18.7
2024-07-04,27.4,30.8,24.4,16.80,95,85,11.2
2024-07-05,26.8,29.1,24.5,14.60,96,88,8.2
2024-07-06,28.1,32.2,25.8,9.40,93,80,18.2
2024-07-07,27.7,32.1,25.2,11.00,95,83,15.9
2024-07-08,27.2,30.7,25.0,11.90,96,86,8.4
2024-07-09,27.3,31.2,25.0,16.20,96,86,12.5
2024-07-10,27.7,30.4,24.9,4.60,94,83,8.2
2024-07-11,26.8,31.2,24.5,35.00,94,86,10.8
2024-07-12,27.4,31.8,24.7,10.90,97,85,13.0
2024-07-13,27.8,30.6,24.9,8.20,94,82,18.7
2024-07-14,27.8,31.2,25.0,6.30,95,82,19.3
2024-07-15,27.0,30.5,25.1,8.00,96,86,15.5
2024-07-16,28.2,31.4,25.7,0.30,88,79,22.4
2024-07-17,27.2,30.5,25.8,12.20,97,88,7.7
2024-07-18,27.0,30.9,25.0,9.80,96,88,12.6
2024-07-19,27.2,30.6,25.2,17.10,97,86,19.7
2024-07-20,28.6,30.5,26.5,0.90,90,80,16.4
2024-07-21,27.3,29.8,26.0,30.80,92,86,25.1
2024-07-22,26.6,27.5,26.1,73.70,92,90,34.3
2024-07-23,26.1,26.5,25.4,69.50,93,90,36.3
2024-07-24,26.3,27.5,25.2,53.50,92,89,36.8
2024-07-25,27.1,28.2,25.9,8.80,90,85,35.9
2024-07-26,28.1,30.9,25.5,5.00,94,81,24.6
2024-07-27,28.0,31.1,25.1,1.20,97,82,13.7
2024-07-28,26.3,28.2,24.6,10.70,96,89,15.3
2024-07-29,27.3,29.1,25.3,1.60,93,84,16.1
2024-07-30,27.7,30.6,25.1,0.90,95,84,14.2
2024-07-31,27.8,30.6,25.1,4.70,95,85,11.6
2024-08-01,26.6,30.1,24.1,9.00,98,88,9.0
2024-08-02,26.6,30.2,24.0,13.10,95,86,10.5
2024-08-03,26.9,30.2,24.6,2.90,94,85,10.1
2024-08-04,27.4,30.0,25.8,8.60,94,85,15.1
2024-08-05,26.8,29.1,25.4,21.70,95,87,15.8
2024-08-06,27.5,29.2,26.5,5.60,90,83,20.4
2024-08-07,28.3,30.3,26.7,3.30,89,82,23.2
2024-08-08,27.7,29.9,26.2,14.20,91,84,23.2
2024-08-09,28.3,30.5,26.1,3.40,91,81,25.1
2024-08-10,26.8,28.6,25.0,6.60,96,88,20.6
2024-08-11,28.0,30.2,25.4,0.70,95,84,22.7
2024-08-12,28.6,31.0,26.0,0.90,91,79,19.3
2024-08-13,29.1,31.4,26.6,1.10,91,79,14.6
2024-08-14,28.3,31.4,26.1,5.00,97,86,18.0
2024-08-15,28.3,31.2,25.9,3.20,96,85,16.6
2024-08-16,28.2,31.4,25.5,0.00,94,84,13.8
2024-08-17,28.7,32.7,25.7,0.10,95,79,12.6
2024-08-18,29.0,32.2,26.0,0.10,90,78,11.0
2024-08-19,28.5,32.7,26.4,0.70,93,81,10.1
2024-08-20,28.4,32.4,25.8,2.70,97,83,8.1
2024-08-21,27.7,32.3,24.6,8.10,96,86,8.6
2024-08-22,28.8,31.8,26.0,0.60,96,82,8.9
2024-08-23,27.1,31.1,24.7,18.30,97,88,5.7
2024-08-24,26.7,28.8,25.0,17.60,97,90,11.6
2024-08-25,27.4,30.5,25.5,12.10,95,86,11.3
2024-08-26,27.2,30.1,25.0,14.20,95,86,16.4
2024-08-27,27.0,29.7,25.1,40.20,95,86,21.1
2024-08-28,26.5,27.9,25.8,12.60,95,90,20.4
2024-08-29,27.5,30.0,26.4,16.60,95,87,15.4
2024-08-30,27.4,31.0,25.4,12.30,94,86,12.6
2024-08-31,28.3,31.5,25.6,2.60,95,84,8.6
2024-09-01,26.5,30.5,24.1,72.20,96,88,13.2
2024-09-02,26.0,26.5,25.4,72.60,93,90,29.5
2024-09-03,26.8,28.8,25.7,23.90,92,87,31.7
2024-09-04,26.3,27.0,25.8,30.90,91,89,32.3
2024-09-05,26.8,28.0,25.4,17.50,96,89,25.2
2024-09-06,27.4,29.5,24.9,3.60,93,85,12.7
2024-09-07,28.6,31.8,25.4,0.00,95,79,10.0
2024-09-08,28.5,31.5,25.9,0.10,91,78,13.4
2024-09-09,27.3,29.2,25.5,2.20,95,87,12.2
2024-09-10,27.6,30.0,25.0,15.10,96,84,22.3
2024-09-11,27.1,30.1,25.2,22.20,95,87,12.6
2024-09-12,27.0,30.0,24.9,19.40,97,88,22.1
2024-09-13,26.6,28.9,25.3,15.90,96,90,20.1
2024-09-14,26.9,29.6,25.0,21.60,97,89,14.8
2024-09-15,26.8,29.1,24.5,13.80,96,88,22.1
2024-09-16,27.5,29.5,25.8,10.30,93,85,19.4
2024-09-17,26.8,29.0,25.0,9.20,96,87,21.5
2024-09-18,26.7,29.2,25.0,20.70,96,89,23.7
2024-09-19,27.5,30.5,25.8,8.60,92,84,22.2
2024-09-20,27.1,29.4,24.8,6.10,95,84,20.0
2024-09-21,26.3,29.2,25.3,10.30,97,89,11.1
2024-09-22,26.8,30.2,24.6,6.20,97,87,11.0
2024-09-23,28.1,32.5,24.5,2.30,98,84,17.8
2024-09-24,27.2,31.0,24.6,9.70,97,88,15.7
2024-09-25,28.5,31.5,25.9,1.40,93,84,16.6
2024-09-26,28.4,31.5,26.1,3.70,93,82,15.8
2024-09-27,28.1,30.5,25.2,0.20,96,85,12.0
2024-09-28,29.2,31.5,27.5,0.30,85,76,22.1
2024-09-29,27.6,29.2,26.5,8.70,86,83,26.0
2024-09-30,27.3,29.1,26.2,6.40,91,84,30.4
2024-10-01,27.8,30.1,25.1,0.30,94,83,23.1
2024-10-02,28.3,30.6,25.5,0.10,94,80,15.4
2024-10-03,28.4,31.5,25.8,2.20,93,81,8.6
2024-10-04,27.2,30.5,24.5,2.60,97,87,11.7
2024-10-05,26.7,29.8,24.4,7.50,98,89,10.1
2024-10-06,26.0,28.5,24.4,16.90,96,90,6.8
2024-10-07,26.5,28.2,25.1,7.00,93,89,5.3
2024-10-08,27.2,30.0,24.6,1.60,95,86,6.8
2024-10-09,27.1,30.6,24.9,4.80,97,88,11.9
2024-10-10,26.5,30.6,24.2,18.40,97,89,12.0
2024-10-11,26.9,30.9,24.4,3.50,97,88,8.8
2024-10-12,27.0,30.4,25.1,6.40,97,88,12.8
2024-10-13,27.5,29.7,25.1,5.70,95,86,11.6
2024-10-14,27.6,30.0,25.4,2.80,95,86,8.0
2024-10-15,26.7,29.9,24.0,3.00,98,89,8.6
2024-10-16,27.7,30.7,24.7,1.20,95,83,9.9
2024-10-17,27.9,30.6,24.9,1.30,94,81,7.7
2024-10-18,27.5,30.4,25.4,2.60,98,86,7.3
2024-10-19,28.0,30.0,25.0,1.70,94,84,7.8
2024-10-20,27.4,32.2,24.7,17.70,96,83,14.7
2024-10-21,28.1,31.6,26.2,1.20,91,82,9.8
2024-10-22,27.4,29.6,24.4,59.50,95,83,23.7
2024-10-23,26.7,27.9,24.6,30.40,95,90,29.7
2024-10-24,27.1,28.8,25.5,62.80,91,86,45.1
2024-10-25,27.3,30.5,24.5,5.70,92,79,31.1
2024-10-26,27.2,29.8,25.3,4.40,94,84,15.5
2024-10-27,26.4,29.0,24.5,1.40,95,87,20.6
2024-10-28,27.8,29.7,25.8,0.00,88,80,20.0
2024-10-29,28.2,30.0,26.8,0.00,84,78,23.9
2024-10-30,27.1,29.0,26.0,3.50,89,83,28.3
2024-10-31,26.6,28.3,25.0,22.40,94,88,28.4
2024-11-01,26.8,30.9,23.5,4.10,98,87,11.1
2024-11-02,27.4,30.6,24.1,1.70,97,87,6.4
2024-11-03,27.4,31.6,24.1,2.20,94,81,11.4
2024-11-04,27.5,31.9,24.6,1.60,93,80,11.0
2024-11-05,26.8,31.5,24.0,10.80,96,83,11.5
2024-11-06,27.0,29.6,24.8,1.00,94,85,9.4
2024-11-07,26.8,29.9,23.8,2.00,94,87,15.3
2024-11-08,26.8,30.1,23.8,8.90,98,88,11.9
2024-11-09,26.9,30.0,24.6,1.70,99,88,7.1
2024-11-10,27.7,30.4,25.5,1.20,94,84,11.6
2024-11-11,27.5,29.4,25.4,0.60,96,84,30.6
2024-11-12,28.3,31.0,25.9,1.10,90,79,13.7
2024-11-13,28.3,31.0,26.2,0.70,88,78,10.4
2024-11-14,28.8,31.2,26.0,1.40,90,76,16.8
2024-11-15,29.7,33.2,26.0,0.00,85,67,9.4
2024-11-16,29.7,33.3,25.9,3.30,89,66,12.2
2024-11-17,27.6,29.7,25.8,7.90,91,84,31.6
2024-11-18,27.9,31.7,24.8,0.00,94,80,14.6
2024-11-19,28.0,32.3,24.5,0.20,96,77,11.3
2024-11-20,28.8,33.2,25.5,0.00,86,69,10.6
2024-11-21,28.9,33.5,25.5,0.00,85,65,12.6
2024-11-22,29.6,34.2,25.5,0.00,82,61,12.5
2024-11-23,29.3,33.7,26.0,0.00,80,64,13.9
2024-11-24,29.3,33.5,26.5,0.20,76,64,17.4
2024-11-25,29.2,32.7,26.5,0.40,78,65,13.7
2024-11-26,29.7,34.2,26.0,0.00,79,61,11.5
2024-11-27,29.7,34.5,26.5,0.00,78,59,12.7
2024-11-28,29.6,33.5,26.9,1.20,73,62,14.5
2024-11-29,28.1,30.9,25.0,7.00,87,68,17.6
2024-11-30,27.3,30.9,23.8,27.70,92,73,17.2
2024-12-01,24.7,25.5,24.1,36.90,95,93,12.9
2024-12-02,25.8,26.9,24.0,19.90,96,90,15.6
2024-12-03,26.7,29.0,25.7,19.10,93,89,6.3
2024-12-04,26.7,29.8,25.0,6.10,92,88,9.4
2024-12-05,27.4,29.8,25.2,0.10,94,85,5.6
2024-12-06,28.0,31.5,25.9,0.50,91,78,8.3
2024-12-07,28.1,31.0,26.2,2.30,87,80,8.6
2024-12-08,28.6,31.9,26.1,0.30,79,70,12.4
2024-12-09,27.5,30.5,25.3,1.80,86,76,14.2
2024-12-10,26.5,29.1,23.6,19.10,96,81,10.1
2024-12-11,27.1,30.2,25.0,1.60,95,82,10.4
2024-12-12,27.6,30.7,25.1,0.30,90,76,13.5
2024-12-13,28.2,32.1,25.0,1.40,89,72,10.8
2024-12-14,28.8,33.0,25.9,0.00,82,65,11.0
2024-12-15,28.1,31.1,25.5,0.10,76,66,18.3
2024-12-16,27.4,30.0,25.4,0.00,81,69,15.9
2024-12-17,26.5,29.5,24.4,3.60,92,77,18.4
2024-12-18,27.5,30.3,25.6,0.10,79,65,20.0
2024-12-19,27.9,31.2,25.2,0.00,73,61,17.8
2024-12-20,28.3,31.9,25.9,0.70,78,65,16.4
2024-12-21,26.4,28.8,24.6,16.60,93,80,10.9
2024-12-22,26.9,29.5,25.0,0.00,84,72,14.4
2024-12-23,26.9,29.5,24.9,0.50,88,76,15.0
2024-12-24,25.6,29.9,23.8,37.40,97,88,8.8
2024-12-25,24.6,25.5,23.9,17.20,97,93,8.0
2024-12-26,26.9,30.0,24.6,1.70,96,85,5.3
2024-12-27,27.0,30.6,25.1,1.90,92,81,10.2
2024-12-28,25.7,28.9,24.1,9.00,94,83,10.6
2024-12-29,25.5,27.5,23.9,6.50,98,85,15.0
2024-12-30,26.1,29.1,24.5,4.60,97,89,8.5
2024-12-31,27.2,30.1,24.9,0.70,94,82,10.2
2025-01-01,26.7,29.1,25.0,3.60,92,85,6.9
2025-01-02,26.8,30.0,24.9,1.50,94,84,14.9
2025-01-03,25.8,29.0,23.6,6.80,98,88,9.9
2025-01-04,26.6,29.9,24.0,0.30,91,77,9.8
2025-01-05,25.7,28.9,23.5,0.00,90,78,12.3
2025-01-06,26.0,29.6,24.1,2.50,92,82,7.8
2025-01-07,26.4,29.6,24.0,1.10,88,77,10.3
2025-01-08,26.4,29.4,24.3,0.00,87,75,11.1
2025-01-09,26.9,30.4,24.4,0.00,80,67,13.7
2025-01-10,27.0,30.5,24.6,0.50,77,66,9.4
2025-01-11,26.3,29.5,23.6,1.20,80,69,14.4
2025-01-12,24.8,27.0,22.9,4.20,94,80,16.0
2025-01-13,25.1,27.4,23.4,0.20,90,82,11.1
2025-01-14,25.9,28.3,23.8,0.10,99,86,9.6
2025-01-15,26.8,30.5,24.2,1.10,91,80,9.1
2025-01-16,26.6,30.0,24.1,0.00,81,72,11.9
2025-01-17,27.0,30.3,24.5,0.30,82,69,14.9
2025-01-18,27.1,30.7,25.0,2.50,83,72,12.9
2025-01-19,27.5,30.8,24.2,2.00,90,74,8.7
2025-01-20,27.2,30.4,24.5,2.00,89,77,8.7
2025-01-21,27.5,31.1,24.7,1.70,87,70,9.9
2025-01-22,28.0,32.2,25.0,0.00,77,63,13.7
2025-01-23,28.0,31.4,25.2,3.70,81,67,9.6
2025-01-24,28.0,31.4,24.2,1.10,89,71,10.8
2025-01-25,28.1,32.0,25.1,0.00,85,70,11.4
2025-01-26,27.4,31.2,24.0,0.00,79,65,9.1
2025-01-27,26.5,30.2,23.2,0.10,79,62,11.0
2025-01-28,26.5,30.7,24.2,0.00,76,64,11.6
2025-01-29,26.3,29.4,23.9,0.20,73,63,18.5
2025-01-30,24.5,27.7,23.0,12.70,92,81,20.1
2025-01-31,26.2,28.9,24.1,1.10,92,82,13.7
2025-02-01,27.5,32.1,23.1,0.00,90,72,14.6
2025-02-02,28.2,32.5,24.7,0.00,84,68,12.1
2025-02-03,27.9,31.1,25.4,0.00,79,67,14.3
2025-02-04,26.9,30.7,24.5,0.90,76,66,13.2
2025-02-05,27.0,30.5,24.5,0.00,75,64,17.1
2025-02-06,27.0,30.5,24.4,7.70,92,74,14.5
2025-02-07,26.6,29.0,24.5,4.40,89,79,9.4
2025-02-08,25.4,28.8,22.9,10.80,93,77,15.4
2025-02-09,25.1,27.5,23.1,0.50,84,76,16.1
2025-02-10,24.5,26.8,22.9,24.50,97,88,9.6
2025-02-11,25.4,27.4,23.5,6.50,96,87,12.3
2025-02-12,26.8,30.9,23.6,0.00,94,79,14.3
2025-02-13,26.4,29.6,24.8,3.10,93,85,8.5
2025-02-14,25.9,27.0,24.5,10.40,93,88,7.7
2025-02-15,26.3,29.8,24.9,11.10,94,86,10.9
2025-02-16,27.1,29.8,24.4,4.30,96,85,6.7
2025-02-17,27.0,30.5,24.4,1.00,94,82,8.1
2025-02-18,26.4,29.9,24.0,4.20,94,83,9.5
2025-02-19,26.6,30.0,23.9,0.00,90,73,11.6
2025-02-20,26.2,30.0,23.9,6.70,93,78,14.9
2025-02-21,26.1,29.1,23.9,0.30,91,76,11.8
2025-02-22,26.6,30.2,23.4,0.00,90,72,16.6
2025-02-23,27.5,32.0,24.0,0.00,83,63,14.5
2025-02-24,27.4,31.5,24.6,0.30,77,63,16.9
2025-02-25,27.0,30.9,24.1,0.60,79,65,20.2
2025-02-26,27.1,31.6,23.8,0.00,77,62,15.3
2025-02-27,27.1,32.3,23.5,0.00,79,59,14.2
2025-02-28,27.7,32.7,24.3,0.00,78,60,20.3
2025-03-01,28.9,33.9,25.4,0.80,81,63,16.2
2025-03-02,29.5,34.2,25.7,0.00,78,62,14.0
2025-03-03,29.2,33.8,26.3,0.30,74,62,16.9
2025-03-04,28.9,33.2,25.9,0.70,80,66,17.4
2025-03-05,28.9,33.0,25.6,0.10,85,68,9.5
2025-03-06,29.6,33.2,26.2,0.40,76,62,11.3
2025-03-07,28.7,32.7,24.5,5.20,92,67,15.5
2025-03-08,27.2,29.4,25.3,4.00,85,75,7.3
2025-03-09,28.2,31.0,26.1,0.50,77,69,16.0
2025-03-10,28.7,32.1,26.0,0.00,77,64,17.9
2025-03-11,29.5,33.8,26.5,0.50,77,64,15.3
2025-03-12,29.4,34.8,26.1,0.80,76,61,16.3
2025-03-13,29.8,35.0,26.0,0.00,74,56,15.6
2025-03-14,29.3,34.5,25.4,0.00,74,55,15.2
2025-03-15,29.3,32.8,26.1,0.00,73,59,17.5
2025-03-16,29.1,32.3,26.1,0.00,76,60,16.9
2025-03-17,29.0,33.1,26.1,0.70,72,61,17.3
2025-03-18,29.0,33.0,26.0,0.60,72,61,9.2
2025-03-19,28.9,33.1,25.8,0.10,73,61,14.8
2025-03-20,27.9,31.9,25.3,0.30,70,61,20.1
2025-03-21,27.2,31.5,24.6,0.00,68,59,15.2
2025-03-22,27.5,31.5,24.3,0.00,73,58,11.6
2025-03-23,27.7,31.5,25.0,0.00,73,60,10.0
2025-03-24,28.9,32.2,26.5,0.50,74,62,10.0
2025-03-25,29.9,34.0,26.2,0.00,76,60,17.5
2025-03-26,29.9,34.0,27.1,0.70,73,61,19.4
2025-03-27,30.3,33.8,27.9,0.20,71,62,15.3
2025-03-28,29.0,34.8,25.9,6.90,87,71,11.8
2025-03-29,27.6,31.0,25.5,1.00,91,78,14.9
2025-03-30,28.6,32.9,25.7,1.50,83,69,12.4
2025-03-31,28.8,32.2,25.9,1.80,83,68,14.4
2025-04-01,29.4,32.8,26.5,2.40,78,64,8.2
2025-04-02,29.8,33.7,26.5,0.10,80,64,10.1
2025-04-03,29.7,33.8,26.7,1.70,75,63,8.0
2025-04-04,29.7,33.7,26.5,1.60,77,63,14.5
2025-04-05,29.1,33.3,25.9,1.60,84,68,11.5
2025-04-06,29.6,33.9,25.6,0.30,86,65,13.0
2025-04-07,30.6,35.2,27.4,0.00,72,59,19.5
2025-04-08,30.2,34.3,27.1,0.80,73,62,11.6
2025-04-09,30.7,34.7,26.7,0.00,75,57,20.2
2025-04-10,31.1,36.9,28.5,0.20,70,58,18.7
2025-04-11,31.0,35.9,27.8,0.00,74,60,18.3
2025-04-12,31.4,36.2,28.4,0.30,74,60,17.2
2025-04-13,30.4,33.8,27.2,0.60,81,67,9.7
2025-04-14,31.0,34.5,27.9,0.90,76,61,14.1
2025-04-15,30.4,34.2,27.0,1.80,84,64,12.9
2025-04-16,31.1,35.9,26.8,0.00,77,54,11.4
2025-04-17,31.1,35.8,26.8,0.00,75,55,10.3
2025-04-18,31.2,35.2,28.1,0.80,76,60,16.0
2025-04-19,31.3,36.5,26.7,0.00,70,51,18.0
2025-04-20,31.4,35.7,28.3,1.10,74,59,16.5
2025-04-21,31.3,36.3,27.0,1.20,77,59,14.5
2025-04-22,31.7,35.7,28.5,0.00,76,57,16.2
2025-04-23,31.2,35.6,27.4,0.90,83,64,14.2
2025-04-24,31.4,36.0,27.6,0.00,66,53,17.5
2025-04-25,31.1,34.8,27.0,0.20,76,56,18.5
2025-04-26,31.3,36.5,27.1,0.00,71,51,16.2
2025-04-27,31.1,35.8,27.4,0.50,66,52,14.3
2025-04-28,30.2,33.6,27.4,1.90,82,66,9.8
2025-04-29,30.5,34.5,27.5,1.10,77,63,11.3
2025-04-30,31.2,35.0,28.0,1.60,72,58,13.3
2025-05-01,31.2,35.5,27.6,1.10,78,60,9.9
2025-05-02,31.5,35.6,28.1,0.40,72,58,15.6
2025-05-03,31.3,35.0,27.9,0.00,72,59,10.4
2025-05-04,28.7,34.5,25.5,15.50,91,76,15.8
2025-05-05,28.3,32.5,26.2,5.90,90,80,15.4
2025-05-06,27.9,31.6,25.5,13.40,90,81,9.6
2025-05-07,27.7,31.8,25.5,5.00,94,84,9.0
2025-05-08,28.1,30.4,26.5,6.30,91,82,11.5
2025-05-09,28.9,31.5,27.0,0.70,88,79,8.3
2025-05-10,30.6,34.5,27.5,1.20,79,64,13.4
2025-05-11,30.2,34.1,26.9,1.80,77,65,13.4
2025-05-12,28.4,34.8,24.5,32.50,94,76,14.3
2025-05-13,28.0,32.8,25.2,3.50,94,80,10.3
2025-05-14,29.0,32.7,26.1,5.00,91,76,10.4
2025-05-15,29.0,32.3,26.9,7.80,86,76,9.6
2025-05-16,30.9,35.0,27.1,0.10,85,63,16.2
2025-05-17,31.5,35.6,27.8,0.70,74,57,10.7
2025-05-18,31.8,36.2,27.8,0.50,73,55,16.6
2025-05-19,32.0,36.5,28.4,0.00,71,57,18.9
2025-05-20,31.7,36.2,27.9,0.30,72,57,17.2
2025-05-21,31.7,35.3,28.4,0.10,72,55,19.0
2025-05-22,31.8,36.0,28.5,1.00,72,57,14.5
2025-05-23,32.1,36.2,28.6,0.40,72,53,12.1
2025-05-24,32.0,36.1,28.2,0.20,70,54,15.4
2025-05-25,31.4,35.0,28.3,1.10,74,59,15.5
2025-05-26,31.6,35.5,28.2,1.80,71,57,11.5
2025-05-27,31.7,36.5,28.0,0.60,76,58,14.4
2025-05-28,30.4,33.2,28.1,0.80,76,63,16.4
2025-05-29,29.9,31.3,29.0,0.10,74,68,16.1
2025-05-30,28.8,31.8,26.6,4.90,88,75,17.3
2025-05-31,27.5,30.4,26.0,9.60,96,86,18.8
2025-06-01,28.6,30.4,27.1,2.30,87,81,20.3
2025-06-02,28.2,31.1,26.5,6.70,91,82,25.4
2025-06-03,28.1,30.8,25.8,11.50,94,84,23.9
2025-06-04,28.0,30.8,26.2,11.60,92,84,21.0
2025-06-05,27.7,31.2,25.5,11.70,94,83,11.3
2025-06-06,27.7,31.4,25.2,16.10,95,85,9.0
2025-06-07,26.9,29.8,24.6,15.20,96,86,8.4
2025-06-08,27.0,28.7,25.2,7.60,93,86,11.8
2025-06-09,27.8,30.2,26.4,10.10,91,83,18.2
2025-06-10,26.9,30.0,25.8,19.60,95,88,17.4
2025-06-11,26.7,27.7,26.0,30.90,95,89,16.0
2025-06-12,27.4,28.4,26.8,7.20,90,86,11.0
2025-06-13,29.0,31.4,26.8,0.80,90,77,11.4
2025-06-14,29.7,33.0,26.5,0.60,91,76,15.2
2025-06-15,28.9,33.5,25.8,1.00,88,74,15.7
2025-06-16,29.2,32.6,26.1,2.70,91,74,10.3
2025-06-17,26.5,29.9,24.2,33.00,97,86,7.9
2025-06-18,26.6,28.5,25.0,5.00,94,87,11.0
2025-06-19,28.7,31.8,25.6,0.60,96,79,14.2
2025-06-20,27.8,31.5,24.9,5.60,94,80,9.8
2025-06-21,27.2,31.6,24.6,3.70,92,82,12.5
2025-06-22,27.2,30.7,25.5,20.10,96,85,7.7
2025-06-23,26.5,28.3,25.4,7.40,94,88,6.3
2025-06-24,27.1,31.0,25.0,21.80,92,84,14.5
2025-06-25,28.2,30.7,25.5,6.50,93,79,9.1
2025-06-26,27.1,30.3,25.4,19.70,94,84,12.4
2025-06-27,26.6,29.0,24.5,14.90,93,86,16.6
2025-06-28,27.5,29.8,25.5,10.40,91,82,12.4
2025-06-29,26.6,28.3,25.1,14.00,94,86,14.7
2025-06-30,26.5,28.8,25.0,14.50,94,87,15.4
2025-07-01,27.3,29.0,26.1,5.40,92,85,10.4
2025-07-02,27.1,29.3,24.9,23.00,91,85,20.1
2025-07-03,26.2,26.7,25.7,17.30,92,88,22.0
2025-07-04,27.5,30.0,26.1,14.00,91,84,19.2
2025-07-05,27.2,29.1,26.4,15.10,88,84,18.5
2025-07-06,27.6,29.0,26.6,8.50,89,82,22.2
2025-07-07,28.4,30.3,26.9,2.30,84,78,20.9
2025-07-08,27.2,29.1,25.9,12.20,90,84,19.3
2025-07-09,27.6,29.5,26.2,7.30,88,81,22.9
2025-07-10,27.5,30.0,25.7,6.60,90,82,27.3
2025-07-11,27.6,29.5,26.0,5.20,92,83,20.8
2025-07-12,27.6,29.8,25.8,4.20,93,83,12.1
2025-07-13,28.8,30.4,27.1,1.90,86,77,16.1
2025-07-14,28.5,31.2,26.9,4.30,88,78,19.8
2025-07-15,27.6,30.1,26.4,19.00,91,83,20.4
2025-07-16,27.3,30.3,25.6,6.10,91,85,18.1
2025-07-17,26.7,28.1,26.0,13.20,94,88,14.3
2025-07-18,26.2,27.0,25.5,36.00,95,90,27.5
2025-07-19,26.2,27.2,25.1,39.20,91,88,32.3
2025-07-20,26.9,28.8,25.4,30.20,91,84,28.4
2025-07-21,26.1,27.0,24.9,58.60,96,89,23.7
2025-07-22,26.3,27.6,25.1,29.90,92,87,26.4
2025-07-23,25.8,27.1,24.8,70.70,95,91,26.7
2025-07-24,26.1,27.4,25.3,41.60,93,89,34.1
2025-07-25,27.1,28.3,26.0,16.60,91,85,30.2
2025-07-26,27.5,28.9,26.7,7.30,87,83,27.4
2025-07-27,27.2,29.1,26.2,12.10,89,84,31.1
2025-07-28,28.0,29.2,26.8,7.20,82,77,34.8
2025-07-29,28.5,29.8,27.5,5.60,79,75,33.8
2025-07-30,28.7,29.9,27.4,2.60,81,73,29.4
2025-07-31,29.1,30.8,28.0,0.80,79,73,25.7
2025-08-01,29.5,31.2,28.2,0.00,78,71,22.2
2025-08-02,29.5,31.9,26.6,0.00,87,69,16.5
2025-08-03,29.8,32.6,26.8,0.00,86,68,11.5
2025-08-04,30.1,33.2,27.5,0.00,81,66,13.3
2025-08-05,28.7,33.2,26.0,8.10,85,73,15.3
2025-08-06,26.9,32.2,24.1,13.40,92,80,11.2
2025-08-07,27.5,30.2,25.0,1.80,87,77,12.1
2025-08-08,28.8,30.8,26.9,1.20,80,70,15.0
2025-08-09,29.3,31.5,27.2,0.20,83,67,14.7
2025-08-10,29.7,32.8,27.2,2.40,81,66,15.3
2025-08-11,28.9,32.6,26.1,8.00,84,71,13.8
2025-08-12,27.7,31.5,25.3,6.20,88,77,11.0
2025-08-13,28.1,31.6,26.0,2.30,88,76,14.7
2025-08-14,26.7,30.8,24.9,9.50,93,83,11.2
2025-08-15,26.2,29.7,24.5,18.50,95,85,11.7
2025-08-16,26.9,28.5,26.0,14.90,93,87,11.8
2025-08-17,27.4,30.5,25.8,7.10,92,84,14.9
2025-08-18,27.8,31.8,24.4,3.40,95,82,13.4
2025-08-19,28.7,32.5,26.3,0.80,91,79,10.1
2025-08-20,28.6,32.3,24.8,17.70,95,76,15.1
2025-08-21,26.5,29.4,24.2,21.30,96,84,8.6
2025-08-22,25.3,27.0,24.2,34.90,94,89,18.3
2025-08-23,26.5,27.6,25.2,4.20,91,85,12.9
2025-08-24,27.1,30.2,24.9,3.60,90,82,8.6
2025-08-25,25.9,29.3,23.9,30.90,94,86,13.0
2025-08-26,25.5,27.1,24.2,22.50,96,90,13.7
2025-08-27,26.9,29.7,25.4,6.80,92,85,13.5
2025-08-28,26.6,30.9,24.4,9.40,95,86,10.2
2025-08-29,26.6,29.3,24.6,15.30,95,87,9.8
2025-08-30,27.1,30.0,25.4,19.30,96,86,14.1
2025-08-31,26.1,28.0,24.0,16.80,96,90,8.4
2025-09-01,25.8,27.5,25.0,19.50,96,90,10.8
2025-09-02,26.9,28.4,26.0,5.30,89,84,17.4
2025-09-03,27.2,28.6,25.6,9.10,92,83,17.1
2025-09-04,27.3,28.9,25.8,5.00,90,83,20.0
2025-09-05,26.1,27.5,25.0,14.00,95,88,18.7
2025-09-06,26.0,28.4,24.5,17.70,93,86,12.8
2025-09-07,27.4,31.2,25.1,3.60,96,84,10.5
2025-09-08,26.8,29.7,23.9,5.10,95,86,7.8
2025-09-09,26.7,29.1,25.1,7.70,94,85,8.5
2025-09-10,25.8,26.5,24.9,11.70,92,89,7.9
2025-09-11,26.9,30.0,25.0,7.20,93,84,10.1
2025-09-12,27.0,29.9,25.0,9.60,92,85,6.2
2025-09-13,26.8,29.5,24.8,15.10,95,87,10.3
2025-09-14,25.9,27.0,25.2,9.60,95,90,12.2
2025-09-15,26.8,29.3,25.6,6.60,93,87,7.2
2025-09-16,25.8,28.2,24.9,28.10,96,91,9.2
2025-09-17,26.2,28.2,24.8,7.60,96,89,11.0
2025-09-18,26.9,30.0,25.4,8.70,96,88,12.2
2025-09-19,26.9,28.8,25.0,10.50,95,87,11.9
2025-09-20,26.6,29.3,24.2,6.40,96,87,12.7
2025-09-21,26.9,29.2,25.5,9.60,90,84,23.8
2025-09-22,25.9,27.2,25.0,29.10,91,88,34.7
2025-09-23,25.8,28.1,24.9,21.90,95,89,27.1
2025-09-24,26.0,28.5,24.1,7.70,94,89,7.3
2025-09-25,26.6,30.3,24.5,14.40,96,86,14.4
2025-09-26,26.8,28.6,25.6,21.10,93,82,32.1
2025-09-27,27.8,30.2,25.0,0.20,93,82,14.1
2025-09-28,27.1,30.2,25.1,2.60,94,86,9.9
2025-09-29,26.5,28.9,24.6,3.10,96,88,9.4
2025-09-30,25.9,29.0,24.3,18.60,98,91,6.9
2025-10-01,27.4,31.0,25.0,4.20,94,85,7.2
2025-10-02,27.3,30.0,25.8,4.90,92,84,14.3
2025-10-03,25.2,26.4,24.3,32.90,96,91,28.4
2025-10-04,26.6,30.3,24.2,1.50,94,86,11.2
2025-10-05,27.1,30.0,25.3,0.40,91,83,11.5
2025-10-06,27.3,29.9,25.5,6.10,87,81,10.1
2025-10-07,27.6,30.7,25.2,5.30,92,79,12.6
2025-10-08,26.7,29.4,24.0,17.40,96,84,8.5
2025-10-09,26.1,28.3,25.0,8.10,96,89,9.4
2025-10-10,25.7,28.0,24.5,11.20,97,91,6.7
2025-10-11,27.1,29.0,25.5,2.70,91,85,10.6
2025-10-12,27.5,30.2,25.4,6.10,96,85,6.5
2025-10-13,26.4,29.2,25.1,8.00,94,88,9.6
2025-10-14,27.0,28.4,25.9,2.30,91,86,6.4
2025-10-15,26.5,28.4,25.1,11.20,95,87,7.6
2025-10-16,28.7,32.5,25.9,0.80,90,74,12.5
2025-10-17,29.8,33.4,27.7,1.30,78,66,10.1
2025-10-18,28.4,31.6,25.2,14.30,93,73,16.7
2025-10-19,26.1,26.9,24.8,18.90,93,89,16.9
2025-10-20,28.6,32.3,26.0,0.10,93,79,14.0
2025-10-21,28.3,30.5,26.2,1.20,92,84,7.1
2025-10-22,28.3,31.1,26.4,1.10,92,82,7.4
2025-10-23,28.5,31.9,25.6,1.20,90,78,10.9
2025-10-24,27.7,31.1,25.5,5.20,92,80,8.1
2025-10-25,28.1,30.6,26.1,5.60,93,82,7.8
2025-10-26,27.4,30.0,25.6,4.30,96,86,6.8
2025-10-27,27.4,30.5,26.0,3.50,92,85,12.1
2025-10-28,27.7,31.5,25.2,11.50,96,83,12.4
2025-10-29,27.2,29.9,24.2,14.30,97,86,8.1
2025-10-30,26.2,28.0,24.8,16.70,94,90,8.4
2025-10-31,28.5,31.2,26.1,0.90,91,82,12.3
2025-11-01,28.5,32.2,26.0,2.60,93,80,11.1
2025-11-02,27.7,31.5,24.2,23.30,93,80,13.0
2025-11-03,26.4,29.5,25.4,3.30,91,84,13.2
2025-11-04,26.6,27.7,25.8,5.50,94,86,14.4
2025-11-05,28.1,30.5,26.2,0.20,83,76,20.4
2025-11-06,28.3,31.2,25.7,1.80,93,80,14.6
2025-11-07,27.4,30.9,24.5,3.10,97,85,8.9
2025-11-08,28.1,31.0,25.4,2.80,89,75,19.4
2025-11-09,26.1,27.0,24.2,80.70,94,88,40.7
2025-11-10,27.2,29.1,25.5,16.70,88,82,36.6
2025-11-11,27.6,29.8,25.0,2.50,95,81,21.6
2025-11-12,27.7,29.7,25.2,0.30,90,82,8.3
2025-11-13,27.3,30.4,24.5,0.00,90,80,11.9
2025-11-14,27.3,29.9,25.4,0.40,94,83,8.6
2025-11-15,27.7,31.2,25.2,0.20,93,80,12.8
2025-11-16,28.3,31.6,25.8,1.30,86,73,13.8
2025-11-17,28.5,32.6,26.1,1.60,84,72,9.1
2025-11-18,28.6,32.2,25.0,2.00,88,71,14.8
2025-11-19,28.4,32.2,26.3,4.30,81,71,11.7
2025-11-20,28.6,31.9,26.7,1.20,80,70,12.1
2025-11-21,28.7,32.2,24.6,2.40,89,69,9.0
2025-11-22,28.7,31.8,26.4,1.00,76,66,14.6
2025-11-23,28.8,31.9,27.0,2.90,76,67,14.8
2025-11-24,28.2,32.0,24.5,14.80,94,72,18.3
2025-11-25,25.8,27.0,24.8,18.00,96,89,14.4
2025-11-26,27.5,30.7,24.8,3.30,94,82,18.2
2025-11-27,26.7,30.4,25.2,17.50,95,88,6.0
2025-11-28,26.9,29.0,25.0,1.90,92,87,7.9
2025-11-29,26.1,29.9,24.5,4.40,95,88,6.8
2025-11-30,26.8,30.1,24.7,0.70,95,86,8.6
2025-12-01,26.5,29.6,24.5,3.90,96,86,10.8
2025-12-02,26.9,29.6,25.2,7.10,93,86,6.0
2025-12-03,27.3,30.0,25.0,5.10,93,82,11.2
2025-12-04,27.1,30.5,24.1,0.10,81,67,15.3
2025-12-05,26.6,30.4,23.3,0.00,77,63,15.7
2025-12-06,27.1,30.6,23.9,0.00,77,63,13.4
2025-12-07,26.3,28.6,24.0,7.90,93,74,16.5
2025-12-08,27.3,30.1,24.8,2.70,91,80,9.0
2025-12-09,25.3,28.5,23.2,19.90,98,89,13.2
2025-12-10,27.4,30.0,25.5,1.50,92,81,9.7
2025-12-11,27.0,30.2,25.4,1.50,90,82,7.5
2025-12-12,27.9,30.6,25.6,0.90,79,70,8.7
2025-12-13,28.1,32.0,25.2,0.70,83,69,12.3
2025-12-14,27.7,31.2,24.8,1.10,78,64,10.9
2025-12-15,26.3,30.1,24.9,9.30,95,82,17.9
2025-12-16,26.7,30.8,24.0,10.40,97,79,13.9
2025-12-17,26.0,28.7,24.5,1.40,94,84,12.0
2025-12-18,26.7,29.9,24.5,0.50,91,79,10.0
2025-12-19,26.9,30.9,24.5,2.60,87,77,9.3
2025-12-20,26.3,30.5,24.5,9.30,87,79,10.8
2025-12-21,26.3,29.6,24.5,1.10,91,83,9.6
2025-12-22,25.7,27.6,24.2,15.00,93,86,8.9
2025-12-23,26.1,29.9,24.2,10.00,94,84,12.3
2025-12-24,26.6,29.5,24.9,3.60,93,84,7.6
2025-12-25,26.0,29.2,23.9,6.40,95,85,6.2
2025-12-26,26.5,29.9,24.0,0.70,92,82,7.4
2025-12-27,26.7,29.9,24.1,0.30,92,81,6.9
2025-12-28,27.1,29.8,23.7,0.10,87,75,9.7
2025-12-29,27.8,30.8,24.5,0.30,87,70,10.4
2025-12-30,27.9,31.4,25.1,0.60,82,69,12.3
2025-12-31,27.6,30.0,25.6,1.10,81,70,9.4
2026-01-01,26.4,30.5,23.9,17.10,95,80,6.9
2026-01-02,24.7,27.6,23.4,13.80,94,85,9.6
2026-01-03,24.7,27.4,22.5,0.00,89,76,17.3
2026-01-04,25.3,28.6,22.9,0.00,87,75,12.4
2026-01-05,25.7,28.9,24.0,2.00,92,80,10.0
2026-01-06,25.5,27.4,23.9,1.70,92,84,12.6
2026-01-07,26.2,29.8,23.5,0.30,88,73,10.8
2026-01-08,26.3,28.4,24.7,1.90,83,74,15.5
2026-01-09,26.0,29.1,23.6,2.10,83,72,19.6
2026-01-10,26.5,30.3,24.0,1.30,86,75,9.1
2026-01-11,26.5,30.5,24.0,9.30,93,72,12.2
2026-01-12,26.5,30.5,23.9,0.00,86,70,18.6
2026-01-13,26.2,28.8,24.2,0.80,94,81,7.2
2026-01-14,25.9,29.8,23.6,1.80,90,80,15.3
2026-01-15,25.9,28.4,23.7,1.40,91,79,9.5
2026-01-16,27.1,31.1,23.8,0.00,84,66,8.7
2026-01-17,26.1,28.6,23.9,0.00,86,74,9.0
2026-01-18,27.1,29.8,25.0,0.20,83,71,13.9
2026-01-19,27.0,29.8,24.0,1.20,83,70,11.2
2026-01-20,26.7,30.2,24.0,1.60,82,68,10.5
2026-01-21,26.1,30.5,22.8,0.90,75,61,13.6
2026-01-22,25.6,30.2,22.6,0.20,72,57,11.4
2026-01-23,25.6,30.0,22.4,0.00,74,56,13.6
2026-01-24,25.5,29.2,22.4,0.10,77,60,11.8
2026-01-25,26.1,30.1,23.0,0.00,79,62,12.3
2026-01-26,26.5,28.5,24.1,2.70,87,73,7.7
2026-01-27,26.0,29.1,23.5,3.50,87,76,7.4
2026-01-28,26.0,29.7,22.6,0.70,81,65,10.1
2026-01-29,26.0,30.4,22.6,0.20,80,62,15.9
2026-01-30,25.7,29.6,22.8,6.70,83,68,13.2
2026-01-31,26.0,30.1,23.5,0.40,75,62,6.7
2026-02-01,26.7,30.8,23.9,0.00,70,58,10.4
2026-02-02,27.2,30.8,23.9,0.00,75,58,9.9
2026-02-03,27.0,31.3,23.4,0.00,75,57,14.2
2026-02-04,26.9,31.3,22.6,0.00,80,60,15.4
2026-02-05,27.1,31.9,23.1,0.00,75,55,14.9
2026-02-06,27.1,31.1,24.5,1.40,80,63,12.7
2026-02-07,26.4,28.9,25.2,5.20,89,78,13.2
2026-02-08,25.0,27.2,23.0,3.60,84,77,13.2
2026-02-09,24.5,27.2,22.4,0.00,89,74,11.5
2026-02-10,25.9,30.2,23.2,0.00,87,70,14.3
2026-02-11,26.9,30.0,25.0,0.30,79,70,7.1
2026-02-12,27.0,30.9,24.5,1.30,80,66,13.0
2026-02-13,27.9,32.2,25.0,0.70,83,65,15.0
2026-02-14,25.2,28.9,23.7,28.50,96,90,9.4
2026-02-15,26.6,30.1,24.5,0.30,96,85,5.4
2026-02-16,27.1,30.9,24.6,0.70,91,81,9.3
2026-02-17,27.1,30.9,24.2,1.20,88,75,13.2
2026-02-18,27.1,32.1,24.0,0.00,76,62,17.5
2026-02-19,27.5,32.8,24.5,0.00,73,59,20.7
2026-02-20,27.2,30.5,24.4,0.80,76,63,10.7
2026-02-21,27.2,31.0,24.1,0.00,77,62,16.8
2026-02-22,27.5,31.5,24.6,0.00,75,62,11.4
2026-02-23,28.6,33.5,25.6,0.00,77,57,11.9
2026-02-24,28.3,32.0,25.8,2.20,76,66,10.1
2026-02-25,28.3,32.9,25.2,0.00,74,62,11.7
2026-02-26,27.5,32.2,24.0,0.00,81,66,20.5
2026-02-27,27.8,32.9,24.5,0.00,81,66,13.1
2026-02-28,28.1,33.0,24.7,0.00,74,60,14.4
2026-03-01,28.7,32.1,26.0,0.90,78,64,12.7
2026-03-02,28.2,31.6,25.1,1.00,83,71,13.6
2026-03-03,28.3,33.4,23.6,0.00,81,63,19.0
2026-03-04,28.4,33.1,25.2,0.00,72,61,16.3
2026-03-05,28.5,32.0,25.5,0.50,79,63,13.9
2026-03-06,28.5,31.5,25.8,0.70,77,63,12.4
2026-03-07,28.5,32.5,25.6,0.40,74,60,12.5
2026-03-08,27.7,31.9,24.8,3.00,75,64,17.7
2026-03-09,27.9,32.2,25.1,0.00,63,55,16.3
2026-03-10,27.1,32.0,23.8,0.00,70,55,13.3
2026-03-11,26.8,30.9,23.8,1.00,70,58,15.1
2026-03-12,26.9,30.6,23.7,1.80,78,61,12.4
2026-03-13,25.4,29.9,22.1,0.60,63,55,17.5
2026-03-14,25.0,29.1,21.4,0.00,68,50,20.3
2026-03-15,25.2,29.6,22.2,0.00,67,53,16.3
2026-03-16,26.1,30.4,23.1,0.00,74,57,16.4
2026-03-17,26.6,29.9,23.9,2.20,81,66,13.0
2026-03-18,27.2,30.5,24.5,3.60,78,64,10.5
2026-03-19,27.4,31.9,23.7,1.40,79,60,13.1
2026-03-20,27.3,31.5,24.3,0.00,72,58,12.1
2026-03-21,27.5,32.2,23.9,0.10,77,58,13.3
2026-03-22,27.4,32.0,24.0,0.90,72,58,16.4
2026-03-23,27.3,32.7,23.1,0.00,71,57,14.0
2026-03-24,27.9,32.3,25.0,0.00,72,56,19.9
2026-03-25,28.5,31.3,26.2,0.60,75,63,14.5
2026-03-26,28.1,32.3,24.8,1.40,81,68,20.0
2026-03-27,28.0,32.2,24.8,0.00,81,67,18.3
2026-03-28,28.7,32.5,25.0,0.30,81,64,10.4
2026-03-29,28.6,32.5,25.3,1.10,75,63,14.0
2026-03-30,29.0,33.4,25.6,0.00,77,61,15.9
2026-03-31,28.9,33.4,24.9,0.40,76,58,19.4
2026-04-01,28.6,32.7,24.2,0.00,82,60,18.2
2026-04-02,28.8,34.3,24.4,0.00,73,53,16.5
2026-04-03,28.9,33.5,24.9,0.00,74,53,18.2
2026-04-04,29.4,33.2,26.5,0.00,74,56,14.7
2026-04-05,30.0,35.0,25.8,0.00,74,54,13.4
2026-04-06,30.2,35.4,25.9,0.00,79,56,15.2
2026-04-07,30.2,34.6,27.0,0.10,75,58,14.7
2026-04-08,29.7,34.7,24.5,0.00,71,54,12.3
2026-04-09,29.6,33.4,26.8,0.60,76,61,17.4
2026-04-10,30.0,33.5,27.0,0.10,78,62,15.5
2026-04-11,29.7,33.8,26.1,0.10,78,63,15.8
2026-04-12,29.5,33.9,26.0,0.00,73,57,14.1
2026-04-13,30.1,34.2,26.9,0.00,71,55,13.9
2026-04-14,29.3,33.5,25.4,0.00,75,59,18.6
2026-04-15,29.6,33.8,25.2,0.00,72,53,13.9
2026-04-16,30.0,34.3,27.2,0.20,69,56,16.1
2026-04-17,30.0,33.8,26.6,0.30,73,58,12.4
2026-04-18,30.2,34.2,26.8,0.30,73,58,14.5
2026-04-19,29.6,33.3,26.6,2.50,72,58,12.0
2026-04-20,30.0,34.0,26.2,0.30,73,56,17.5
2026-04-21,30.1,34.8,26.1,0.00,71,55,18.7
2026-04-22,30.2,34.7,26.0,0.00,77,54,18.6
2026-04-23,30.4,34.2,26.9,0.00,74,56,18.7
2026-04-24,30.6,34.8,27.0,0.00,75,56,17.7
2026-04-25,30.9,35.4,27.5,0.70,73,56,18.4
2026-04-26,31.0,35.4,27.9,0.30,69,57,14.0
2026-04-27,30.9,35.5,27.8,0.50,71,57,16.7
2026-04-28,30.6,34.6,26.3,1.90,82,59,17.2
2026-04-29,31.0,34.9,26.8,0.30,66,52,11.8
2026-04-30,30.8,34.5,27.3,0.00,76,56,14.3
2026-05-01,31.3,35.9,28.0,0.00,65,54,14.7
2026-05-02,31.0,35.6,27.5,0.40,69,55,18.8
2026-05-03,30.9,35.0,27.0,0.00,70,57,15.9
2026-05-04,31.3,36.1,27.4,0.00,69,51,12.8
2026-05-05,31.1,35.0,28.0,1.00,72,56,12.7
2026-05-06,31.1,35.3,26.6,0.00,72,55,18.2
2026-05-07,31.7,36.5,28.5,0.10,72,56,16.9
2026-05-08,31.8,36.2,28.3,0.10,71,55,15.2
2026-05-09,31.6,36.2,28.0,0.90,72,55,13.8
2026-05-10,31.4,36.1,28.3,0.00,74,57,16.4
2026-05-11,31.4,35.7,28.5,0.10,74,61,16.3
2026-05-12,31.3,35.5,28.5,0.40,80,63,18.5
2026-05-13,31.5,34.2,29.5,0.10,72,62,15.0
2026-05-14,31.9,34.4,29.1,3.20,71,59,18.8
2026-05-15,30.3,35.8,24.8,12.80,91,68,14.5
2026-05-16,28.5,32.7,25.5,8.80,94,77,10.8
2026-05-17,30.6,35.7,27.6,4.00,78,64,11.1
2026-05-18,29.7,34.2,26.4,7.50,87,70,11.6
2026-05-19,29.5,31.5,27.6,5.50,85,73,9.0
2026-05-20,31.4,34.9,28.9,1.40,70,60,12.8
2026-05-21,32.3,35.6,29.2,1.20,72,58,13.0
2026-05-22,32.7,36.5,29.0,0.90,70,56,8.8
2026-05-23,32.2,36.5,28.0,2.10,76,57,7.4
2026-05-24,32.2,36.3,28.2,4.80,77,58,11.4
2026-05-25,31.3,36.0,27.0,3.00,84,64,14.5
2026-05-26,31.5,34.3,28.9,1.50,80,64,15.3
2026-05-27,31.9,34.7,28.7,0.80,77,61,13.8
2026-05-28,31.1,35.2,27.8,3.00,85,68,14.5
2026-05-29,30.5,33.7,27.6,3.60,83,71,18.0
2026-05-30,29.1,33.2,24.4,4.10,99,77,20.4
2026-05-31,29.2,31.9,26.5,6.20,88,76,22.2
